product_id,category,subcategory,week,price,base_price,price_change_pct,promotion,competitor_price_index,seasonality_index,quantity_sold,unit_cost
P0001,fmcg,bevande,0,13.07,12.06,0.0834,0,1.021,1.0,2111.0,8.7
P0001,fmcg,bevande,1,12.4,12.06,0.0286,0,1.0313,1.0096,2573.5,8.7
P0001,fmcg,bevande,2,11.88,12.06,-0.0152,0,0.976,1.0191,2620.6,8.7
P0001,fmcg,bevande,3,11.04,12.06,-0.0847,1,0.9788,1.0284,3476.2,8.7
P0001,fmcg,bevande,4,12.46,12.06,0.0333,0,0.8874,1.0372,2046.3,8.7
P0001,fmcg,bevande,5,10.55,12.06,-0.1254,1,0.9518,1.0454,3260.2,8.7
P0001,fmcg,bevande,6,12.53,12.06,0.039,0,0.9877,1.053,2011.2,8.7
P0001,fmcg,bevande,7,12.5,12.06,0.0367,0,0.9512,1.0599,2060.1,8.7
P0001,fmcg,bevande,8,11.97,12.06,-0.0078,0,1.0324,1.0658,2460.9,8.7
P0001,fmcg,bevande,9,11.29,12.06,-0.0637,1,0.9994,1.0708,3287.4,8.7
P0001,fmcg,bevande,10,11.4,12.06,-0.0547,0,1.0343,1.0748,2559.3,8.7
P0001,fmcg,bevande,11,12.02,12.06,-0.0034,0,1.0564,1.0777,1883.3,8.7
P0001,fmcg,bevande,12,11.67,12.06,-0.0323,0,1.0731,1.0794,2679.3,8.7
P0001,fmcg,bevande,13,11.58,12.06,-0.0399,0,0.944,1.08,2766.4,8.7
P0001,fmcg,bevande,14,12.29,12.06,0.0192,0,0.9906,1.0794,2481.2,8.7
P0001,fmcg,bevande,15,10.48,12.06,-0.1312,1,1.0404,1.0777,3118.4,8.7
P0001,fmcg,bevande,16,12.48,12.06,0.0351,0,1.0594,1.0748,2066.6,8.7
P0001,fmcg,bevande,17,12.1,12.06,0.0035,0,1.0465,1.0708,3022.2,8.7
P0001,fmcg,bevande,18,11.9,12.06,-0.013,0,0.9553,1.0658,2487.6,8.7
P0001,fmcg,bevande,19,11.63,12.06,-0.0355,0,1.1024,1.0599,3166.2,8.7
P0001,fmcg,bevande,20,11.67,12.06,-0.0322,0,1.0428,1.053,2728.0,8.7
P0001,fmcg,bevande,21,12.59,12.06,0.0437,0,1.0318,1.0454,2452.7,8.7
P0001,fmcg,bevande,22,10.29,12.06,-0.147,1,0.9108,1.0372,3783.0,8.7
P0001,fmcg,bevande,23,11.52,12.06,-0.0448,0,1.0841,1.0284,3095.0,8.7
P0001,fmcg,bevande,24,12.17,12.06,0.0089,0,1.0675,1.0191,2303.1,8.7
P0001,fmcg,bevande,25,11.09,12.06,-0.0807,1,1.0198,1.0096,3289.3,8.7
P0001,fmcg,bevande,26,12.04,12.06,-0.0018,0,0.996,1.0,2844.2,8.7
P0001,fmcg,bevande,27,12.06,12.06,0.0004,0,1.0124,0.9904,2275.0,8.7
P0001,fmcg,bevande,28,11.6,12.06,-0.0379,0,0.9924,0.9809,2170.3,8.7
P0001,fmcg,bevande,29,12.28,12.06,0.0179,0,1.0196,0.9716,1746.6,8.7
P0001,fmcg,bevande,30,10.97,12.06,-0.0904,1,1.053,0.9628,3577.7,8.7
P0001,fmcg,bevande,31,11.7,12.06,-0.0296,0,0.9458,0.9546,2377.2,8.7
P0001,fmcg,bevande,32,12.6,12.06,0.0451,0,1.055,0.947,1997.2,8.7
P0001,fmcg,bevande,33,11.93,12.06,-0.0112,0,1.0109,0.9401,2132.8,8.7
P0001,fmcg,bevande,34,12.17,12.06,0.0089,0,0.9748,0.9342,1955.2,8.7
P0001,fmcg,bevande,35,11.89,12.06,-0.0141,0,1.0122,0.9292,2241.4,8.7
P0001,fmcg,bevande,36,11.86,12.06,-0.0168,0,1.0719,0.9252,1886.5,8.7
P0001,fmcg,bevande,37,11.27,12.06,-0.0652,0,1.0015,0.9223,2337.1,8.7
P0001,fmcg,bevande,38,12.57,12.06,0.0425,0,0.8664,0.9206,2076.1,8.7
P0001,fmcg,bevande,39,11.58,12.06,-0.0395,0,0.981,0.92,2039.0,8.7
P0001,fmcg,bevande,40,11.92,12.06,-0.0114,0,1.0714,0.9206,2668.6,8.7
P0001,fmcg,bevande,41,11.43,12.06,-0.0521,1,1.0018,0.9223,3519.6,8.7
P0001,fmcg,bevande,42,12.12,12.06,0.0046,0,1.0183,0.9252,3076.9,8.7
P0001,fmcg,bevande,43,11.76,12.06,-0.0248,0,1.0484,0.9292,2110.5,8.7
P0001,fmcg,bevande,44,12.44,12.06,0.0318,0,1.0016,0.9342,2109.0,8.7
P0001,fmcg,bevande,45,10.45,12.06,-0.1337,1,1.0212,0.9401,2630.1,8.7
P0001,fmcg,bevande,46,11.65,12.06,-0.0344,0,0.9279,0.947,2263.4,8.7
P0001,fmcg,bevande,47,11.77,12.06,-0.0243,0,1.0416,0.9546,1926.1,8.7
P0001,fmcg,bevande,48,11.81,12.06,-0.0205,0,0.9977,0.9628,2346.5,8.7
P0001,fmcg,bevande,49,12.37,12.06,0.0253,0,1.0032,0.9716,1706.2,8.7
P0001,fmcg,bevande,50,10.56,12.06,-0.1248,1,0.989,0.9809,3368.1,8.7
P0001,fmcg,bevande,51,12.16,12.06,0.0079,0,1.0474,0.9904,1958.8,8.7
P0001,fmcg,bevande,52,11.6,12.06,-0.0383,0,1.0144,1.0,2811.5,8.7
P0001,fmcg,bevande,53,11.0,12.06,-0.0876,0,0.9148,1.0096,2390.2,8.7
P0001,fmcg,bevande,54,11.89,12.06,-0.0143,0,1.0019,1.0191,2292.6,8.7
P0001,fmcg,bevande,55,11.77,12.06,-0.0237,0,0.9569,1.0284,2579.5,8.7
P0001,fmcg,bevande,56,12.22,12.06,0.0136,0,1.0051,1.0372,2283.7,8.7
P0001,fmcg,bevande,57,11.8,12.06,-0.0218,0,1.103,1.0454,2403.0,8.7
P0001,fmcg,bevande,58,10.57,12.06,-0.1235,1,0.9462,1.053,3338.6,8.7
P0001,fmcg,bevande,59,12.29,12.06,0.0194,0,0.9689,1.0599,2651.8,8.7
P0001,fmcg,bevande,60,12.67,12.06,0.0503,0,1.0265,1.0658,2670.2,8.7
P0001,fmcg,bevande,61,11.93,12.06,-0.0111,0,0.9566,1.0708,2524.7,8.7
P0001,fmcg,bevande,62,11.99,12.06,-0.0058,0,1.0941,1.0748,2428.5,8.7
P0001,fmcg,bevande,63,11.96,12.06,-0.0081,0,1.0038,1.0777,2495.5,8.7
P0001,fmcg,bevande,64,12.55,12.06,0.0408,0,1.0824,1.0794,2415.0,8.7
P0001,fmcg,bevande,65,11.57,12.06,-0.0403,0,0.9956,1.08,2936.5,8.7
P0001,fmcg,bevande,66,11.36,12.06,-0.0583,1,1.0443,1.0794,3574.3,8.7
P0001,fmcg,bevande,67,12.18,12.06,0.0101,0,0.9822,1.0777,2527.5,8.7
P0001,fmcg,bevande,68,12.22,12.06,0.0134,0,0.8176,1.0748,1959.5,8.7
P0001,fmcg,bevande,69,12.26,12.06,0.0167,0,0.9419,1.0708,2193.6,8.7
P0001,fmcg,bevande,70,11.86,12.06,-0.0169,0,1.1121,1.0658,2498.3,8.7
P0001,fmcg,bevande,71,12.74,12.06,0.0566,0,1.0066,1.0599,1981.5,8.7
P0001,fmcg,bevande,72,12.04,12.06,-0.0012,0,0.9318,1.053,2339.1,8.7
P0001,fmcg,bevande,73,10.8,12.06,-0.1042,1,1.0017,1.0454,3395.4,8.7
P0001,fmcg,bevande,74,12.15,12.06,0.0078,0,1.0308,1.0372,2079.3,8.7
P0001,fmcg,bevande,75,12.53,12.06,0.0387,0,0.9794,1.0284,1875.9,8.7
P0001,fmcg,bevande,76,12.26,12.06,0.0162,0,0.9235,1.0191,2339.1,8.7
P0001,fmcg,bevande,77,12.22,12.06,0.0131,0,1.0316,1.0096,1913.4,8.7
P0001,fmcg,bevande,78,11.93,12.06,-0.0106,0,0.9759,1.0,2578.1,8.7
P0001,fmcg,bevande,79,12.82,12.06,0.0628,0,1.0657,0.9904,2043.1,8.7
P0001,fmcg,bevande,80,12.38,12.06,0.0268,0,1.0061,0.9809,2191.0,8.7
P0001,fmcg,bevande,81,12.03,12.06,-0.0021,0,0.9635,0.9716,2120.1,8.7
P0001,fmcg,bevande,82,12.06,12.06,0.0001,0,1.017,0.9628,2385.2,8.7
P0001,fmcg,bevande,83,12.38,12.06,0.0265,0,1.0189,0.9546,1810.9,8.7
P0001,fmcg,bevande,84,11.85,12.06,-0.0175,0,0.9172,0.947,1960.2,8.7
P0001,fmcg,bevande,85,12.08,12.06,0.0018,0,0.9863,0.9401,2058.7,8.7
P0001,fmcg,bevande,86,12.2,12.06,0.0119,0,1.0158,0.9342,2204.7,8.7
P0001,fmcg,bevande,87,11.17,12.06,-0.0738,0,0.9818,0.9292,1830.5,8.7
P0001,fmcg,bevande,88,12.06,12.06,-0.0002,0,1.0523,0.9252,2439.9,8.7
P0001,fmcg,bevande,89,11.85,12.06,-0.0175,0,1.0243,0.9223,2031.4,8.7
P0001,fmcg,bevande,90,12.48,12.06,0.0345,0,0.9721,0.9206,2205.5,8.7
P0001,fmcg,bevande,91,11.66,12.06,-0.0334,0,1.0487,0.92,2404.6,8.7
P0001,fmcg,bevande,92,11.74,12.06,-0.0267,0,0.957,0.9206,2053.3,8.7
P0001,fmcg,bevande,93,11.66,12.06,-0.0334,0,1.0219,0.9223,1910.0,8.7
P0001,fmcg,bevande,94,12.11,12.06,0.0038,0,1.1223,0.9252,1783.0,8.7
P0001,fmcg,bevande,95,12.12,12.06,0.0052,0,1.0206,0.9292,2138.2,8.7
P0001,fmcg,bevande,96,12.0,12.06,-0.0054,0,1.0727,0.9342,2038.0,8.7
P0001,fmcg,bevande,97,11.79,12.06,-0.0226,0,0.997,0.9401,1954.4,8.7
P0001,fmcg,bevande,98,12.67,12.06,0.0506,0,0.9961,0.947,1966.4,8.7
P0001,fmcg,bevande,99,10.72,12.06,-0.111,1,0.9204,0.9546,2906.9,8.7
P0001,fmcg,bevande,100,12.62,12.06,0.0462,0,1.1405,0.9628,1919.9,8.7
P0001,fmcg,bevande,101,12.16,12.06,0.0085,0,0.9924,0.9716,2310.7,8.7
P0001,fmcg,bevande,102,12.11,12.06,0.0039,0,0.9796,0.9809,1885.4,8.7
P0001,fmcg,bevande,103,12.34,12.06,0.0229,0,0.9862,0.9904,2039.0,8.7
P0002,fmcg,bevande,0,3.77,3.67,0.0278,0,1.009,1.0,2068.9,2.29
P0002,fmcg,bevande,1,3.66,3.67,-0.0023,0,1.079,1.0096,2509.8,2.29
P0002,fmcg,bevande,2,3.83,3.67,0.0435,0,1.0565,1.0191,2399.6,2.29
P0002,fmcg,bevande,3,3.37,3.67,-0.0828,1,0.9451,1.0284,3724.4,2.29
P0002,fmcg,bevande,4,3.57,3.67,-0.0278,0,1.0652,1.0372,2795.7,2.29
P0002,fmcg,bevande,5,3.64,3.67,-0.0095,0,0.9424,1.0454,2405.7,2.29
P0002,fmcg,bevande,6,3.44,3.67,-0.0621,1,1.0567,1.053,3245.0,2.29
P0002,fmcg,bevande,7,3.54,3.67,-0.0346,0,1.0225,1.0599,2611.7,2.29
P0002,fmcg,bevande,8,3.64,3.67,-0.0083,0,0.9908,1.0658,2439.2,2.29
P0002,fmcg,bevande,9,3.66,3.67,-0.0034,0,0.9878,1.0708,1953.6,2.29
P0002,fmcg,bevande,10,3.64,3.67,-0.0092,0,0.9657,1.0748,3003.4,2.29
P0002,fmcg,bevande,11,3.84,3.67,0.0451,0,1.0031,1.0777,2362.1,2.29
P0002,fmcg,bevande,12,3.67,3.67,0.0001,0,1.0859,1.0794,1907.0,2.29
P0002,fmcg,bevande,13,3.6,3.67,-0.019,0,1.0007,1.08,2820.1,2.29
P0002,fmcg,bevande,14,3.18,3.67,-0.1324,1,1.051,1.0794,4427.4,2.29
P0002,fmcg,bevande,15,3.79,3.67,0.0337,0,1.0136,1.0777,2235.5,2.29
P0002,fmcg,bevande,16,3.68,3.67,0.0039,0,1.0001,1.0748,2976.2,2.29
P0002,fmcg,bevande,17,3.49,3.67,-0.0496,0,0.9406,1.0708,2586.4,2.29
P0002,fmcg,bevande,18,3.48,3.67,-0.0528,0,0.9507,1.0658,2437.4,2.29
P0002,fmcg,bevande,19,3.9,3.67,0.0631,0,0.9794,1.0599,2157.1,2.29
P0002,fmcg,bevande,20,3.42,3.67,-0.0668,0,0.9942,1.053,2423.5,2.29
P0002,fmcg,bevande,21,3.46,3.67,-0.056,0,0.9619,1.0454,2712.9,2.29
P0002,fmcg,bevande,22,3.72,3.67,0.0146,0,0.934,1.0372,2623.7,2.29
P0002,fmcg,bevande,23,3.75,3.67,0.0222,0,0.9995,1.0284,1968.0,2.29
P0002,fmcg,bevande,24,3.72,3.67,0.0128,0,1.0306,1.0191,2294.0,2.29
P0002,fmcg,bevande,25,3.8,3.67,0.0353,0,0.9872,1.0096,2445.7,2.29
P0002,fmcg,bevande,26,3.92,3.67,0.0686,0,0.9386,1.0,1887.2,2.29
P0002,fmcg,bevande,27,3.53,3.67,-0.037,0,0.9339,0.9904,2310.1,2.29
P0002,fmcg,bevande,28,3.66,3.67,-0.0036,0,0.9675,0.9809,2123.2,2.29
P0002,fmcg,bevande,29,3.56,3.67,-0.0308,0,1.1141,0.9716,2465.4,2.29
P0002,fmcg,bevande,30,3.61,3.67,-0.0171,0,0.9907,0.9628,2118.1,2.29
P0002,fmcg,bevande,31,3.16,3.67,-0.1393,1,0.9095,0.9546,2673.7,2.29
P0002,fmcg,bevande,32,3.43,3.67,-0.0648,1,0.9978,0.947,3573.3,2.29
P0002,fmcg,bevande,33,3.77,3.67,0.0274,0,0.955,0.9401,2242.3,2.29
P0002,fmcg,bevande,34,3.6,3.67,-0.0202,0,1.028,0.9342,2407.7,2.29
P0002,fmcg,bevande,35,3.53,3.67,-0.0393,0,0.9408,0.9292,2329.9,2.29
P0002,fmcg,bevande,36,3.57,3.67,-0.0277,0,1.0013,0.9252,2414.2,2.29
P0002,fmcg,bevande,37,3.87,3.67,0.0543,0,1.0638,0.9223,1760.9,2.29
P0002,fmcg,bevande,38,3.6,3.67,-0.0186,0,1.0522,0.9206,2229.4,2.29
P0002,fmcg,bevande,39,3.44,3.67,-0.0633,0,0.9914,0.92,1968.0,2.29
P0002,fmcg,bevande,40,3.86,3.67,0.0531,0,0.9602,0.9206,2058.8,2.29
P0002,fmcg,bevande,41,3.59,3.67,-0.022,0,1.0387,0.9223,2217.0,2.29
P0002,fmcg,bevande,42,3.18,3.67,-0.1334,1,1.05,0.9252,3399.1,2.29
P0002,fmcg,bevande,43,3.61,3.67,-0.0157,0,0.9975,0.9292,2191.2,2.29
P0002,fmcg,bevande,44,3.76,3.67,0.0232,0,1.0325,0.9342,2261.0,2.29
P0002,fmcg,bevande,45,3.47,3.67,-0.0554,1,0.9813,0.9401,3129.9,2.29
P0002,fmcg,bevande,46,3.67,3.67,0.0008,0,0.97,0.947,2681.3,2.29
P0002,fmcg,bevande,47,3.64,3.67,-0.0076,0,1.0597,0.9546,1737.4,2.29
P0002,fmcg,bevande,48,3.77,3.67,0.0279,0,1.003,0.9628,2220.8,2.29
P0002,fmcg,bevande,49,3.67,3.67,-0.0008,0,1.1002,0.9716,2506.9,2.29
P0002,fmcg,bevande,50,3.61,3.67,-0.0154,0,0.9803,0.9809,1815.7,2.29
P0002,fmcg,bevande,51,3.78,3.67,0.0296,0,0.9212,0.9904,2042.2,2.29
P0002,fmcg,bevande,52,3.55,3.67,-0.0338,0,1.0027,1.0,1915.7,2.29
P0002,fmcg,bevande,53,3.77,3.67,0.0264,0,0.9874,1.0096,1681.7,2.29
P0002,fmcg,bevande,54,3.83,3.67,0.0432,0,0.8611,1.0191,2139.1,2.29
P0002,fmcg,bevande,55,3.41,3.67,-0.0705,1,0.9662,1.0284,3521.9,2.29
P0002,fmcg,bevande,56,3.91,3.67,0.0643,0,0.9899,1.0372,2302.8,2.29
P0002,fmcg,bevande,57,3.82,3.67,0.0417,0,0.962,1.0454,2143.5,2.29
P0002,fmcg,bevande,58,3.47,3.67,-0.0547,0,1.0114,1.053,3008.4,2.29
P0002,fmcg,bevande,59,3.47,3.67,-0.0556,0,0.9938,1.0599,2951.5,2.29
P0002,fmcg,bevande,60,3.53,3.67,-0.0376,0,1.0438,1.0658,2724.9,2.29
P0002,fmcg,bevande,61,3.91,3.67,0.0651,0,1.0234,1.0708,2456.4,2.29
P0002,fmcg,bevande,62,3.64,3.67,-0.0075,0,0.9601,1.0748,2671.4,2.29
P0002,fmcg,bevande,63,3.32,3.67,-0.0965,1,0.9484,1.0777,4844.9,2.29
P0002,fmcg,bevande,64,3.38,3.67,-0.0794,1,1.0458,1.0794,3527.5,2.29
P0002,fmcg,bevande,65,3.46,3.67,-0.0564,1,0.9354,1.08,3592.4,2.29
P0002,fmcg,bevande,66,3.73,3.67,0.0163,0,0.9812,1.0794,2312.9,2.29
P0002,fmcg,bevande,67,3.64,3.67,-0.0089,0,0.9811,1.0777,2846.5,2.29
P0002,fmcg,bevande,68,3.78,3.67,0.0302,0,0.981,1.0748,2508.3,2.29
P0002,fmcg,bevande,69,3.84,3.67,0.0465,0,1.0623,1.0708,2616.4,2.29
P0002,fmcg,bevande,70,3.78,3.67,0.029,0,1.0202,1.0658,1964.2,2.29
P0002,fmcg,bevande,71,3.41,3.67,-0.0704,1,1.0278,1.0599,3531.8,2.29
P0002,fmcg,bevande,72,3.86,3.67,0.0516,0,1.0613,1.053,1613.6,2.29
P0002,fmcg,bevande,73,3.65,3.67,-0.0058,0,0.9124,1.0454,2489.9,2.29
P0002,fmcg,bevande,74,3.15,3.67,-0.1423,1,1.0168,1.0372,3427.7,2.29
P0002,fmcg,bevande,75,3.86,3.67,0.0517,0,0.9729,1.0284,2349.2,2.29
P0002,fmcg,bevande,76,3.91,3.67,0.0652,0,1.0301,1.0191,2113.3,2.29
P0002,fmcg,bevande,77,3.49,3.67,-0.0493,0,1.0591,1.0096,2449.1,2.29
P0002,fmcg,bevande,78,3.61,3.67,-0.0172,0,0.971,1.0,2605.3,2.29
P0002,fmcg,bevande,79,3.75,3.67,0.0228,0,0.9996,0.9904,2375.2,2.29
P0002,fmcg,bevande,80,3.96,3.67,0.078,0,0.9216,0.9809,2374.6,2.29
P0002,fmcg,bevande,81,3.56,3.67,-0.0298,0,1.1115,0.9716,2676.8,2.29
P0002,fmcg,bevande,82,3.67,3.67,0.001,0,0.9891,0.9628,2188.4,2.29
P0002,fmcg,bevande,83,3.85,3.67,0.049,0,1.0091,0.9546,1856.4,2.29
P0002,fmcg,bevande,84,3.79,3.67,0.0322,0,1.0327,0.947,2302.8,2.29
P0002,fmcg,bevande,85,3.55,3.67,-0.0325,0,0.9566,0.9401,1896.8,2.29
P0002,fmcg,bevande,86,3.66,3.67,-0.0029,0,0.978,0.9342,1536.3,2.29
P0002,fmcg,bevande,87,3.81,3.67,0.0392,0,0.9668,0.9292,2135.4,2.29
P0002,fmcg,bevande,88,3.85,3.67,0.0504,0,0.9928,0.9252,2074.4,2.29
P0002,fmcg,bevande,89,3.86,3.67,0.0531,0,0.9847,0.9223,1852.6,2.29
P0002,fmcg,bevande,90,3.42,3.67,-0.0678,1,0.9947,0.9206,2851.6,2.29
P0002,fmcg,bevande,91,3.66,3.67,-0.004,0,1.115,0.92,2184.3,2.29
P0002,fmcg,bevande,92,3.72,3.67,0.0125,0,1.0481,0.9206,1932.8,2.29
P0002,fmcg,bevande,93,3.73,3.67,0.0161,0,1.0494,0.9223,2111.2,2.29
P0002,fmcg,bevande,94,3.5,3.67,-0.0476,0,0.9286,0.9252,1882.0,2.29
P0002,fmcg,bevande,95,3.19,3.67,-0.1301,1,0.9993,0.9292,2557.8,2.29
P0002,fmcg,bevande,96,3.65,3.67,-0.0057,0,1.1048,0.9342,1846.8,2.29
P0002,fmcg,bevande,97,3.89,3.67,0.0597,0,1.0225,0.9401,2148.8,2.29
P0002,fmcg,bevande,98,3.71,3.67,0.0115,0,1.0389,0.947,1970.9,2.29
P0002,fmcg,bevande,99,3.49,3.67,-0.0481,0,1.0164,0.9546,2454.3,2.29
P0002,fmcg,bevande,100,3.67,3.67,-0.0008,0,0.9689,0.9628,1978.6,2.29
P0002,fmcg,bevande,101,3.3,3.67,-0.1019,1,1.0161,0.9716,2910.2,2.29
P0002,fmcg,bevande,102,3.52,3.67,-0.0414,0,0.9717,0.9809,2265.8,2.29
P0002,fmcg,bevande,103,3.71,3.67,0.0116,0,0.9894,0.9904,2411.5,2.29
P0003,fmcg,alimentare_confezionato,0,4.94,4.95,-0.0015,0,1.0999,1.0,2817.9,2.79
P0003,fmcg,alimentare_confezionato,1,4.42,4.95,-0.1061,1,1.0448,1.0096,3249.2,2.79
P0003,fmcg,alimentare_confezionato,2,4.99,4.95,0.0074,0,0.9643,1.0191,3265.2,2.79
P0003,fmcg,alimentare_confezionato,3,4.61,4.95,-0.0677,0,0.9366,1.0284,2271.8,2.79
P0003,fmcg,alimentare_confezionato,4,4.92,4.95,-0.0066,0,0.9788,1.0372,3299.3,2.79
P0003,fmcg,alimentare_confezionato,5,4.22,4.95,-0.1484,1,0.8933,1.0454,4950.1,2.79
P0003,fmcg,alimentare_confezionato,6,5.0,4.95,0.0108,0,1.0491,1.053,2493.5,2.79
P0003,fmcg,alimentare_confezionato,7,4.32,4.95,-0.1275,1,1.0375,1.0599,3670.4,2.79
P0003,fmcg,alimentare_confezionato,8,5.21,4.95,0.0531,0,0.987,1.0658,3019.9,2.79
P0003,fmcg,alimentare_confezionato,9,4.93,4.95,-0.0037,0,1.0682,1.0708,2896.2,2.79
P0003,fmcg,alimentare_confezionato,10,4.81,4.95,-0.0281,0,1.0276,1.0748,3254.5,2.79
P0003,fmcg,alimentare_confezionato,11,4.82,4.95,-0.0254,0,0.9709,1.0777,2965.8,2.79
P0003,fmcg,alimentare_confezionato,12,4.84,4.95,-0.022,0,0.9636,1.0794,3387.5,2.79
P0003,fmcg,alimentare_confezionato,13,4.92,4.95,-0.0051,0,0.9804,1.08,3062.6,2.79
P0003,fmcg,alimentare_confezionato,14,4.75,4.95,-0.0401,0,0.953,1.0794,2942.6,2.79
P0003,fmcg,alimentare_confezionato,15,4.98,4.95,0.0057,0,1.0365,1.0777,2444.4,2.79
P0003,fmcg,alimentare_confezionato,16,4.91,4.95,-0.0077,0,1.0171,1.0748,3004.1,2.79
P0003,fmcg,alimentare_confezionato,17,4.73,4.95,-0.0442,0,1.0015,1.0708,3586.7,2.79
P0003,fmcg,alimentare_confezionato,18,5.01,4.95,0.0121,0,1.0595,1.0658,2844.3,2.79
P0003,fmcg,alimentare_confezionato,19,4.83,4.95,-0.0246,0,0.994,1.0599,2506.1,2.79
P0003,fmcg,alimentare_confezionato,20,5.11,4.95,0.033,0,0.9508,1.053,2628.5,2.79
P0003,fmcg,alimentare_confezionato,21,4.71,4.95,-0.0493,0,0.9913,1.0454,2858.6,2.79
P0003,fmcg,alimentare_confezionato,22,5.03,4.95,0.0158,0,1.016,1.0372,2885.1,2.79
P0003,fmcg,alimentare_confezionato,23,4.77,4.95,-0.0374,0,0.9973,1.0284,3450.9,2.79
P0003,fmcg,alimentare_confezionato,24,4.7,4.95,-0.0498,0,0.9844,1.0191,3582.3,2.79
P0003,fmcg,alimentare_confezionato,25,4.98,4.95,0.0068,0,0.9891,1.0096,2641.2,2.79
P0003,fmcg,alimentare_confezionato,26,4.91,4.95,-0.0088,0,0.9979,1.0,2830.8,2.79
P0003,fmcg,alimentare_confezionato,27,5.04,4.95,0.0186,0,1.1457,0.9904,2154.1,2.79
P0003,fmcg,alimentare_confezionato,28,4.82,4.95,-0.0266,0,1.0289,0.9809,2841.7,2.79
P0003,fmcg,alimentare_confezionato,29,5.15,4.95,0.0411,0,1.0096,0.9716,2900.1,2.79
P0003,fmcg,alimentare_confezionato,30,5.23,4.95,0.0557,0,1.0188,0.9628,2796.7,2.79
P0003,fmcg,alimentare_confezionato,31,4.81,4.95,-0.0291,0,1.0073,0.9546,2754.9,2.79
P0003,fmcg,alimentare_confezionato,32,5.14,4.95,0.038,0,0.9117,0.947,2786.0,2.79
P0003,fmcg,alimentare_confezionato,33,4.91,4.95,-0.0071,0,0.9264,0.9401,2793.2,2.79
P0003,fmcg,alimentare_confezionato,34,4.87,4.95,-0.0161,0,1.0324,0.9342,2214.4,2.79
P0003,fmcg,alimentare_confezionato,35,4.93,4.95,-0.0042,0,1.0585,0.9292,2532.5,2.79
P0003,fmcg,alimentare_confezionato,36,4.86,4.95,-0.0177,0,1.0636,0.9252,2804.4,2.79
P0003,fmcg,alimentare_confezionato,37,4.91,4.95,-0.0083,0,0.9216,0.9223,2707.5,2.79
P0003,fmcg,alimentare_confezionato,38,5.08,4.95,0.0263,0,1.0064,0.9206,3263.4,2.79
P0003,fmcg,alimentare_confezionato,39,4.93,4.95,-0.0036,0,1.0899,0.92,2953.0,2.79
P0003,fmcg,alimentare_confezionato,40,4.41,4.95,-0.1088,1,1.0001,0.9206,3911.9,2.79
P0003,fmcg,alimentare_confezionato,41,4.93,4.95,-0.0031,0,0.9201,0.9223,2606.2,2.79
P0003,fmcg,alimentare_confezionato,42,4.91,4.95,-0.008,0,0.9192,0.9252,2917.4,2.79
P0003,fmcg,alimentare_confezionato,43,4.82,4.95,-0.0254,0,0.986,0.9292,2231.7,2.79
P0003,fmcg,alimentare_confezionato,44,4.86,4.95,-0.0188,0,1.0614,0.9342,2463.0,2.79
P0003,fmcg,alimentare_confezionato,45,4.86,4.95,-0.0188,0,1.0124,0.9401,2631.5,2.79
P0003,fmcg,alimentare_confezionato,46,4.86,4.95,-0.0187,0,0.9214,0.947,2283.6,2.79
P0003,fmcg,alimentare_confezionato,47,4.98,4.95,0.0062,0,0.9375,0.9546,2749.2,2.79
P0003,fmcg,alimentare_confezionato,48,5.36,4.95,0.0831,0,0.9131,0.9628,2404.8,2.79
P0003,fmcg,alimentare_confezionato,49,4.86,4.95,-0.0173,0,1.0071,0.9716,2087.7,2.79
P0003,fmcg,alimentare_confezionato,50,5.28,4.95,0.0666,0,0.9773,0.9809,2543.3,2.79
P0003,fmcg,alimentare_confezionato,51,4.92,4.95,-0.0057,0,0.971,0.9904,2103.7,2.79
P0003,fmcg,alimentare_confezionato,52,4.93,4.95,-0.004,0,0.9494,1.0,2826.4,2.79
P0003,fmcg,alimentare_confezionato,53,4.86,4.95,-0.0185,0,1.0303,1.0096,2446.7,2.79
P0003,fmcg,alimentare_confezionato,54,4.27,4.95,-0.138,1,0.9669,1.0191,5542.4,2.79
P0003,fmcg,alimentare_confezionato,55,4.27,4.95,-0.1367,1,0.953,1.0284,4157.9,2.79
P0003,fmcg,alimentare_confezionato,56,4.96,4.95,0.0013,0,0.9955,1.0372,2854.0,2.79
P0003,fmcg,alimentare_confezionato,57,4.7,4.95,-0.0505,0,0.9742,1.0454,3488.2,2.79
P0003,fmcg,alimentare_confezionato,58,4.92,4.95,-0.0066,0,0.959,1.053,2982.8,2.79
P0003,fmcg,alimentare_confezionato,59,5.21,4.95,0.0517,0,1.0253,1.0599,2324.1,2.79
P0003,fmcg,alimentare_confezionato,60,4.82,4.95,-0.0271,0,0.9712,1.0658,3191.0,2.79
P0003,fmcg,alimentare_confezionato,61,5.1,4.95,0.0312,0,0.9613,1.0708,2627.7,2.79
P0003,fmcg,alimentare_confezionato,62,4.85,4.95,-0.0198,0,1.055,1.0748,3304.6,2.79
P0003,fmcg,alimentare_confezionato,63,5.34,4.95,0.0794,0,0.9485,1.0777,2683.4,2.79
P0003,fmcg,alimentare_confezionato,64,4.82,4.95,-0.0272,0,0.9685,1.0794,2741.8,2.79
P0003,fmcg,alimentare_confezionato,65,4.93,4.95,-0.005,0,0.9392,1.08,3331.6,2.79
P0003,fmcg,alimentare_confezionato,66,5.44,4.95,0.0983,0,0.9774,1.0794,2503.0,2.79
P0003,fmcg,alimentare_confezionato,67,5.25,4.95,0.0597,0,1.056,1.0777,2834.1,2.79
P0003,fmcg,alimentare_confezionato,68,4.99,4.95,0.0074,0,0.9439,1.0748,3506.2,2.79
P0003,fmcg,alimentare_confezionato,69,4.46,4.95,-0.0984,1,0.8782,1.0708,3842.6,2.79
P0003,fmcg,alimentare_confezionato,70,5.16,4.95,0.0425,0,1.0555,1.0658,2289.9,2.79
P0003,fmcg,alimentare_confezionato,71,5.13,4.95,0.0355,0,0.9171,1.0599,2781.3,2.79
P0003,fmcg,alimentare_confezionato,72,4.9,4.95,-0.0105,0,0.9074,1.053,2847.0,2.79
P0003,fmcg,alimentare_confezionato,73,4.92,4.95,-0.0052,0,0.9718,1.0454,2764.6,2.79
P0003,fmcg,alimentare_confezionato,74,5.03,4.95,0.0155,0,0.9848,1.0372,2670.5,2.79
P0003,fmcg,alimentare_confezionato,75,4.62,4.95,-0.0672,0,1.0239,1.0284,3157.2,2.79
P0003,fmcg,alimentare_confezionato,76,5.12,4.95,0.0336,0,0.9024,1.0191,2118.3,2.79
P0003,fmcg,alimentare_confezionato,77,4.95,4.95,-0.0002,0,1.0085,1.0096,2644.2,2.79
P0003,fmcg,alimentare_confezionato,78,5.11,4.95,0.0326,0,1.0242,1.0,2556.4,2.79
P0003,fmcg,alimentare_confezionato,79,5.08,4.95,0.0269,0,1.0611,0.9904,2845.9,2.79
P0003,fmcg,alimentare_confezionato,80,5.07,4.95,0.0236,0,1.043,0.9809,3160.7,2.79
P0003,fmcg,alimentare_confezionato,81,4.91,4.95,-0.0079,0,1.0374,0.9716,2739.7,2.79
P0003,fmcg,alimentare_confezionato,82,5.02,4.95,0.0145,0,1.0289,0.9628,2635.4,2.79
P0003,fmcg,alimentare_confezionato,83,4.91,4.95,-0.0091,0,1.0739,0.9546,2403.3,2.79
P0003,fmcg,alimentare_confezionato,84,4.95,4.95,0.0004,0,1.0439,0.947,2188.3,2.79
P0003,fmcg,alimentare_confezionato,85,4.6,4.95,-0.0713,0,1.0016,0.9401,2540.6,2.79
P0003,fmcg,alimentare_confezionato,86,4.36,4.95,-0.1184,1,0.9679,0.9342,4009.8,2.79
P0003,fmcg,alimentare_confezionato,87,5.07,4.95,0.0235,0,1.0238,0.9292,2285.7,2.79
P0003,fmcg,alimentare_confezionato,88,4.63,4.95,-0.0651,1,1.0197,0.9252,2992.7,2.79
P0003,fmcg,alimentare_confezionato,89,4.76,4.95,-0.038,0,1.0706,0.9223,3057.8,2.79
P0003,fmcg,alimentare_confezionato,90,4.98,4.95,0.0055,0,0.9895,0.9206,2741.1,2.79
P0003,fmcg,alimentare_confezionato,91,4.99,4.95,0.0082,0,1.0436,0.92,2350.9,2.79
P0003,fmcg,alimentare_confezionato,92,4.74,4.95,-0.0418,0,0.9468,0.9206,2180.3,2.79
P0003,fmcg,alimentare_confezionato,93,5.26,4.95,0.0633,0,1.0713,0.9223,1916.0,2.79
P0003,fmcg,alimentare_confezionato,94,4.38,4.95,-0.1148,1,0.9772,0.9252,3886.3,2.79
P0003,fmcg,alimentare_confezionato,95,5.0,4.95,0.0093,0,0.9468,0.9292,2597.3,2.79
P0003,fmcg,alimentare_confezionato,96,5.04,4.95,0.019,0,1.0512,0.9342,2288.0,2.79
P0003,fmcg,alimentare_confezionato,97,4.58,4.95,-0.0755,0,0.9867,0.9401,2727.7,2.79
P0003,fmcg,alimentare_confezionato,98,5.03,4.95,0.0159,0,0.9775,0.947,2249.7,2.79
P0003,fmcg,alimentare_confezionato,99,5.14,4.95,0.0375,0,1.0301,0.9546,2461.6,2.79
P0003,fmcg,alimentare_confezionato,100,4.75,4.95,-0.0406,0,1.0016,0.9628,2885.2,2.79
P0003,fmcg,alimentare_confezionato,101,5.03,4.95,0.0152,0,0.961,0.9716,2794.6,2.79
P0003,fmcg,alimentare_confezionato,102,4.63,4.95,-0.065,1,1.0595,0.9809,2602.2,2.79
P0003,fmcg,alimentare_confezionato,103,5.13,4.95,0.0359,0,0.9841,0.9904,2180.6,2.79
P0004,fmcg,bevande,0,12.56,13.61,-0.077,1,0.9039,1.0,6023.7,8.02
P0004,fmcg,bevande,1,13.04,13.61,-0.0417,0,0.9708,1.0096,3539.7,8.02
P0004,fmcg,bevande,2,13.96,13.61,0.0256,0,0.914,1.0191,3446.6,8.02
P0004,fmcg,bevande,3,14.23,13.61,0.0453,0,0.9325,1.0284,4291.9,8.02
P0004,fmcg,bevande,4,13.06,13.61,-0.0407,0,0.9661,1.0372,3724.9,8.02
P0004,fmcg,bevande,5,13.66,13.61,0.0033,0,0.9386,1.0454,2959.9,8.02
P0004,fmcg,bevande,6,12.75,13.61,-0.0631,0,0.9624,1.053,3878.7,8.02
P0004,fmcg,bevande,7,12.22,13.61,-0.1025,1,1.0028,1.0599,6007.1,8.02
P0004,fmcg,bevande,8,13.3,13.61,-0.0229,0,1.0108,1.0658,3617.9,8.02
P0004,fmcg,bevande,9,13.04,13.61,-0.0421,0,0.9857,1.0708,3956.0,8.02
P0004,fmcg,bevande,10,13.3,13.61,-0.0224,0,0.9865,1.0748,4007.2,8.02
P0004,fmcg,bevande,11,13.84,13.61,0.017,0,1.0119,1.0777,3837.1,8.02
P0004,fmcg,bevande,12,13.99,13.61,0.0279,0,0.9882,1.0794,3680.1,8.02
P0004,fmcg,bevande,13,12.4,13.61,-0.0886,1,0.933,1.08,6359.0,8.02
P0004,fmcg,bevande,14,11.59,13.61,-0.1486,1,1.0788,1.0794,6859.3,8.02
P0004,fmcg,bevande,15,13.34,13.61,-0.0196,0,1.0016,1.0777,3991.8,8.02
P0004,fmcg,bevande,16,13.47,13.61,-0.0101,0,1.0099,1.0748,3684.9,8.02
P0004,fmcg,bevande,17,12.96,13.61,-0.0476,0,1.0195,1.0708,4573.7,8.02
P0004,fmcg,bevande,18,12.39,13.61,-0.0899,1,1.0044,1.0658,6011.2,8.02
P0004,fmcg,bevande,19,13.57,13.61,-0.0032,0,0.9735,1.0599,5138.4,8.02
P0004,fmcg,bevande,20,12.17,13.61,-0.1055,1,1.0217,1.053,6005.8,8.02
P0004,fmcg,bevande,21,14.14,13.61,0.0393,0,0.9953,1.0454,3179.2,8.02
P0004,fmcg,bevande,22,13.91,13.61,0.0219,0,0.9368,1.0372,4583.7,8.02
P0004,fmcg,bevande,23,13.61,13.61,-0.0004,0,1.0795,1.0284,3878.2,8.02
P0004,fmcg,bevande,24,13.3,13.61,-0.0231,0,1.0291,1.0191,4143.8,8.02
P0004,fmcg,bevande,25,13.23,13.61,-0.0276,0,1.0065,1.0096,3873.6,8.02
P0004,fmcg,bevande,26,12.91,13.61,-0.0515,0,1.0283,1.0,2947.2,8.02
P0004,fmcg,bevande,27,13.38,13.61,-0.0167,0,1.0654,0.9904,3546.8,8.02
P0004,fmcg,bevande,28,13.42,13.61,-0.0139,0,1.0057,0.9809,4052.7,8.02
P0004,fmcg,bevande,29,14.08,13.61,0.0349,0,0.9503,0.9716,3521.7,8.02
P0004,fmcg,bevande,30,13.92,13.61,0.0231,0,1.0958,0.9628,3131.0,8.02
P0004,fmcg,bevande,31,13.14,13.61,-0.0348,0,1.033,0.9546,3967.4,8.02
P0004,fmcg,bevande,32,13.08,13.61,-0.0393,0,1.0383,0.947,3225.1,8.02
P0004,fmcg,bevande,33,11.89,13.61,-0.1262,1,1.0183,0.9401,5793.4,8.02
P0004,fmcg,bevande,34,12.75,13.61,-0.0634,0,0.9699,0.9342,3367.3,8.02
P0004,fmcg,bevande,35,14.43,13.61,0.0603,0,1.0136,0.9292,3271.8,8.02
P0004,fmcg,bevande,36,13.53,13.61,-0.0061,0,1.0482,0.9252,3441.4,8.02
P0004,fmcg,bevande,37,13.52,13.61,-0.0069,0,0.9829,0.9223,2912.9,8.02
P0004,fmcg,bevande,38,13.49,13.61,-0.0092,0,1.0028,0.9206,2960.8,8.02
P0004,fmcg,bevande,39,13.64,13.61,0.0019,0,0.8922,0.92,3038.9,8.02
P0004,fmcg,bevande,40,11.6,13.61,-0.1475,1,0.9423,0.9206,5610.5,8.02
P0004,fmcg,bevande,41,13.98,13.61,0.0272,0,0.9952,0.9223,3087.6,8.02
P0004,fmcg,bevande,42,13.83,13.61,0.0164,0,1.0098,0.9252,3594.0,8.02
P0004,fmcg,bevande,43,14.0,13.61,0.0287,0,1.0047,0.9292,3606.7,8.02
P0004,fmcg,bevande,44,13.23,13.61,-0.0282,0,0.9096,0.9342,4353.3,8.02
P0004,fmcg,bevande,45,12.79,13.61,-0.06,0,0.9643,0.9401,4214.2,8.02
P0004,fmcg,bevande,46,13.37,13.61,-0.0179,0,1.07,0.947,3179.5,8.02
P0004,fmcg,bevande,47,11.94,13.61,-0.1224,1,1.0195,0.9546,5781.4,8.02
P0004,fmcg,bevande,48,13.7,13.61,0.007,0,1.0245,0.9628,3412.8,8.02
P0004,fmcg,bevande,49,13.66,13.61,0.0038,0,1.0108,0.9716,3918.0,8.02
P0004,fmcg,bevande,50,13.63,13.61,0.0015,0,0.9595,0.9809,3647.4,8.02
P0004,fmcg,bevande,51,13.7,13.61,0.0068,0,1.1103,0.9904,3401.8,8.02
P0004,fmcg,bevande,52,14.12,13.61,0.0374,0,1.0049,1.0,4613.5,8.02
P0004,fmcg,bevande,53,13.76,13.61,0.0113,0,0.9601,1.0096,3514.6,8.02
P0004,fmcg,bevande,54,14.01,13.61,0.0296,0,1.016,1.0191,4181.4,8.02
P0004,fmcg,bevande,55,13.45,13.61,-0.0116,0,1.1352,1.0284,4062.8,8.02
P0004,fmcg,bevande,56,13.28,13.61,-0.0243,0,0.9529,1.0372,4465.2,8.02
P0004,fmcg,bevande,57,12.27,13.61,-0.0988,1,0.9968,1.0454,6239.7,8.02
P0004,fmcg,bevande,58,12.84,13.61,-0.0563,1,1.0112,1.053,5744.1,8.02
P0004,fmcg,bevande,59,13.22,13.61,-0.0283,0,1.0339,1.0599,3754.6,8.02
P0004,fmcg,bevande,60,13.16,13.61,-0.033,0,1.0651,1.0658,4489.4,8.02
P0004,fmcg,bevande,61,14.2,13.61,0.0437,0,1.1406,1.0708,3010.4,8.02
P0004,fmcg,bevande,62,13.32,13.61,-0.0216,0,0.9575,1.0748,3617.3,8.02
P0004,fmcg,bevande,63,13.03,13.61,-0.0426,0,1.0168,1.0777,4301.5,8.02
P0004,fmcg,bevande,64,13.85,13.61,0.0178,0,1.0302,1.0794,3709.5,8.02
P0004,fmcg,bevande,65,13.72,13.61,0.0082,0,0.9069,1.08,3494.5,8.02
P0004,fmcg,bevande,66,13.62,13.61,0.0006,0,0.9939,1.0794,3769.5,8.02
P0004,fmcg,bevande,67,13.87,13.61,0.0192,0,1.0363,1.0777,3455.9,8.02
P0004,fmcg,bevande,68,13.63,13.61,0.0013,0,1.0087,1.0748,3174.1,8.02
P0004,fmcg,bevande,69,13.62,13.61,0.0005,0,0.9892,1.0708,3588.6,8.02
P0004,fmcg,bevande,70,13.53,13.61,-0.0062,0,1.0045,1.0658,4280.5,8.02
P0004,fmcg,bevande,71,13.47,13.61,-0.0103,0,0.9772,1.0599,4200.1,8.02
P0004,fmcg,bevande,72,12.15,13.61,-0.1071,1,1.0395,1.053,6572.6,8.02
P0004,fmcg,bevande,73,14.46,13.61,0.0622,0,0.9567,1.0454,3512.6,8.02
P0004,fmcg,bevande,74,13.56,13.61,-0.0034,0,0.9675,1.0372,3226.8,8.02
P0004,fmcg,bevande,75,13.24,13.61,-0.0269,0,1.0043,1.0284,3612.5,8.02
P0004,fmcg,bevande,76,13.72,13.61,0.0082,0,1.0075,1.0191,3986.9,8.02
P0004,fmcg,bevande,77,13.74,13.61,0.0097,0,1.0243,1.0096,3229.8,8.02
P0004,fmcg,bevande,78,14.36,13.61,0.0554,0,0.9538,1.0,2990.4,8.02
P0004,fmcg,bevande,79,13.57,13.61,-0.0032,0,0.9549,0.9904,3548.5,8.02
P0004,fmcg,bevande,80,13.23,13.61,-0.0282,0,0.9303,0.9809,4253.2,8.02
P0004,fmcg,bevande,81,13.31,13.61,-0.0217,0,0.9209,0.9716,3404.2,8.02
P0004,fmcg,bevande,82,12.56,13.61,-0.0771,1,0.9482,0.9628,5014.0,8.02
P0004,fmcg,bevande,83,12.48,13.61,-0.0833,0,1.0517,0.9546,3524.6,8.02
P0004,fmcg,bevande,84,13.73,13.61,0.0086,0,1.0542,0.947,3689.3,8.02
P0004,fmcg,bevande,85,13.24,13.61,-0.0275,0,1.0069,0.9401,3552.0,8.02
P0004,fmcg,bevande,86,13.99,13.61,0.0276,0,1.0304,0.9342,3221.7,8.02
P0004,fmcg,bevande,87,13.39,13.61,-0.0159,0,1.0208,0.9292,3093.6,8.02
P0004,fmcg,bevande,88,14.04,13.61,0.0318,0,1.0063,0.9252,2251.9,8.02
P0004,fmcg,bevande,89,14.51,13.61,0.066,0,0.9727,0.9223,2424.4,8.02
P0004,fmcg,bevande,90,13.62,13.61,0.0005,0,1.0552,0.9206,3516.4,8.02
P0004,fmcg,bevande,91,13.78,13.61,0.0127,0,1.0349,0.92,4380.9,8.02
P0004,fmcg,bevande,92,12.86,13.61,-0.0553,0,1.0223,0.9206,4279.3,8.02
P0004,fmcg,bevande,93,13.41,13.61,-0.0149,0,1.0582,0.9223,3905.8,8.02
P0004,fmcg,bevande,94,13.25,13.61,-0.0263,0,0.9746,0.9252,3442.4,8.02
P0004,fmcg,bevande,95,12.73,13.61,-0.0646,1,0.8619,0.9292,4540.6,8.02
P0004,fmcg,bevande,96,13.38,13.61,-0.0173,0,1.0968,0.9342,3558.4,8.02
P0004,fmcg,bevande,97,13.73,13.61,0.0091,0,1.0413,0.9401,3542.3,8.02
P0004,fmcg,bevande,98,13.64,13.61,0.002,0,1.0248,0.947,3647.4,8.02
P0004,fmcg,bevande,99,13.8,13.61,0.0142,0,1.1117,0.9546,3340.2,8.02
P0004,fmcg,bevande,100,14.21,13.61,0.044,0,1.057,0.9628,3325.8,8.02
P0004,fmcg,bevande,101,13.86,13.61,0.0181,0,0.889,0.9716,4163.7,8.02
P0004,fmcg,bevande,102,12.51,13.61,-0.0806,1,0.9549,0.9809,4309.7,8.02
P0004,fmcg,bevande,103,13.59,13.61,-0.0012,0,0.9754,0.9904,3706.5,8.02
P0005,fmcg,bevande,0,12.02,11.68,0.0292,0,1.0525,1.0,4672.7,7.19
P0005,fmcg,bevande,1,11.6,11.68,-0.0067,0,0.8973,1.0096,4487.9,7.19
P0005,fmcg,bevande,2,11.28,11.68,-0.0339,0,0.9912,1.0191,4519.7,7.19
P0005,fmcg,bevande,3,10.58,11.68,-0.0945,1,1.0326,1.0284,7637.9,7.19
P0005,fmcg,bevande,4,11.76,11.68,0.0069,0,0.9407,1.0372,3526.3,7.19
P0005,fmcg,bevande,5,11.81,11.68,0.0113,0,1.0605,1.0454,5528.9,7.19
P0005,fmcg,bevande,6,11.27,11.68,-0.0349,0,0.9824,1.053,5386.8,7.19
P0005,fmcg,bevande,7,12.29,11.68,0.0518,0,1.056,1.0599,4082.9,7.19
P0005,fmcg,bevande,8,11.02,11.68,-0.0569,1,0.945,1.0658,6558.9,7.19
P0005,fmcg,bevande,9,12.33,11.68,0.0558,0,0.9823,1.0708,3199.9,7.19
P0005,fmcg,bevande,10,10.74,11.68,-0.0808,1,1.0021,1.0748,7106.9,7.19
P0005,fmcg,bevande,11,12.0,11.68,0.0277,0,0.9234,1.0777,4290.3,7.19
P0005,fmcg,bevande,12,11.43,11.68,-0.0215,0,0.9196,1.0794,5487.3,7.19
P0005,fmcg,bevande,13,11.66,11.68,-0.0016,0,0.902,1.08,5288.1,7.19
P0005,fmcg,bevande,14,11.81,11.68,0.0108,0,0.9556,1.0794,4117.8,7.19
P0005,fmcg,bevande,15,10.4,11.68,-0.1096,1,0.9678,1.0777,8257.0,7.19
P0005,fmcg,bevande,16,12.08,11.68,0.0343,0,1.0141,1.0748,4131.3,7.19
P0005,fmcg,bevande,17,11.92,11.68,0.0202,0,0.9567,1.0708,3779.6,7.19
P0005,fmcg,bevande,18,11.54,11.68,-0.0124,0,0.8814,1.0658,4599.8,7.19
P0005,fmcg,bevande,19,10.62,11.68,-0.0908,1,0.9149,1.0599,6093.6,7.19
P0005,fmcg,bevande,20,12.23,11.68,0.0475,0,0.9628,1.053,3973.3,7.19
P0005,fmcg,bevande,21,10.73,11.68,-0.0814,0,0.9069,1.0454,5410.7,7.19
P0005,fmcg,bevande,22,11.5,11.68,-0.0153,0,1.005,1.0372,5501.9,7.19
P0005,fmcg,bevande,23,11.44,11.68,-0.0202,0,0.9992,1.0284,5987.3,7.19
P0005,fmcg,bevande,24,10.32,11.68,-0.1162,1,0.9491,1.0191,7481.1,7.19
P0005,fmcg,bevande,25,11.29,11.68,-0.0335,0,0.9508,1.0096,5024.7,7.19
P0005,fmcg,bevande,26,11.01,11.68,-0.0577,1,1.0035,1.0,6793.9,7.19
P0005,fmcg,bevande,27,11.98,11.68,0.0259,0,1.041,0.9904,5754.3,7.19
P0005,fmcg,bevande,28,10.73,11.68,-0.0817,1,1.0384,0.9809,7244.9,7.19
P0005,fmcg,bevande,29,11.52,11.68,-0.0141,0,1.0271,0.9716,4063.5,7.19
P0005,fmcg,bevande,30,11.72,11.68,0.0031,0,1.0498,0.9628,3988.9,7.19
P0005,fmcg,bevande,31,10.04,11.68,-0.1403,1,0.937,0.9546,6263.9,7.19
P0005,fmcg,bevande,32,10.19,11.68,-0.1273,1,0.9649,0.947,6425.1,7.19
P0005,fmcg,bevande,33,12.22,11.68,0.0463,0,1.0331,0.9401,3843.3,7.19
P0005,fmcg,bevande,34,11.5,11.68,-0.0152,0,1.0164,0.9342,4638.3,7.19
P0005,fmcg,bevande,35,11.69,11.68,0.0013,0,0.8984,0.9292,4262.1,7.19
P0005,fmcg,bevande,36,11.57,11.68,-0.0098,0,1.0908,0.9252,3809.6,7.19
P0005,fmcg,bevande,37,11.67,11.68,-0.0013,0,0.995,0.9223,4089.9,7.19
P0005,fmcg,bevande,38,12.03,11.68,0.0297,0,1.0689,0.9206,3882.6,7.19
P0005,fmcg,bevande,39,11.39,11.68,-0.0246,0,1.0383,0.92,3965.1,7.19
P0005,fmcg,bevande,40,12.58,11.68,0.0774,0,0.9939,0.9206,2716.3,7.19
P0005,fmcg,bevande,41,12.18,11.68,0.0431,0,1.0277,0.9223,3902.0,7.19
P0005,fmcg,bevande,42,11.88,11.68,0.017,0,1.0609,0.9252,4472.8,7.19
P0005,fmcg,bevande,43,11.83,11.68,0.0126,0,1.0453,0.9292,3912.4,7.19
P0005,fmcg,bevande,44,10.04,11.68,-0.14,1,1.0108,0.9342,7897.9,7.19
P0005,fmcg,bevande,45,10.58,11.68,-0.0942,1,1.0005,0.9401,7695.1,7.19
P0005,fmcg,bevande,46,10.98,11.68,-0.0599,0,0.9892,0.947,5981.4,7.19
P0005,fmcg,bevande,47,11.01,11.68,-0.0574,1,0.9893,0.9546,4875.8,7.19
P0005,fmcg,bevande,48,10.16,11.68,-0.1305,1,0.9965,0.9628,6909.0,7.19
P0005,fmcg,bevande,49,11.46,11.68,-0.019,0,1.0574,0.9716,4839.0,7.19
P0005,fmcg,bevande,50,11.74,11.68,0.0051,0,0.9913,0.9809,4933.5,7.19
P0005,fmcg,bevande,51,11.02,11.68,-0.0568,0,1.0307,0.9904,5410.8,7.19
P0005,fmcg,bevande,52,11.85,11.68,0.0143,0,0.984,1.0,4784.8,7.19
P0005,fmcg,bevande,53,11.48,11.68,-0.017,0,0.9844,1.0096,5980.0,7.19
P0005,fmcg,bevande,54,11.88,11.68,0.0175,0,0.916,1.0191,4350.6,7.19
P0005,fmcg,bevande,55,10.83,11.68,-0.073,0,1.0195,1.0284,5159.6,7.19
P0005,fmcg,bevande,56,12.02,11.68,0.0294,0,1.0718,1.0372,5235.3,7.19
P0005,fmcg,bevande,57,11.7,11.68,0.0016,0,1.0664,1.0454,5717.1,7.19
P0005,fmcg,bevande,58,11.3,11.68,-0.033,0,1.0101,1.053,5337.7,7.19
P0005,fmcg,bevande,59,11.87,11.68,0.0164,0,1.1136,1.0599,4960.3,7.19
P0005,fmcg,bevande,60,11.75,11.68,0.0064,0,0.9963,1.0658,4936.7,7.19
P0005,fmcg,bevande,61,11.29,11.68,-0.0337,0,1.0633,1.0708,6080.9,7.19
P0005,fmcg,bevande,62,12.08,11.68,0.0339,0,0.9957,1.0748,4683.0,7.19
P0005,fmcg,bevande,63,12.09,11.68,0.0348,0,1.0041,1.0777,5329.1,7.19
P0005,fmcg,bevande,64,11.94,11.68,0.0218,0,0.9583,1.0794,5994.8,7.19
P0005,fmcg,bevande,65,11.97,11.68,0.025,0,0.9196,1.08,4167.6,7.19
P0005,fmcg,bevande,66,11.8,11.68,0.01,0,0.9043,1.0794,5369.2,7.19
P0005,fmcg,bevande,67,12.26,11.68,0.0494,0,0.9956,1.0777,4478.7,7.19
P0005,fmcg,bevande,68,11.31,11.68,-0.0314,0,0.9504,1.0748,5030.9,7.19
P0005,fmcg,bevande,69,10.6,11.68,-0.0925,1,0.9166,1.0708,8111.9,7.19
P0005,fmcg,bevande,70,11.52,11.68,-0.0137,0,0.9072,1.0658,4534.0,7.19
P0005,fmcg,bevande,71,12.06,11.68,0.0326,0,0.9614,1.0599,5423.4,7.19
P0005,fmcg,bevande,72,11.4,11.68,-0.0239,0,1.0769,1.053,5093.7,7.19
P0005,fmcg,bevande,73,11.62,11.68,-0.0054,0,1.0677,1.0454,5653.3,7.19
P0005,fmcg,bevande,74,11.66,11.68,-0.0015,0,1.0045,1.0372,4144.4,7.19
P0005,fmcg,bevande,75,11.68,11.68,0.0002,0,1.057,1.0284,5328.0,7.19
P0005,fmcg,bevande,76,10.39,11.68,-0.1107,1,1.0332,1.0191,6800.0,7.19
P0005,fmcg,bevande,77,11.64,11.68,-0.0031,0,0.9515,1.0096,4062.1,7.19
P0005,fmcg,bevande,78,11.62,11.68,-0.0055,0,1.082,1.0,4264.4,7.19
P0005,fmcg,bevande,79,12.66,11.68,0.0837,0,0.9471,0.9904,2962.5,7.19
P0005,fmcg,bevande,80,11.34,11.68,-0.0289,0,0.999,0.9809,4358.3,7.19
P0005,fmcg,bevande,81,10.58,11.68,-0.0944,1,0.991,0.9716,7067.2,7.19
P0005,fmcg,bevande,82,11.39,11.68,-0.0245,0,0.9826,0.9628,3830.0,7.19
P0005,fmcg,bevande,83,11.73,11.68,0.0042,0,0.98,0.9546,4107.3,7.19
P0005,fmcg,bevande,84,10.28,11.68,-0.1201,1,1.0346,0.947,8234.0,7.19
P0005,fmcg,bevande,85,11.88,11.68,0.017,0,0.988,0.9401,4252.4,7.19
P0005,fmcg,bevande,86,11.89,11.68,0.0178,0,0.9113,0.9342,4263.4,7.19
P0005,fmcg,bevande,87,11.59,11.68,-0.0078,0,1.0498,0.9292,3897.9,7.19
P0005,fmcg,bevande,88,11.74,11.68,0.0049,0,0.9122,0.9252,3989.6,7.19
P0005,fmcg,bevande,89,10.9,11.68,-0.0668,0,0.936,0.9223,4220.8,7.19
P0005,fmcg,bevande,90,11.53,11.68,-0.0128,0,1.07,0.9206,4754.7,7.19
P0005,fmcg,bevande,91,11.74,11.68,0.0051,0,1.0197,0.92,3680.6,7.19
P0005,fmcg,bevande,92,10.3,11.68,-0.1184,1,1.0418,0.9206,7737.1,7.19
P0005,fmcg,bevande,93,11.61,11.68,-0.0062,0,1.02,0.9223,2971.8,7.19
P0005,fmcg,bevande,94,11.63,11.68,-0.004,0,0.9975,0.9252,4553.1,7.19
P0005,fmcg,bevande,95,11.21,11.68,-0.0399,0,0.9929,0.9292,4572.4,7.19
P0005,fmcg,bevande,96,11.75,11.68,0.0057,0,1.052,0.9342,3633.8,7.19
P0005,fmcg,bevande,97,12.21,11.68,0.0451,0,0.9133,0.9401,3928.4,7.19
P0005,fmcg,bevande,98,11.53,11.68,-0.013,0,0.9548,0.947,4275.4,7.19
P0005,fmcg,bevande,99,11.16,11.68,-0.0443,0,0.9415,0.9546,4023.4,7.19
P0005,fmcg,bevande,100,11.49,11.68,-0.0162,0,0.9987,0.9628,4255.8,7.19
P0005,fmcg,bevande,101,11.58,11.68,-0.0082,0,1.1229,0.9716,5238.3,7.19
P0005,fmcg,bevande,102,10.62,11.68,-0.0904,1,0.9584,0.9809,5412.6,7.19
P0005,fmcg,bevande,103,12.15,11.68,0.0406,0,1.0523,0.9904,3863.0,7.19
P0006,fmcg,cura_persona,0,4.64,4.95,-0.0627,1,0.9474,1.0,4720.2,3.16
P0006,fmcg,cura_persona,1,4.48,4.95,-0.0941,1,1.0057,1.0096,5468.0,3.16
P0006,fmcg,cura_persona,2,5.06,4.95,0.0224,0,1.0166,1.0191,3493.5,3.16
P0006,fmcg,cura_persona,3,4.68,4.95,-0.0544,1,0.9192,1.0284,4283.2,3.16
P0006,fmcg,cura_persona,4,4.86,4.95,-0.019,0,0.9653,1.0372,2790.7,3.16
P0006,fmcg,cura_persona,5,5.09,4.95,0.0289,0,1.0385,1.0454,3640.8,3.16
P0006,fmcg,cura_persona,6,4.91,4.95,-0.0086,0,0.9918,1.053,3292.8,3.16
P0006,fmcg,cura_persona,7,5.05,4.95,0.0195,0,0.9768,1.0599,3527.2,3.16
P0006,fmcg,cura_persona,8,5.21,4.95,0.0527,0,0.9669,1.0658,3383.1,3.16
P0006,fmcg,cura_persona,9,5.02,4.95,0.0135,0,1.0047,1.0708,3406.6,3.16
P0006,fmcg,cura_persona,10,4.85,4.95,-0.0202,0,0.9775,1.0748,4306.1,3.16
P0006,fmcg,cura_persona,11,4.81,4.95,-0.0275,0,0.9742,1.0777,4175.6,3.16
P0006,fmcg,cura_persona,12,4.85,4.95,-0.02,0,1.028,1.0794,3510.1,3.16
P0006,fmcg,cura_persona,13,4.84,4.95,-0.0225,0,0.987,1.08,4085.9,3.16
P0006,fmcg,cura_persona,14,4.78,4.95,-0.0344,0,0.9572,1.0794,3755.7,3.16
P0006,fmcg,cura_persona,15,4.62,4.95,-0.067,0,1.0139,1.0777,3316.6,3.16
P0006,fmcg,cura_persona,16,4.89,4.95,-0.0128,0,0.979,1.0748,3341.0,3.16
P0006,fmcg,cura_persona,17,4.29,4.95,-0.1338,1,0.9269,1.0708,6013.3,3.16
P0006,fmcg,cura_persona,18,5.1,4.95,0.0295,0,0.923,1.0658,3422.3,3.16
P0006,fmcg,cura_persona,19,4.77,4.95,-0.0361,0,1.0005,1.0599,3599.9,3.16
P0006,fmcg,cura_persona,20,5.28,4.95,0.0674,0,0.9168,1.053,4151.7,3.16
P0006,fmcg,cura_persona,21,4.69,4.95,-0.0525,1,1.0485,1.0454,4106.3,3.16
P0006,fmcg,cura_persona,22,4.93,4.95,-0.0038,0,1.0277,1.0372,3482.6,3.16
P0006,fmcg,cura_persona,23,4.96,4.95,0.0026,0,0.9916,1.0284,3791.5,3.16
P0006,fmcg,cura_persona,24,4.66,4.95,-0.0577,1,0.9668,1.0191,4014.4,3.16
P0006,fmcg,cura_persona,25,4.47,4.95,-0.0967,1,1.0393,1.0096,5425.1,3.16
P0006,fmcg,cura_persona,26,5.2,4.95,0.0501,0,1.0684,1.0,3089.6,3.16
P0006,fmcg,cura_persona,27,5.22,4.95,0.0551,0,0.9969,0.9904,2993.8,3.16
P0006,fmcg,cura_persona,28,4.8,4.95,-0.0311,0,0.9266,0.9809,3614.9,3.16
P0006,fmcg,cura_persona,29,5.48,4.95,0.1071,0,0.9457,0.9716,2153.9,3.16
P0006,fmcg,cura_persona,30,5.21,4.95,0.0535,0,1.0032,0.9628,3078.2,3.16
P0006,fmcg,cura_persona,31,4.83,4.95,-0.0237,0,0.9463,0.9546,2565.7,3.16
P0006,fmcg,cura_persona,32,4.7,4.95,-0.0513,1,0.9339,0.947,3921.7,3.16
P0006,fmcg,cura_persona,33,5.02,4.95,0.0139,0,1.0153,0.9401,3322.9,3.16
P0006,fmcg,cura_persona,34,5.15,4.95,0.0399,0,0.9999,0.9342,2952.9,3.16
P0006,fmcg,cura_persona,35,4.97,4.95,0.005,0,0.9801,0.9292,2875.4,3.16
P0006,fmcg,cura_persona,36,5.02,4.95,0.0148,0,0.9953,0.9252,2709.1,3.16
P0006,fmcg,cura_persona,37,4.74,4.95,-0.0424,0,1.0489,0.9223,3240.7,3.16
P0006,fmcg,cura_persona,38,5.09,4.95,0.0283,0,0.972,0.9206,2413.5,3.16
P0006,fmcg,cura_persona,39,4.86,4.95,-0.0188,0,0.9796,0.92,3094.5,3.16
P0006,fmcg,cura_persona,40,4.95,4.95,0.0007,0,0.94,0.9206,3186.4,3.16
P0006,fmcg,cura_persona,41,5.28,4.95,0.0661,0,0.9999,0.9223,2065.6,3.16
P0006,fmcg,cura_persona,42,5.29,4.95,0.0681,0,1.0788,0.9252,3365.2,3.16
P0006,fmcg,cura_persona,43,5.11,4.95,0.0319,0,0.9639,0.9292,2945.8,3.16
P0006,fmcg,cura_persona,44,4.84,4.95,-0.0226,0,0.9662,0.9342,3504.2,3.16
P0006,fmcg,cura_persona,45,5.0,4.95,0.0097,0,0.9325,0.9401,2894.6,3.16
P0006,fmcg,cura_persona,46,5.1,4.95,0.0304,0,1.0589,0.947,3325.1,3.16
P0006,fmcg,cura_persona,47,4.48,4.95,-0.0959,0,0.9117,0.9546,4322.7,3.16
P0006,fmcg,cura_persona,48,4.82,4.95,-0.0263,0,1.0821,0.9628,3797.4,3.16
P0006,fmcg,cura_persona,49,4.9,4.95,-0.0103,0,0.9934,0.9716,3295.7,3.16
P0006,fmcg,cura_persona,50,5.02,4.95,0.0148,0,1.0363,0.9809,3578.2,3.16
P0006,fmcg,cura_persona,51,4.37,4.95,-0.1174,1,0.9853,0.9904,3633.0,3.16
P0006,fmcg,cura_persona,52,4.77,4.95,-0.0356,0,1.0266,1.0,3488.9,3.16
P0006,fmcg,cura_persona,53,5.29,4.95,0.0683,0,0.9365,1.0096,2937.3,3.16
P0006,fmcg,cura_persona,54,4.82,4.95,-0.0258,0,1.0014,1.0191,2847.7,3.16
P0006,fmcg,cura_persona,55,4.83,4.95,-0.0239,0,1.1016,1.0284,3457.2,3.16
P0006,fmcg,cura_persona,56,4.94,4.95,-0.0019,0,0.9985,1.0372,3148.6,3.16
P0006,fmcg,cura_persona,57,5.01,4.95,0.0111,0,0.9608,1.0454,3284.2,3.16
P0006,fmcg,cura_persona,58,5.35,4.95,0.0805,0,0.9955,1.053,3628.4,3.16
P0006,fmcg,cura_persona,59,4.99,4.95,0.0091,0,0.9339,1.0599,3213.9,3.16
P0006,fmcg,cura_persona,60,5.22,4.95,0.0555,0,1.0111,1.0658,3744.7,3.16
P0006,fmcg,cura_persona,61,5.23,4.95,0.057,0,0.997,1.0708,4235.9,3.16
P0006,fmcg,cura_persona,62,4.82,4.95,-0.0268,0,0.9395,1.0748,4821.8,3.16
P0006,fmcg,cura_persona,63,4.89,4.95,-0.0117,0,1.0625,1.0777,3872.0,3.16
P0006,fmcg,cura_persona,64,4.68,4.95,-0.0542,0,0.9867,1.0794,3625.9,3.16
P0006,fmcg,cura_persona,65,5.13,4.95,0.0371,0,0.9865,1.08,3613.1,3.16
P0006,fmcg,cura_persona,66,4.53,4.95,-0.0841,1,0.9789,1.0794,5117.7,3.16
P0006,fmcg,cura_persona,67,4.85,4.95,-0.0198,0,0.9685,1.0777,4101.9,3.16
P0006,fmcg,cura_persona,68,4.6,4.95,-0.0716,0,0.9387,1.0748,4708.4,3.16
P0006,fmcg,cura_persona,69,4.25,4.95,-0.1416,1,0.9915,1.0708,5565.5,3.16
P0006,fmcg,cura_persona,70,4.71,4.95,-0.0475,0,0.958,1.0658,3866.9,3.16
P0006,fmcg,cura_persona,71,5.05,4.95,0.02,0,0.9385,1.0599,3478.6,3.16
P0006,fmcg,cura_persona,72,5.03,4.95,0.017,0,1.007,1.053,3288.7,3.16
P0006,fmcg,cura_persona,73,4.94,4.95,-0.0025,0,1.063,1.0454,3359.3,3.16
P0006,fmcg,cura_persona,74,4.86,4.95,-0.0172,0,1.01,1.0372,3310.8,3.16
P0006,fmcg,cura_persona,75,5.04,4.95,0.0183,0,1.0444,1.0284,3846.3,3.16
P0006,fmcg,cura_persona,76,4.79,4.95,-0.0327,0,0.9548,1.0191,3458.8,3.16
P0006,fmcg,cura_persona,77,4.75,4.95,-0.0398,0,0.9779,1.0096,3305.6,3.16
P0006,fmcg,cura_persona,78,4.23,4.95,-0.1457,1,1.0589,1.0,5355.4,3.16
P0006,fmcg,cura_persona,79,4.98,4.95,0.006,0,0.9855,0.9904,3185.9,3.16
P0006,fmcg,cura_persona,80,5.03,4.95,0.0152,0,1.1038,0.9809,2807.8,3.16
P0006,fmcg,cura_persona,81,4.99,4.95,0.0073,0,0.9214,0.9716,3419.7,3.16
P0006,fmcg,cura_persona,82,4.8,4.95,-0.03,0,0.9996,0.9628,2668.8,3.16
P0006,fmcg,cura_persona,83,5.13,4.95,0.0367,0,0.9767,0.9546,2559.9,3.16
P0006,fmcg,cura_persona,84,4.24,4.95,-0.1443,1,0.9765,0.947,5396.7,3.16
P0006,fmcg,cura_persona,85,4.79,4.95,-0.0317,0,1.0077,0.9401,3610.8,3.16
P0006,fmcg,cura_persona,86,4.83,4.95,-0.0233,0,1.0469,0.9342,2866.9,3.16
P0006,fmcg,cura_persona,87,4.51,4.95,-0.0896,1,1.0664,0.9292,4053.3,3.16
P0006,fmcg,cura_persona,88,5.05,4.95,0.0207,0,0.9492,0.9252,2729.5,3.16
P0006,fmcg,cura_persona,89,5.13,4.95,0.0368,0,0.9965,0.9223,2839.9,3.16
P0006,fmcg,cura_persona,90,4.97,4.95,0.0046,0,0.9353,0.9206,2690.7,3.16
P0006,fmcg,cura_persona,91,4.25,4.95,-0.1419,1,1.0808,0.92,5245.1,3.16
P0006,fmcg,cura_persona,92,4.35,4.95,-0.1212,1,0.9667,0.9206,4515.3,3.16
P0006,fmcg,cura_persona,93,4.73,4.95,-0.0437,0,1.0167,0.9223,3289.9,3.16
P0006,fmcg,cura_persona,94,5.04,4.95,0.0191,0,1.0121,0.9252,3114.5,3.16
P0006,fmcg,cura_persona,95,5.02,4.95,0.0145,0,0.9637,0.9292,3081.2,3.16
P0006,fmcg,cura_persona,96,4.83,4.95,-0.0234,0,1.0026,0.9342,2923.4,3.16
P0006,fmcg,cura_persona,97,4.25,4.95,-0.1405,1,1.0633,0.9401,5531.7,3.16
P0006,fmcg,cura_persona,98,5.29,4.95,0.069,0,0.9905,0.947,3972.3,3.16
P0006,fmcg,cura_persona,99,4.35,4.95,-0.1219,1,0.9801,0.9546,4993.8,3.16
P0006,fmcg,cura_persona,100,4.93,4.95,-0.004,0,1.0888,0.9628,3237.4,3.16
P0006,fmcg,cura_persona,101,4.79,4.95,-0.0318,0,1.0209,0.9716,3269.7,3.16
P0006,fmcg,cura_persona,102,4.82,4.95,-0.0272,0,1.1336,0.9809,3225.0,3.16
P0006,fmcg,cura_persona,103,4.29,4.95,-0.1336,1,0.9974,0.9904,5405.5,3.16
P0007,fmcg,cura_persona,0,5.89,5.75,0.0237,0,0.9678,1.0,3313.3,3.32
P0007,fmcg,cura_persona,1,5.63,5.75,-0.0217,0,0.9541,1.0096,2988.8,3.32
P0007,fmcg,cura_persona,2,5.89,5.75,0.0241,0,1.0488,1.0191,3254.8,3.32
P0007,fmcg,cura_persona,3,5.4,5.75,-0.0616,0,1.0432,1.0284,3827.7,3.32
P0007,fmcg,cura_persona,4,5.83,5.75,0.0133,0,0.9506,1.0372,2800.4,3.32
P0007,fmcg,cura_persona,5,5.86,5.75,0.0198,0,1.0345,1.0454,2838.7,3.32
P0007,fmcg,cura_persona,6,5.6,5.75,-0.0253,0,0.9821,1.053,3070.8,3.32
P0007,fmcg,cura_persona,7,5.58,5.75,-0.0288,0,1.0043,1.0599,3176.3,3.32
P0007,fmcg,cura_persona,8,5.44,5.75,-0.054,1,0.9349,1.0658,4676.5,3.32
P0007,fmcg,cura_persona,9,5.67,5.75,-0.0146,0,0.9713,1.0708,4156.8,3.32
P0007,fmcg,cura_persona,10,5.97,5.75,0.0387,0,1.0214,1.0748,3207.2,3.32
P0007,fmcg,cura_persona,11,5.05,5.75,-0.1224,1,1.051,1.0777,5102.9,3.32
P0007,fmcg,cura_persona,12,5.74,5.75,-0.0022,0,1.0352,1.0794,3159.5,3.32
P0007,fmcg,cura_persona,13,5.84,5.75,0.0163,0,0.9342,1.08,4016.1,3.32
P0007,fmcg,cura_persona,14,5.95,5.75,0.0351,0,1.0713,1.0794,3409.2,3.32
P0007,fmcg,cura_persona,15,5.38,5.75,-0.0645,0,1.0128,1.0777,3675.3,3.32
P0007,fmcg,cura_persona,16,5.74,5.75,-0.0022,0,1.0308,1.0748,2988.9,3.32
P0007,fmcg,cura_persona,17,5.23,5.75,-0.09,1,0.9462,1.0708,5680.2,3.32
P0007,fmcg,cura_persona,18,5.86,5.75,0.0191,0,1.0549,1.0658,3731.5,3.32
P0007,fmcg,cura_persona,19,5.31,5.75,-0.0763,1,1.0557,1.0599,4466.1,3.32
P0007,fmcg,cura_persona,20,5.8,5.75,0.009,0,1.0243,1.053,3567.0,3.32
P0007,fmcg,cura_persona,21,5.48,5.75,-0.0472,0,1.0436,1.0454,3803.8,3.32
P0007,fmcg,cura_persona,22,5.74,5.75,-0.0016,0,0.9297,1.0372,3851.8,3.32
P0007,fmcg,cura_persona,23,5.82,5.75,0.012,0,0.9676,1.0284,4056.6,3.32
P0007,fmcg,cura_persona,24,5.68,5.75,-0.0118,0,1.0054,1.0191,3004.5,3.32
P0007,fmcg,cura_persona,25,6.07,5.75,0.0564,0,0.9755,1.0096,3205.7,3.32
P0007,fmcg,cura_persona,26,5.18,5.75,-0.0997,1,0.9843,1.0,4404.5,3.32
P0007,fmcg,cura_persona,27,5.68,5.75,-0.0114,0,0.9911,0.9904,3179.2,3.32
P0007,fmcg,cura_persona,28,4.91,5.75,-0.1461,1,1.0481,0.9809,4019.0,3.32
P0007,fmcg,cura_persona,29,5.67,5.75,-0.014,0,1.0872,0.9716,3593.4,3.32
P0007,fmcg,cura_persona,30,6.01,5.75,0.0457,0,0.963,0.9628,3343.8,3.32
P0007,fmcg,cura_persona,31,5.97,5.75,0.0376,0,0.9797,0.9546,2627.7,3.32
P0007,fmcg,cura_persona,32,5.81,5.75,0.0097,0,0.9753,0.947,3288.8,3.32
P0007,fmcg,cura_persona,33,5.38,5.75,-0.0645,1,1.0221,0.9401,4271.0,3.32
P0007,fmcg,cura_persona,34,5.78,5.75,0.0053,0,1.0275,0.9342,3914.5,3.32
P0007,fmcg,cura_persona,35,5.95,5.75,0.0342,0,1.1544,0.9292,3094.5,3.32
P0007,fmcg,cura_persona,36,5.89,5.75,0.0246,0,0.9496,0.9252,2786.0,3.32
P0007,fmcg,cura_persona,37,5.88,5.75,0.0227,0,0.9913,0.9223,2987.3,3.32
P0007,fmcg,cura_persona,38,5.92,5.75,0.0302,0,0.9919,0.9206,2675.2,3.32
P0007,fmcg,cura_persona,39,5.91,5.75,0.0271,0,0.9197,0.92,2803.7,3.32
P0007,fmcg,cura_persona,40,5.91,5.75,0.0273,0,1.0455,0.9206,3013.1,3.32
P0007,fmcg,cura_persona,41,5.76,5.75,0.0022,0,0.9663,0.9223,2938.6,3.32
P0007,fmcg,cura_persona,42,5.74,5.75,-0.0012,0,0.9057,0.9252,2915.7,3.32
P0007,fmcg,cura_persona,43,5.18,5.75,-0.0989,1,0.9877,0.9292,4780.4,3.32
P0007,fmcg,cura_persona,44,5.42,5.75,-0.057,0,0.9826,0.9342,3702.0,3.32
P0007,fmcg,cura_persona,45,5.91,5.75,0.0274,0,0.9266,0.9401,2891.7,3.32
P0007,fmcg,cura_persona,46,5.79,5.75,0.0062,0,1.027,0.947,2771.6,3.32
P0007,fmcg,cura_persona,47,5.83,5.75,0.0147,0,1.0413,0.9546,2794.5,3.32
P0007,fmcg,cura_persona,48,5.21,5.75,-0.0946,0,0.9689,0.9628,3483.8,3.32
P0007,fmcg,cura_persona,49,5.78,5.75,0.0058,0,0.9972,0.9716,2422.3,3.32
P0007,fmcg,cura_persona,50,5.56,5.75,-0.0325,0,1.0243,0.9809,2921.5,3.32
P0007,fmcg,cura_persona,51,5.69,5.75,-0.0099,0,1.0152,0.9904,3368.5,3.32
P0007,fmcg,cura_persona,52,5.44,5.75,-0.0538,0,0.9261,1.0,3353.2,3.32
P0007,fmcg,cura_persona,53,4.91,5.75,-0.1465,1,1.0313,1.0096,5156.7,3.32
P0007,fmcg,cura_persona,54,5.69,5.75,-0.0097,0,1.0113,1.0191,3549.8,3.32
P0007,fmcg,cura_persona,55,5.62,5.75,-0.0234,0,0.9963,1.0284,3705.3,3.32
P0007,fmcg,cura_persona,56,5.65,5.75,-0.0175,0,0.9225,1.0372,3308.4,3.32
P0007,fmcg,cura_persona,57,5.4,5.75,-0.0604,0,0.9602,1.0454,3352.8,3.32
P0007,fmcg,cura_persona,58,5.87,5.75,0.021,0,0.9548,1.053,3259.6,3.32
P0007,fmcg,cura_persona,59,5.65,5.75,-0.0173,0,1.0199,1.0599,3967.2,3.32
P0007,fmcg,cura_persona,60,5.96,5.75,0.0368,0,0.9242,1.0658,2861.2,3.32
P0007,fmcg,cura_persona,61,6.09,5.75,0.0585,0,1.0247,1.0708,3217.0,3.32
P0007,fmcg,cura_persona,62,5.34,5.75,-0.0708,0,1.0065,1.0748,3809.5,3.32
P0007,fmcg,cura_persona,63,5.76,5.75,0.0023,0,1.0058,1.0777,3967.8,3.32
P0007,fmcg,cura_persona,64,6.0,5.75,0.043,0,1.0004,1.0794,3288.7,3.32
P0007,fmcg,cura_persona,65,5.55,5.75,-0.0342,0,1.1407,1.08,3935.6,3.32
P0007,fmcg,cura_persona,66,5.86,5.75,0.0184,0,1.0939,1.0794,3806.6,3.32
P0007,fmcg,cura_persona,67,6.03,5.75,0.0491,0,0.983,1.0777,3341.5,3.32
P0007,fmcg,cura_persona,68,5.86,5.75,0.0184,0,0.9674,1.0748,3487.9,3.32
P0007,fmcg,cura_persona,69,6.14,5.75,0.0674,0,1.0991,1.0708,3208.6,3.32
P0007,fmcg,cura_persona,70,5.67,5.75,-0.0131,0,1.0553,1.0658,3450.4,3.32
P0007,fmcg,cura_persona,71,5.95,5.75,0.0343,0,0.9731,1.0599,3302.5,3.32
P0007,fmcg,cura_persona,72,5.89,5.75,0.0246,0,1.097,1.053,3646.8,3.32
P0007,fmcg,cura_persona,73,5.58,5.75,-0.0296,0,1.0118,1.0454,3228.0,3.32
P0007,fmcg,cura_persona,74,5.91,5.75,0.027,0,1.0051,1.0372,2770.4,3.32
P0007,fmcg,cura_persona,75,5.47,5.75,-0.0483,0,1.0246,1.0284,4695.9,3.32
P0007,fmcg,cura_persona,76,5.38,5.75,-0.0648,1,1.0711,1.0191,5221.5,3.32
P0007,fmcg,cura_persona,77,5.69,5.75,-0.0106,0,1.0548,1.0096,3618.2,3.32
P0007,fmcg,cura_persona,78,5.87,5.75,0.0214,0,0.8931,1.0,3107.7,3.32
P0007,fmcg,cura_persona,79,5.75,5.75,0.0006,0,0.9751,0.9904,3631.6,3.32
P0007,fmcg,cura_persona,80,6.01,5.75,0.0459,0,1.0437,0.9809,3435.1,3.32
P0007,fmcg,cura_persona,81,5.8,5.75,0.0093,0,1.0045,0.9716,3070.8,3.32
P0007,fmcg,cura_persona,82,5.56,5.75,-0.0334,0,0.9859,0.9628,3448.2,3.32
P0007,fmcg,cura_persona,83,5.74,5.75,-0.0015,0,1.0502,0.9546,3592.8,3.32
P0007,fmcg,cura_persona,84,5.87,5.75,0.0208,0,0.9878,0.947,3545.3,3.32
P0007,fmcg,cura_persona,85,5.51,5.75,-0.0417,0,1.0081,0.9401,4039.6,3.32
P0007,fmcg,cura_persona,86,5.84,5.75,0.0157,0,1.0273,0.9342,2656.1,3.32
P0007,fmcg,cura_persona,87,5.47,5.75,-0.0488,0,0.9687,0.9292,3771.2,3.32
P0007,fmcg,cura_persona,88,5.72,5.75,-0.0045,0,1.0178,0.9252,2963.6,3.32
P0007,fmcg,cura_persona,89,5.74,5.75,-0.0021,0,1.0006,0.9223,3303.2,3.32
P0007,fmcg,cura_persona,90,5.76,5.75,0.0014,0,0.9844,0.9206,2505.3,3.32
P0007,fmcg,cura_persona,91,6.07,5.75,0.0549,0,1.0192,0.92,2382.1,3.32
P0007,fmcg,cura_persona,92,5.73,5.75,-0.0039,0,1.0781,0.9206,2988.1,3.32
P0007,fmcg,cura_persona,93,5.82,5.75,0.0123,0,1.0236,0.9223,2543.1,3.32
P0007,fmcg,cura_persona,94,5.68,5.75,-0.0117,0,1.0432,0.9252,2819.7,3.32
P0007,fmcg,cura_persona,95,5.82,5.75,0.0123,0,0.9923,0.9292,3156.9,3.32
P0007,fmcg,cura_persona,96,5.62,5.75,-0.0227,0,1.0803,0.9342,3623.0,3.32
P0007,fmcg,cura_persona,97,5.86,5.75,0.0199,0,0.9629,0.9401,2609.0,3.32
P0007,fmcg,cura_persona,98,5.41,5.75,-0.0596,0,1.0463,0.947,3336.3,3.32
P0007,fmcg,cura_persona,99,5.83,5.75,0.0143,0,1.0291,0.9546,2789.1,3.32
P0007,fmcg,cura_persona,100,5.32,5.75,-0.0744,1,0.9372,0.9628,4389.9,3.32
P0007,fmcg,cura_persona,101,6.09,5.75,0.0587,0,1.0359,0.9716,2542.0,3.32
P0007,fmcg,cura_persona,102,5.92,5.75,0.0298,0,1.0363,0.9809,3396.3,3.32
P0007,fmcg,cura_persona,103,5.74,5.75,-0.0025,0,0.9696,0.9904,2612.1,3.32
P0008,fmcg,bevande,0,12.23,12.15,0.0065,0,1.0279,1.0,1993.5,8.06
P0008,fmcg,bevande,1,13.02,12.15,0.0719,0,1.0039,1.0096,2081.9,8.06
P0008,fmcg,bevande,2,13.01,12.15,0.0711,0,0.9488,1.0191,2172.3,8.06
P0008,fmcg,bevande,3,11.92,12.15,-0.0191,0,0.9975,1.0284,2971.4,8.06
P0008,fmcg,bevande,4,12.34,12.15,0.0157,0,0.9812,1.0372,3218.3,8.06
P0008,fmcg,bevande,5,11.91,12.15,-0.02,0,0.9113,1.0454,3043.4,8.06
P0008,fmcg,bevande,6,10.75,12.15,-0.1152,1,0.9305,1.053,4686.1,8.06
P0008,fmcg,bevande,7,12.49,12.15,0.0282,0,0.9176,1.0599,2841.4,8.06
P0008,fmcg,bevande,8,12.13,12.15,-0.0014,0,1.0323,1.0658,2309.9,8.06
P0008,fmcg,bevande,9,10.36,12.15,-0.1475,1,0.9074,1.0708,4760.4,8.06
P0008,fmcg,bevande,10,11.85,12.15,-0.0245,0,1.0174,1.0748,2586.0,8.06
P0008,fmcg,bevande,11,11.88,12.15,-0.022,0,0.9558,1.0777,3021.9,8.06
P0008,fmcg,bevande,12,13.01,12.15,0.0708,0,1.0023,1.0794,2010.5,8.06
P0008,fmcg,bevande,13,12.42,12.15,0.0221,0,1.0363,1.08,2832.5,8.06
P0008,fmcg,bevande,14,12.1,12.15,-0.0045,0,0.9914,1.0794,2209.4,8.06
P0008,fmcg,bevande,15,12.72,12.15,0.0468,0,1.0119,1.0777,1992.4,8.06
P0008,fmcg,bevande,16,12.86,12.15,0.0583,0,0.9955,1.0748,2116.6,8.06
P0008,fmcg,bevande,17,11.52,12.15,-0.0517,0,1.0712,1.0708,2676.9,8.06
P0008,fmcg,bevande,18,12.17,12.15,0.0018,0,1.0715,1.0658,2595.7,8.06
P0008,fmcg,bevande,19,12.46,12.15,0.0252,0,1.0312,1.0599,2498.0,8.06
P0008,fmcg,bevande,20,12.96,12.15,0.067,0,0.9547,1.053,2207.6,8.06
P0008,fmcg,bevande,21,12.32,12.15,0.0141,0,0.9785,1.0454,2505.3,8.06
P0008,fmcg,bevande,22,11.48,12.15,-0.0554,0,1.0005,1.0372,2399.2,8.06
P0008,fmcg,bevande,23,12.21,12.15,0.0048,0,1.0244,1.0284,2572.4,8.06
P0008,fmcg,bevande,24,11.33,12.15,-0.0676,0,0.9319,1.0191,3494.9,8.06
P0008,fmcg,bevande,25,12.41,12.15,0.0214,0,0.9657,1.0096,2320.5,8.06
P0008,fmcg,bevande,26,12.39,12.15,0.0197,0,1.0068,1.0,2164.1,8.06
P0008,fmcg,bevande,27,12.26,12.15,0.0094,0,0.9394,0.9904,2427.0,8.06
P0008,fmcg,bevande,28,12.72,12.15,0.0473,0,1.0359,0.9809,2107.6,8.06
P0008,fmcg,bevande,29,11.59,12.15,-0.0463,0,1.0641,0.9716,2291.1,8.06
P0008,fmcg,bevande,30,12.08,12.15,-0.0058,0,0.9469,0.9628,1991.0,8.06
P0008,fmcg,bevande,31,10.75,12.15,-0.1151,1,0.9629,0.9546,3246.1,8.06
P0008,fmcg,bevande,32,12.05,12.15,-0.0081,0,0.9911,0.947,2448.1,8.06
P0008,fmcg,bevande,33,12.03,12.15,-0.0097,0,1.0235,0.9401,2458.9,8.06
P0008,fmcg,bevande,34,12.18,12.15,0.0028,0,0.9609,0.9342,1985.7,8.06
P0008,fmcg,bevande,35,12.34,12.15,0.0156,0,1.0228,0.9292,2211.5,8.06
P0008,fmcg,bevande,36,12.45,12.15,0.0244,0,1.0468,0.9252,2336.5,8.06
P0008,fmcg,bevande,37,11.01,12.15,-0.0936,1,1.0114,0.9223,3550.9,8.06
P0008,fmcg,bevande,38,12.26,12.15,0.0086,0,0.9632,0.9206,2334.5,8.06
P0008,fmcg,bevande,39,11.99,12.15,-0.0131,0,1.0035,0.92,2118.8,8.06
P0008,fmcg,bevande,40,11.21,12.15,-0.0777,1,0.9664,0.9206,3003.0,8.06
P0008,fmcg,bevande,41,11.83,12.15,-0.0265,0,0.9146,0.9223,2480.9,8.06
P0008,fmcg,bevande,42,11.99,12.15,-0.0128,0,0.9167,0.9252,2502.9,8.06
P0008,fmcg,bevande,43,12.7,12.15,0.0455,0,0.9859,0.9292,1875.9,8.06
P0008,fmcg,bevande,44,12.47,12.15,0.0265,0,0.9886,0.9342,1984.5,8.06
P0008,fmcg,bevande,45,12.09,12.15,-0.0051,0,0.9364,0.9401,2359.0,8.06
P0008,fmcg,bevande,46,11.96,12.15,-0.0155,0,1.038,0.947,2397.2,8.06
P0008,fmcg,bevande,47,12.12,12.15,-0.0023,0,1.0585,0.9546,2538.3,8.06
P0008,fmcg,bevande,48,12.54,12.15,0.0325,0,1.0375,0.9628,2037.1,8.06
P0008,fmcg,bevande,49,12.33,12.15,0.0147,0,1.0273,0.9716,2552.6,8.06
P0008,fmcg,bevande,50,11.76,12.15,-0.0317,0,1.023,0.9809,2449.7,8.06
P0008,fmcg,bevande,51,12.31,12.15,0.0131,0,0.9074,0.9904,2043.9,8.06
P0008,fmcg,bevande,52,10.47,12.15,-0.138,1,0.9392,1.0,3773.2,8.06
P0008,fmcg,bevande,53,11.49,12.15,-0.0547,1,0.9754,1.0096,3142.1,8.06
P0008,fmcg,bevande,54,11.99,12.15,-0.0131,0,1.0361,1.0191,2074.0,8.06
P0008,fmcg,bevande,55,12.41,12.15,0.0217,0,0.917,1.0284,2061.3,8.06
P0008,fmcg,bevande,56,12.13,12.15,-0.0017,0,0.984,1.0372,2254.0,8.06
P0008,fmcg,bevande,57,12.28,12.15,0.0105,0,1.0491,1.0454,1772.3,8.06
P0008,fmcg,bevande,58,12.22,12.15,0.0056,0,0.9951,1.053,2591.6,8.06
P0008,fmcg,bevande,59,11.31,12.15,-0.069,1,0.9737,1.0599,3490.5,8.06
P0008,fmcg,bevande,60,11.97,12.15,-0.0148,0,0.9634,1.0658,2578.7,8.06
P0008,fmcg,bevande,61,12.81,12.15,0.0546,0,0.985,1.0708,2573.8,8.06
P0008,fmcg,bevande,62,12.12,12.15,-0.0022,0,0.9895,1.0748,2458.6,8.06
P0008,fmcg,bevande,63,12.51,12.15,0.0299,0,1.0116,1.0777,2484.1,8.06
P0008,fmcg,bevande,64,11.74,12.15,-0.0339,0,1.1072,1.0794,2672.8,8.06
P0008,fmcg,bevande,65,12.76,12.15,0.0501,0,1.0141,1.08,2500.3,8.06
P0008,fmcg,bevande,66,11.43,12.15,-0.059,1,0.9915,1.0794,3039.4,8.06
P0008,fmcg,bevande,67,12.28,12.15,0.0104,0,1.0925,1.0777,2530.2,8.06
P0008,fmcg,bevande,68,12.11,12.15,-0.0033,0,1.137,1.0748,2843.6,8.06
P0008,fmcg,bevande,69,10.55,12.15,-0.1314,1,0.9629,1.0708,3522.0,8.06
P0008,fmcg,bevande,70,12.19,12.15,0.0032,0,0.9064,1.0658,2187.0,8.06
P0008,fmcg,bevande,71,11.98,12.15,-0.0143,0,1.0197,1.0599,2230.9,8.06
P0008,fmcg,bevande,72,11.65,12.15,-0.0414,0,1.0821,1.053,2200.6,8.06
P0008,fmcg,bevande,73,12.33,12.15,0.0146,0,1.0832,1.0454,2503.0,8.06
P0008,fmcg,bevande,74,12.16,12.15,0.0006,0,0.9487,1.0372,2314.6,8.06
P0008,fmcg,bevande,75,11.61,12.15,-0.0448,0,1.0201,1.0284,2322.7,8.06
P0008,fmcg,bevande,76,11.49,12.15,-0.0546,1,1.0148,1.0191,3166.6,8.06
P0008,fmcg,bevande,77,12.29,12.15,0.0113,0,1.0618,1.0096,2138.9,8.06
P0008,fmcg,bevande,78,10.93,12.15,-0.1007,1,0.9793,1.0,3509.8,8.06
P0008,fmcg,bevande,79,11.63,12.15,-0.0425,0,0.9293,0.9904,1924.5,8.06
P0008,fmcg,bevande,80,10.59,12.15,-0.128,1,0.9201,0.9809,3196.4,8.06
P0008,fmcg,bevande,81,11.88,12.15,-0.0223,0,1.0161,0.9716,2595.4,8.06
P0008,fmcg,bevande,82,11.5,12.15,-0.0533,0,0.9884,0.9628,2084.4,8.06
P0008,fmcg,bevande,83,11.47,12.15,-0.0558,0,0.9476,0.9546,2226.1,8.06
P0008,fmcg,bevande,84,12.73,12.15,0.0473,0,1.1211,0.947,1941.4,8.06
P0008,fmcg,bevande,85,11.2,12.15,-0.0783,0,0.9878,0.9401,2503.2,8.06
P0008,fmcg,bevande,86,12.24,12.15,0.0077,0,1.0198,0.9342,2267.7,8.06
P0008,fmcg,bevande,87,11.01,12.15,-0.0935,1,1.0333,0.9292,3320.1,8.06
P0008,fmcg,bevande,88,12.49,12.15,0.0277,0,0.9289,0.9252,1752.7,8.06
P0008,fmcg,bevande,89,11.7,12.15,-0.037,0,1.0378,0.9223,2448.4,8.06
P0008,fmcg,bevande,90,12.32,12.15,0.0139,0,1.0104,0.9206,2454.2,8.06
P0008,fmcg,bevande,91,12.18,12.15,0.0024,0,1.074,0.92,2200.4,8.06
P0008,fmcg,bevande,92,11.79,12.15,-0.0293,0,1.0352,0.9206,2677.4,8.06
P0008,fmcg,bevande,93,12.71,12.15,0.0458,0,0.9015,0.9223,1994.4,8.06
P0008,fmcg,bevande,94,11.45,12.15,-0.0575,1,1.1192,0.9252,3042.0,8.06
P0008,fmcg,bevande,95,12.16,12.15,0.0009,0,0.8999,0.9292,2006.4,8.06
P0008,fmcg,bevande,96,11.88,12.15,-0.022,0,0.9586,0.9342,2701.9,8.06
P0008,fmcg,bevande,97,12.37,12.15,0.0181,0,0.9772,0.9401,2092.2,8.06
P0008,fmcg,bevande,98,11.73,12.15,-0.0348,0,0.9478,0.947,2228.3,8.06
P0008,fmcg,bevande,99,11.49,12.15,-0.0547,0,1.011,0.9546,2588.5,8.06
P0008,fmcg,bevande,100,11.87,12.15,-0.0234,0,1.0148,0.9628,2477.5,8.06
P0008,fmcg,bevande,101,12.47,12.15,0.0261,0,1.0388,0.9716,2280.7,8.06
P0008,fmcg,bevande,102,12.0,12.15,-0.0125,0,0.9316,0.9809,2161.0,8.06
P0008,fmcg,bevande,103,11.67,12.15,-0.0393,0,1.022,0.9904,2923.3,8.06
P0009,fmcg,cura_persona,0,9.44,9.35,0.0099,0,0.9483,1.0,3456.3,6.33
P0009,fmcg,cura_persona,1,9.55,9.35,0.0211,0,0.9661,1.0096,4016.0,6.33
P0009,fmcg,cura_persona,2,9.14,9.35,-0.0227,0,0.9373,1.0191,3969.2,6.33
P0009,fmcg,cura_persona,3,9.44,9.35,0.0096,0,1.1119,1.0284,4379.3,6.33
P0009,fmcg,cura_persona,4,9.25,9.35,-0.0111,0,1.0235,1.0372,3477.5,6.33
P0009,fmcg,cura_persona,5,9.47,9.35,0.0127,0,1.0128,1.0454,4052.6,6.33
P0009,fmcg,cura_persona,6,9.41,9.35,0.006,0,0.9943,1.053,4552.9,6.33
P0009,fmcg,cura_persona,7,9.24,9.35,-0.0112,0,1.0003,1.0599,4023.5,6.33
P0009,fmcg,cura_persona,8,8.91,9.35,-0.0475,0,0.9229,1.0658,3771.2,6.33
P0009,fmcg,cura_persona,9,9.14,9.35,-0.0225,0,1.0317,1.0708,3963.2,6.33
P0009,fmcg,cura_persona,10,8.95,9.35,-0.0429,0,0.9769,1.0748,4504.1,6.33
P0009,fmcg,cura_persona,11,9.11,9.35,-0.0254,0,1.0081,1.0777,5323.7,6.33
P0009,fmcg,cura_persona,12,9.12,9.35,-0.0243,0,0.9913,1.0794,4133.8,6.33
P0009,fmcg,cura_persona,13,8.42,9.35,-0.0997,1,0.9278,1.08,5179.1,6.33
P0009,fmcg,cura_persona,14,9.3,9.35,-0.0058,0,0.9717,1.0794,3884.4,6.33
P0009,fmcg,cura_persona,15,9.64,9.35,0.0311,0,0.995,1.0777,3921.0,6.33
P0009,fmcg,cura_persona,16,9.54,9.35,0.02,0,1.0188,1.0748,4207.8,6.33
P0009,fmcg,cura_persona,17,9.54,9.35,0.0206,0,0.9951,1.0708,3887.8,6.33
P0009,fmcg,cura_persona,18,8.37,9.35,-0.1049,1,0.9686,1.0658,5917.9,6.33
P0009,fmcg,cura_persona,19,9.08,9.35,-0.0288,0,0.9963,1.0599,3999.2,6.33
P0009,fmcg,cura_persona,20,9.28,9.35,-0.0077,0,0.9921,1.053,3808.7,6.33
P0009,fmcg,cura_persona,21,8.95,9.35,-0.0426,0,0.9588,1.0454,2982.8,6.33
P0009,fmcg,cura_persona,22,9.22,9.35,-0.0138,0,0.9745,1.0372,4411.4,6.33
P0009,fmcg,cura_persona,23,9.38,9.35,0.0027,0,0.9815,1.0284,4217.8,6.33
P0009,fmcg,cura_persona,24,8.6,9.35,-0.0801,1,0.9142,1.0191,5026.8,6.33
P0009,fmcg,cura_persona,25,10.09,9.35,0.0797,0,1.0031,1.0096,2968.4,6.33
P0009,fmcg,cura_persona,26,9.53,9.35,0.0193,0,0.9118,1.0,3773.7,6.33
P0009,fmcg,cura_persona,27,9.49,9.35,0.0153,0,0.989,0.9904,3767.7,6.33
P0009,fmcg,cura_persona,28,9.1,9.35,-0.0272,0,1.0925,0.9809,3578.9,6.33
P0009,fmcg,cura_persona,29,8.56,9.35,-0.0847,0,1.0638,0.9716,4860.2,6.33
P0009,fmcg,cura_persona,30,9.53,9.35,0.0196,0,1.0279,0.9628,3147.5,6.33
P0009,fmcg,cura_persona,31,9.09,9.35,-0.0283,0,0.9696,0.9546,4166.4,6.33
P0009,fmcg,cura_persona,32,8.48,9.35,-0.0932,1,0.9633,0.947,4663.7,6.33
P0009,fmcg,cura_persona,33,8.86,9.35,-0.0524,1,1.0178,0.9401,5100.9,6.33
P0009,fmcg,cura_persona,34,8.26,9.35,-0.1166,1,0.9848,0.9342,5050.9,6.33
P0009,fmcg,cura_persona,35,9.68,9.35,0.0356,0,0.9617,0.9292,3337.6,6.33
P0009,fmcg,cura_persona,36,9.01,9.35,-0.0368,0,0.9695,0.9252,4223.3,6.33
P0009,fmcg,cura_persona,37,9.02,9.35,-0.0353,0,1.0153,0.9223,3495.6,6.33
P0009,fmcg,cura_persona,38,9.28,9.35,-0.0074,0,1.0143,0.9206,3241.2,6.33
P0009,fmcg,cura_persona,39,8.75,9.35,-0.0644,0,1.0047,0.92,4733.8,6.33
P0009,fmcg,cura_persona,40,8.78,9.35,-0.0607,0,0.9802,0.9206,4411.2,6.33
P0009,fmcg,cura_persona,41,9.08,9.35,-0.0294,0,0.9657,0.9223,3293.8,6.33
P0009,fmcg,cura_persona,42,9.79,9.35,0.0468,0,1.0526,0.9252,3308.5,6.33
P0009,fmcg,cura_persona,43,8.92,9.35,-0.0465,0,1.0267,0.9292,3106.6,6.33
P0009,fmcg,cura_persona,44,9.45,9.35,0.0106,0,0.9431,0.9342,2958.3,6.33
P0009,fmcg,cura_persona,45,9.51,9.35,0.0176,0,1.0531,0.9401,3581.4,6.33
P0009,fmcg,cura_persona,46,9.11,9.35,-0.0261,0,0.9465,0.947,3383.6,6.33
P0009,fmcg,cura_persona,47,8.33,9.35,-0.1095,1,0.895,0.9546,4758.4,6.33
P0009,fmcg,cura_persona,48,9.38,9.35,0.0028,0,0.9291,0.9628,4631.7,6.33
P0009,fmcg,cura_persona,49,8.79,9.35,-0.0603,1,1.02,0.9716,4674.2,6.33
P0009,fmcg,cura_persona,50,10.04,9.35,0.0743,0,1.0502,0.9809,3516.9,6.33
P0009,fmcg,cura_persona,51,8.02,9.35,-0.1425,1,1.0639,0.9904,5207.1,6.33
P0009,fmcg,cura_persona,52,8.81,9.35,-0.0574,0,0.898,1.0,4157.8,6.33
P0009,fmcg,cura_persona,53,8.7,9.35,-0.0696,0,1.027,1.0096,5320.9,6.33
P0009,fmcg,cura_persona,54,9.27,9.35,-0.009,0,1.0004,1.0191,4189.0,6.33
P0009,fmcg,cura_persona,55,9.24,9.35,-0.012,0,1.0017,1.0284,3958.5,6.33
P0009,fmcg,cura_persona,56,9.31,9.35,-0.0047,0,0.994,1.0372,4490.9,6.33
P0009,fmcg,cura_persona,57,9.51,9.35,0.0167,0,1.086,1.0454,3540.2,6.33
P0009,fmcg,cura_persona,58,9.53,9.35,0.019,0,1.1636,1.053,3225.6,6.33
P0009,fmcg,cura_persona,59,9.49,9.35,0.0147,0,1.0199,1.0599,4765.9,6.33
P0009,fmcg,cura_persona,60,9.65,9.35,0.0317,0,1.0581,1.0658,4019.3,6.33
P0009,fmcg,cura_persona,61,8.39,9.35,-0.1026,1,1.0615,1.0708,6225.9,6.33
P0009,fmcg,cura_persona,62,7.97,9.35,-0.1475,1,0.9961,1.0748,6815.8,6.33
P0009,fmcg,cura_persona,63,8.06,9.35,-0.1375,1,0.9439,1.0777,5610.6,6.33
P0009,fmcg,cura_persona,64,9.1,9.35,-0.0263,0,1.0111,1.0794,4088.9,6.33
P0009,fmcg,cura_persona,65,9.51,9.35,0.0175,0,0.9686,1.08,4561.5,6.33
P0009,fmcg,cura_persona,66,9.21,9.35,-0.0152,0,1.0241,1.0794,3231.5,6.33
P0009,fmcg,cura_persona,67,9.67,9.35,0.0343,0,0.9131,1.0777,4252.9,6.33
P0009,fmcg,cura_persona,68,9.23,9.35,-0.0129,0,1.0146,1.0748,4570.9,6.33
P0009,fmcg,cura_persona,69,9.06,9.35,-0.0315,0,1.0434,1.0708,3786.9,6.33
P0009,fmcg,cura_persona,70,8.35,9.35,-0.1068,1,1.0171,1.0658,6676.2,6.33
P0009,fmcg,cura_persona,71,8.93,9.35,-0.0445,0,0.9459,1.0599,4352.0,6.33
P0009,fmcg,cura_persona,72,9.48,9.35,0.0138,0,0.9807,1.053,4113.8,6.33
P0009,fmcg,cura_persona,73,9.23,9.35,-0.0132,0,0.9521,1.0454,4605.5,6.33
P0009,fmcg,cura_persona,74,9.61,9.35,0.0279,0,0.9768,1.0372,3441.4,6.33
P0009,fmcg,cura_persona,75,9.12,9.35,-0.025,0,0.966,1.0284,3839.1,6.33
P0009,fmcg,cura_persona,76,9.21,9.35,-0.0155,0,0.9213,1.0191,3429.7,6.33
P0009,fmcg,cura_persona,77,9.37,9.35,0.0026,0,1.0226,1.0096,3548.7,6.33
P0009,fmcg,cura_persona,78,9.9,9.35,0.0587,0,0.9906,1.0,3152.9,6.33
P0009,fmcg,cura_persona,79,9.11,9.35,-0.0253,0,0.9703,0.9904,3761.9,6.33
P0009,fmcg,cura_persona,80,9.43,9.35,0.0091,0,1.1046,0.9809,3666.1,6.33
P0009,fmcg,cura_persona,81,9.46,9.35,0.0114,0,1.0019,0.9716,3493.3,6.33
P0009,fmcg,cura_persona,82,7.95,9.35,-0.1498,1,0.9974,0.9628,6111.4,6.33
P0009,fmcg,cura_persona,83,9.04,9.35,-0.0332,0,1.1512,0.9546,3366.7,6.33
P0009,fmcg,cura_persona,84,8.86,9.35,-0.0523,0,1.0058,0.947,3359.5,6.33
P0009,fmcg,cura_persona,85,8.24,9.35,-0.1192,1,1.0236,0.9401,5610.0,6.33
P0009,fmcg,cura_persona,86,9.95,9.35,0.0643,0,0.9404,0.9342,3700.5,6.33
P0009,fmcg,cura_persona,87,9.54,9.35,0.0202,0,0.9573,0.9292,3337.9,6.33
P0009,fmcg,cura_persona,88,9.36,9.35,0.001,0,0.9875,0.9252,2634.1,6.33
P0009,fmcg,cura_persona,89,9.32,9.35,-0.0028,0,0.9758,0.9223,3154.9,6.33
P0009,fmcg,cura_persona,90,8.73,9.35,-0.0658,1,0.8872,0.9206,4905.3,6.33
P0009,fmcg,cura_persona,91,9.28,9.35,-0.007,0,0.9426,0.92,3424.7,6.33
P0009,fmcg,cura_persona,92,9.01,9.35,-0.036,0,0.9625,0.9206,3933.2,6.33
P0009,fmcg,cura_persona,93,9.2,9.35,-0.0157,0,1.0977,0.9223,3593.7,6.33
P0009,fmcg,cura_persona,94,9.23,9.35,-0.0129,0,0.9702,0.9252,2646.4,6.33
P0009,fmcg,cura_persona,95,9.5,9.35,0.0157,0,0.991,0.9292,3247.1,6.33
P0009,fmcg,cura_persona,96,8.41,9.35,-0.1004,1,0.9705,0.9342,4393.1,6.33
P0009,fmcg,cura_persona,97,9.64,9.35,0.0306,0,0.8899,0.9401,2721.0,6.33
P0009,fmcg,cura_persona,98,9.2,9.35,-0.0165,0,0.9338,0.947,4472.7,6.33
P0009,fmcg,cura_persona,99,9.51,9.35,0.0166,0,0.9654,0.9546,3692.9,6.33
P0009,fmcg,cura_persona,100,9.26,9.35,-0.0099,0,1.0306,0.9628,2930.2,6.33
P0009,fmcg,cura_persona,101,8.2,9.35,-0.1229,1,1.064,0.9716,4791.9,6.33
P0009,fmcg,cura_persona,102,8.97,9.35,-0.0407,0,1.0125,0.9809,3847.2,6.33
P0009,fmcg,cura_persona,103,9.02,9.35,-0.0355,0,0.9367,0.9904,3798.7,6.33
P0010,fmcg,cura_persona,0,4.68,4.79,-0.024,0,1.0774,1.0,2256.2,3.45
P0010,fmcg,cura_persona,1,4.7,4.79,-0.0187,0,1.0122,1.0096,2258.1,3.45
P0010,fmcg,cura_persona,2,4.13,4.79,-0.1386,1,0.9932,1.0191,4177.0,3.45
P0010,fmcg,cura_persona,3,4.76,4.79,-0.0058,0,0.9567,1.0284,2609.6,3.45
P0010,fmcg,cura_persona,4,4.85,4.79,0.0128,0,1.0679,1.0372,2502.8,3.45
P0010,fmcg,cura_persona,5,4.55,4.79,-0.0498,0,0.9652,1.0454,2239.6,3.45
P0010,fmcg,cura_persona,6,4.82,4.79,0.006,0,0.9305,1.053,2194.9,3.45
P0010,fmcg,cura_persona,7,4.78,4.79,-0.0019,0,0.9172,1.0599,2449.6,3.45
P0010,fmcg,cura_persona,8,4.82,4.79,0.0063,0,1.0954,1.0658,2514.0,3.45
P0010,fmcg,cura_persona,9,4.55,4.79,-0.051,1,0.9301,1.0708,2890.3,3.45
P0010,fmcg,cura_persona,10,4.43,4.79,-0.0755,0,0.9981,1.0748,2441.1,3.45
P0010,fmcg,cura_persona,11,4.61,4.79,-0.0377,0,1.0212,1.0777,2539.1,3.45
P0010,fmcg,cura_persona,12,4.79,4.79,0.0002,0,0.9616,1.0794,2262.5,3.45
P0010,fmcg,cura_persona,13,4.86,4.79,0.0142,0,1.0295,1.08,3041.8,3.45
P0010,fmcg,cura_persona,14,4.75,4.79,-0.0094,0,0.9712,1.0794,2441.9,3.45
P0010,fmcg,cura_persona,15,4.78,4.79,-0.0019,0,1.0543,1.0777,2170.8,3.45
P0010,fmcg,cura_persona,16,4.88,4.79,0.0188,0,0.9994,1.0748,2145.8,3.45
P0010,fmcg,cura_persona,17,4.65,4.79,-0.0286,0,1.0149,1.0708,2253.2,3.45
P0010,fmcg,cura_persona,18,4.31,4.79,-0.1011,1,0.9661,1.0658,3868.0,3.45
P0010,fmcg,cura_persona,19,4.7,4.79,-0.0181,0,1.0379,1.0599,2497.2,3.45
P0010,fmcg,cura_persona,20,4.78,4.79,-0.0015,0,1.0216,1.053,2345.8,3.45
P0010,fmcg,cura_persona,21,4.68,4.79,-0.0224,0,1.0847,1.0454,2092.7,3.45
P0010,fmcg,cura_persona,22,4.74,4.79,-0.0112,0,1.088,1.0372,2060.7,3.45
P0010,fmcg,cura_persona,23,4.63,4.79,-0.0339,0,1.0162,1.0284,2032.5,3.45
P0010,fmcg,cura_persona,24,4.43,4.79,-0.0753,0,1.012,1.0191,2462.6,3.45
P0010,fmcg,cura_persona,25,4.97,4.79,0.038,0,0.9346,1.0096,2211.1,3.45
P0010,fmcg,cura_persona,26,5.06,4.79,0.0561,0,1.0375,1.0,1697.9,3.45
P0010,fmcg,cura_persona,27,4.89,4.79,0.0212,0,0.9869,0.9904,2001.9,3.45
P0010,fmcg,cura_persona,28,4.66,4.79,-0.0262,0,1.0046,0.9809,2518.8,3.45
P0010,fmcg,cura_persona,29,4.76,4.79,-0.0056,0,0.9856,0.9716,1724.7,3.45
P0010,fmcg,cura_persona,30,4.92,4.79,0.0275,0,0.9472,0.9628,2035.9,3.45
P0010,fmcg,cura_persona,31,4.8,4.79,0.0026,0,1.052,0.9546,1777.9,3.45
P0010,fmcg,cura_persona,32,4.82,4.79,0.0066,0,0.9648,0.947,2394.1,3.45
P0010,fmcg,cura_persona,33,4.84,4.79,0.0102,0,1.0897,0.9401,1659.3,3.45
P0010,fmcg,cura_persona,34,4.3,4.79,-0.1026,1,0.9543,0.9342,3317.5,3.45
P0010,fmcg,cura_persona,35,4.91,4.79,0.0242,0,1.0529,0.9292,1967.8,3.45
P0010,fmcg,cura_persona,36,4.63,4.79,-0.0338,0,1.0282,0.9252,2161.1,3.45
P0010,fmcg,cura_persona,37,4.27,4.79,-0.1083,1,1.0621,0.9223,3256.9,3.45
P0010,fmcg,cura_persona,38,4.35,4.79,-0.0926,1,0.9661,0.9206,2833.2,3.45
P0010,fmcg,cura_persona,39,5.09,4.79,0.0623,0,1.0812,0.92,1816.9,3.45
P0010,fmcg,cura_persona,40,4.92,4.79,0.0277,0,0.9372,0.9206,2023.3,3.45
P0010,fmcg,cura_persona,41,4.84,4.79,0.0111,0,0.9886,0.9223,2065.0,3.45
P0010,fmcg,cura_persona,42,4.12,4.79,-0.1389,1,1.0089,0.9252,3747.6,3.45
P0010,fmcg,cura_persona,43,4.64,4.79,-0.0314,0,1.0223,0.9292,2126.8,3.45
P0010,fmcg,cura_persona,44,4.84,4.79,0.0109,0,1.0219,0.9342,2233.6,3.45
P0010,fmcg,cura_persona,45,4.64,4.79,-0.0314,0,0.8781,0.9401,2057.2,3.45
P0010,fmcg,cura_persona,46,4.73,4.79,-0.0124,0,1.0401,0.947,2140.1,3.45
P0010,fmcg,cura_persona,47,4.74,4.79,-0.0103,0,1.0234,0.9546,2241.7,3.45
P0010,fmcg,cura_persona,48,4.5,4.79,-0.0597,0,0.9771,0.9628,2636.5,3.45
P0010,fmcg,cura_persona,49,4.28,4.79,-0.1072,1,0.9854,0.9716,3686.1,3.45
P0010,fmcg,cura_persona,50,4.73,4.79,-0.0126,0,1.0165,0.9809,2510.2,3.45
P0010,fmcg,cura_persona,51,4.91,4.79,0.026,0,1.0022,0.9904,2009.0,3.45
P0010,fmcg,cura_persona,52,4.77,4.79,-0.004,0,1.0095,1.0,1919.7,3.45
P0010,fmcg,cura_persona,53,4.23,4.79,-0.1163,1,0.9784,1.0096,3619.7,3.45
P0010,fmcg,cura_persona,54,4.72,4.79,-0.0148,0,0.9667,1.0191,2129.3,3.45
P0010,fmcg,cura_persona,55,4.32,4.79,-0.0984,0,0.9499,1.0284,3871.3,3.45
P0010,fmcg,cura_persona,56,4.6,4.79,-0.0387,0,0.9979,1.0372,2463.4,3.45
P0010,fmcg,cura_persona,57,5.1,4.79,0.0644,0,1.0194,1.0454,1845.6,3.45
P0010,fmcg,cura_persona,58,4.09,4.79,-0.1464,1,0.9483,1.053,3259.3,3.45
P0010,fmcg,cura_persona,59,4.64,4.79,-0.0314,0,0.9411,1.0599,2549.7,3.45
P0010,fmcg,cura_persona,60,4.31,4.79,-0.1,0,0.9478,1.0658,2742.4,3.45
P0010,fmcg,cura_persona,61,5.04,4.79,0.0532,0,0.9693,1.0708,2294.5,3.45
P0010,fmcg,cura_persona,62,4.78,4.79,-0.0015,0,0.9582,1.0748,2313.0,3.45
P0010,fmcg,cura_persona,63,4.82,4.79,0.006,0,0.9882,1.0777,2051.6,3.45
P0010,fmcg,cura_persona,64,4.86,4.79,0.0149,0,0.9776,1.0794,2296.8,3.45
P0010,fmcg,cura_persona,65,4.29,4.79,-0.1053,1,1.0035,1.08,3456.8,3.45
P0010,fmcg,cura_persona,66,4.52,4.79,-0.0568,0,0.9821,1.0794,2838.1,3.45
P0010,fmcg,cura_persona,67,5.21,4.79,0.0882,0,1.0443,1.0777,2215.1,3.45
P0010,fmcg,cura_persona,68,5.1,4.79,0.0649,0,0.9606,1.0748,1487.4,3.45
P0010,fmcg,cura_persona,69,4.88,4.79,0.0195,0,1.0076,1.0708,2291.5,3.45
P0010,fmcg,cura_persona,70,4.85,4.79,0.0134,0,1.0399,1.0658,1997.8,3.45
P0010,fmcg,cura_persona,71,5.06,4.79,0.0565,0,1.005,1.0599,1882.9,3.45
P0010,fmcg,cura_persona,72,4.68,4.79,-0.0227,0,0.9646,1.053,2051.2,3.45
P0010,fmcg,cura_persona,73,4.76,4.79,-0.0068,0,0.9704,1.0454,2618.4,3.45
P0010,fmcg,cura_persona,74,4.83,4.79,0.0093,0,0.9628,1.0372,2163.8,3.45
P0010,fmcg,cura_persona,75,4.91,4.79,0.0251,0,0.9953,1.0284,2394.7,3.45
P0010,fmcg,cura_persona,76,4.92,4.79,0.0277,0,0.9755,1.0191,1667.8,3.45
P0010,fmcg,cura_persona,77,4.91,4.79,0.0254,0,1.0288,1.0096,2171.4,3.45
P0010,fmcg,cura_persona,78,4.65,4.79,-0.0282,0,1.0276,1.0,2421.3,3.45
P0010,fmcg,cura_persona,79,4.98,4.79,0.0388,0,0.9559,0.9904,1834.5,3.45
P0010,fmcg,cura_persona,80,4.94,4.79,0.0304,0,0.9821,0.9809,2053.5,3.45
P0010,fmcg,cura_persona,81,4.13,4.79,-0.1377,1,0.9547,0.9716,3610.9,3.45
P0010,fmcg,cura_persona,82,4.83,4.79,0.0086,0,1.0565,0.9628,1963.7,3.45
P0010,fmcg,cura_persona,83,4.84,4.79,0.0114,0,0.9837,0.9546,1974.1,3.45
P0010,fmcg,cura_persona,84,5.17,4.79,0.0785,0,0.888,0.947,1653.9,3.45
P0010,fmcg,cura_persona,85,4.11,4.79,-0.1413,1,1.045,0.9401,3911.5,3.45
P0010,fmcg,cura_persona,86,4.74,4.79,-0.0095,0,0.9944,0.9342,2034.9,3.45
P0010,fmcg,cura_persona,87,4.76,4.79,-0.0066,0,1.0126,0.9292,2229.1,3.45
P0010,fmcg,cura_persona,88,4.21,4.79,-0.1207,1,0.9126,0.9252,3676.9,3.45
P0010,fmcg,cura_persona,89,4.87,4.79,0.0177,0,0.9285,0.9223,2375.1,3.45
P0010,fmcg,cura_persona,90,4.82,4.79,0.0059,0,1.0427,0.9206,1743.9,3.45
P0010,fmcg,cura_persona,91,4.82,4.79,0.0063,0,1.1429,0.92,2032.4,3.45
P0010,fmcg,cura_persona,92,4.99,4.79,0.0422,0,1.0184,0.9206,1612.8,3.45
P0010,fmcg,cura_persona,93,4.54,4.79,-0.0524,0,1.08,0.9223,2297.2,3.45
P0010,fmcg,cura_persona,94,5.1,4.79,0.0644,0,0.983,0.9252,1885.0,3.45
P0010,fmcg,cura_persona,95,4.91,4.79,0.025,0,0.9575,0.9292,1625.3,3.45
P0010,fmcg,cura_persona,96,4.8,4.79,0.0011,0,0.9826,0.9342,2332.5,3.45
P0010,fmcg,cura_persona,97,4.84,4.79,0.011,0,1.0034,0.9401,1644.9,3.45
P0010,fmcg,cura_persona,98,4.79,4.79,0.0004,0,1.0991,0.947,2190.8,3.45
P0010,fmcg,cura_persona,99,4.31,4.79,-0.1,0,1.0367,0.9546,2569.3,3.45
P0010,fmcg,cura_persona,100,4.64,4.79,-0.0308,0,1.0175,0.9628,2466.1,3.45
P0010,fmcg,cura_persona,101,4.72,4.79,-0.0149,0,1.0013,0.9716,2315.3,3.45
P0010,fmcg,cura_persona,102,4.95,4.79,0.0341,0,0.9769,0.9809,1678.4,3.45
P0010,fmcg,cura_persona,103,4.69,4.79,-0.0212,0,0.9716,0.9904,2224.7,3.45
P0011,fmcg,cura_persona,0,10.46,10.6,-0.0135,0,0.9991,1.0,2824.5,7.5
P0011,fmcg,cura_persona,1,9.73,10.6,-0.0825,0,1.094,1.0096,3157.0,7.5
P0011,fmcg,cura_persona,2,10.09,10.6,-0.0482,0,0.9764,1.0191,2823.6,7.5
P0011,fmcg,cura_persona,3,10.38,10.6,-0.0205,0,1.0379,1.0284,2729.8,7.5
P0011,fmcg,cura_persona,4,10.51,10.6,-0.0086,0,1.0642,1.0372,2327.8,7.5
P0011,fmcg,cura_persona,5,9.88,10.6,-0.0682,0,0.9456,1.0454,2945.3,7.5
P0011,fmcg,cura_persona,6,10.33,10.6,-0.0257,0,0.8993,1.053,2697.3,7.5
P0011,fmcg,cura_persona,7,10.75,10.6,0.0141,0,1.0094,1.0599,2552.8,7.5
P0011,fmcg,cura_persona,8,10.18,10.6,-0.0399,0,0.9978,1.0658,3503.7,7.5
P0011,fmcg,cura_persona,9,10.83,10.6,0.0221,0,0.9631,1.0708,2881.8,7.5
P0011,fmcg,cura_persona,10,9.35,10.6,-0.1183,1,1.1019,1.0748,3685.6,7.5
P0011,fmcg,cura_persona,11,11.05,10.6,0.0424,0,0.9267,1.0777,2594.6,7.5
P0011,fmcg,cura_persona,12,10.52,10.6,-0.0078,0,0.9202,1.0794,3260.3,7.5
P0011,fmcg,cura_persona,13,10.79,10.6,0.0178,0,0.9565,1.08,2947.7,7.5
P0011,fmcg,cura_persona,14,10.48,10.6,-0.0116,0,1.1077,1.0794,3089.4,7.5
P0011,fmcg,cura_persona,15,10.67,10.6,0.0063,0,0.9324,1.0777,2566.5,7.5
P0011,fmcg,cura_persona,16,10.44,10.6,-0.0156,0,1.0468,1.0748,3280.1,7.5
P0011,fmcg,cura_persona,17,10.19,10.6,-0.0385,0,0.9729,1.0708,3269.5,7.5
P0011,fmcg,cura_persona,18,10.5,10.6,-0.0097,0,1.0221,1.0658,2883.3,7.5
P0011,fmcg,cura_persona,19,11.19,10.6,0.0557,0,0.9914,1.0599,3112.6,7.5
P0011,fmcg,cura_persona,20,10.06,10.6,-0.0514,0,0.9449,1.053,2876.5,7.5
P0011,fmcg,cura_persona,21,10.57,10.6,-0.0032,0,1.0307,1.0454,3392.7,7.5
P0011,fmcg,cura_persona,22,10.43,10.6,-0.0156,0,0.8959,1.0372,2978.4,7.5
P0011,fmcg,cura_persona,23,10.67,10.6,0.0064,0,1.1053,1.0284,3281.5,7.5
P0011,fmcg,cura_persona,24,10.24,10.6,-0.0337,0,0.9744,1.0191,2954.4,7.5
P0011,fmcg,cura_persona,25,10.79,10.6,0.0175,0,1.0178,1.0096,2394.3,7.5
P0011,fmcg,cura_persona,26,10.64,10.6,0.0036,0,0.9135,1.0,2744.9,7.5
P0011,fmcg,cura_persona,27,10.96,10.6,0.034,0,0.9831,0.9904,2881.4,7.5
P0011,fmcg,cura_persona,28,10.11,10.6,-0.046,0,0.9292,0.9809,3358.3,7.5
P0011,fmcg,cura_persona,29,10.72,10.6,0.0113,0,1.0748,0.9716,3009.6,7.5
P0011,fmcg,cura_persona,30,10.26,10.6,-0.0319,0,1.0866,0.9628,3002.0,7.5
P0011,fmcg,cura_persona,31,10.35,10.6,-0.0234,0,1.0128,0.9546,2252.3,7.5
P0011,fmcg,cura_persona,32,9.19,10.6,-0.1331,1,1.0185,0.947,3870.9,7.5
P0011,fmcg,cura_persona,33,9.99,10.6,-0.0578,1,0.9919,0.9401,4498.8,7.5
P0011,fmcg,cura_persona,34,10.73,10.6,0.0124,0,0.9987,0.9342,2815.8,7.5
P0011,fmcg,cura_persona,35,10.29,10.6,-0.029,0,0.9961,0.9292,2172.9,7.5
P0011,fmcg,cura_persona,36,11.37,10.6,0.0723,0,1.004,0.9252,1783.3,7.5
P0011,fmcg,cura_persona,37,10.26,10.6,-0.0316,0,0.9668,0.9223,2905.8,7.5
P0011,fmcg,cura_persona,38,10.0,10.6,-0.0567,1,0.9675,0.9206,3558.4,7.5
P0011,fmcg,cura_persona,39,10.19,10.6,-0.0388,0,0.9834,0.92,2833.5,7.5
P0011,fmcg,cura_persona,40,10.08,10.6,-0.0495,0,1.0495,0.9206,1994.4,7.5
P0011,fmcg,cura_persona,41,10.37,10.6,-0.0217,0,1.0074,0.9223,2837.1,7.5
P0011,fmcg,cura_persona,42,10.34,10.6,-0.0249,0,1.0293,0.9252,2738.0,7.5
P0011,fmcg,cura_persona,43,11.31,10.6,0.0665,0,0.9281,0.9292,2451.3,7.5
P0011,fmcg,cura_persona,44,10.7,10.6,0.0096,0,0.9753,0.9342,2822.3,7.5
P0011,fmcg,cura_persona,45,10.58,10.6,-0.0023,0,0.9718,0.9401,2416.1,7.5
P0011,fmcg,cura_persona,46,11.0,10.6,0.0377,0,0.9828,0.947,2724.3,7.5
P0011,fmcg,cura_persona,47,10.27,10.6,-0.0312,0,0.9871,0.9546,2689.3,7.5
P0011,fmcg,cura_persona,48,10.76,10.6,0.015,0,1.0117,0.9628,2158.2,7.5
P0011,fmcg,cura_persona,49,10.76,10.6,0.0149,0,0.9592,0.9716,2733.8,7.5
P0011,fmcg,cura_persona,50,10.13,10.6,-0.0445,0,0.9294,0.9809,3579.0,7.5
P0011,fmcg,cura_persona,51,9.05,10.6,-0.146,1,0.9533,0.9904,4150.8,7.5
P0011,fmcg,cura_persona,52,10.93,10.6,0.0309,0,0.9612,1.0,3018.1,7.5
P0011,fmcg,cura_persona,53,10.21,10.6,-0.0365,0,0.9787,1.0096,2170.7,7.5
P0011,fmcg,cura_persona,54,10.54,10.6,-0.006,0,1.0412,1.0191,2278.7,7.5
P0011,fmcg,cura_persona,55,10.9,10.6,0.0287,0,1.0626,1.0284,2714.0,7.5
P0011,fmcg,cura_persona,56,10.05,10.6,-0.0515,0,1.0357,1.0372,2855.1,7.5
P0011,fmcg,cura_persona,57,10.18,10.6,-0.0393,0,1.0003,1.0454,2802.6,7.5
P0011,fmcg,cura_persona,58,9.93,10.6,-0.0633,0,0.8936,1.053,3824.0,7.5
P0011,fmcg,cura_persona,59,9.36,10.6,-0.1168,1,0.9475,1.0599,4476.7,7.5
P0011,fmcg,cura_persona,60,10.76,10.6,0.0147,0,1.0074,1.0658,3299.3,7.5
P0011,fmcg,cura_persona,61,10.61,10.6,0.0011,0,0.9991,1.0708,2873.5,7.5
P0011,fmcg,cura_persona,62,10.63,10.6,0.0026,0,1.0017,1.0748,2621.8,7.5
P0011,fmcg,cura_persona,63,9.93,10.6,-0.0634,1,0.9891,1.0777,4005.2,7.5
P0011,fmcg,cura_persona,64,9.81,10.6,-0.0742,0,1.0445,1.0794,3122.3,7.5
P0011,fmcg,cura_persona,65,9.73,10.6,-0.0825,1,0.9976,1.08,5405.7,7.5
P0011,fmcg,cura_persona,66,11.06,10.6,0.0434,0,1.002,1.0794,2946.8,7.5
P0011,fmcg,cura_persona,67,10.91,10.6,0.0297,0,0.9657,1.0777,2539.7,7.5
P0011,fmcg,cura_persona,68,10.64,10.6,0.0035,0,0.989,1.0748,3233.0,7.5
P0011,fmcg,cura_persona,69,9.09,10.6,-0.1427,1,0.9633,1.0708,3991.5,7.5
P0011,fmcg,cura_persona,70,10.71,10.6,0.0107,0,1.024,1.0658,2478.7,7.5
P0011,fmcg,cura_persona,71,10.79,10.6,0.0178,0,0.9874,1.0599,3257.2,7.5
P0011,fmcg,cura_persona,72,9.6,10.6,-0.0939,1,0.9489,1.053,3845.8,7.5
P0011,fmcg,cura_persona,73,10.99,10.6,0.0365,0,0.9932,1.0454,2755.9,7.5
P0011,fmcg,cura_persona,74,10.93,10.6,0.0312,0,0.981,1.0372,2660.1,7.5
P0011,fmcg,cura_persona,75,10.53,10.6,-0.0066,0,0.9883,1.0284,2889.9,7.5
P0011,fmcg,cura_persona,76,11.21,10.6,0.0576,0,1.0293,1.0191,2852.9,7.5
P0011,fmcg,cura_persona,77,9.32,10.6,-0.1207,1,1.0327,1.0096,4384.8,7.5
P0011,fmcg,cura_persona,78,10.48,10.6,-0.0115,0,0.9959,1.0,2660.6,7.5
P0011,fmcg,cura_persona,79,9.88,10.6,-0.0678,1,1.0687,0.9904,3965.5,7.5
P0011,fmcg,cura_persona,80,10.25,10.6,-0.0328,0,1.0006,0.9809,2876.2,7.5
P0011,fmcg,cura_persona,81,10.4,10.6,-0.0189,0,0.9838,0.9716,2922.8,7.5
P0011,fmcg,cura_persona,82,10.38,10.6,-0.0203,0,1.0234,0.9628,2702.9,7.5
P0011,fmcg,cura_persona,83,10.42,10.6,-0.017,0,1.0539,0.9546,2226.2,7.5
P0011,fmcg,cura_persona,84,11.19,10.6,0.0555,0,0.962,0.947,2415.6,7.5
P0011,fmcg,cura_persona,85,11.2,10.6,0.057,0,0.9958,0.9401,2405.7,7.5
P0011,fmcg,cura_persona,86,10.85,10.6,0.0232,0,0.9562,0.9342,2315.4,7.5
P0011,fmcg,cura_persona,87,10.37,10.6,-0.0218,0,0.8941,0.9292,2655.4,7.5
P0011,fmcg,cura_persona,88,11.2,10.6,0.0566,0,1.0088,0.9252,2113.2,7.5
P0011,fmcg,cura_persona,89,9.9,10.6,-0.0661,0,0.945,0.9223,3224.6,7.5
P0011,fmcg,cura_persona,90,10.87,10.6,0.0254,0,0.9954,0.9206,2333.3,7.5
P0011,fmcg,cura_persona,91,11.36,10.6,0.0721,0,0.9906,0.92,2950.5,7.5
P0011,fmcg,cura_persona,92,9.95,10.6,-0.0609,0,0.9667,0.9206,2606.2,7.5
P0011,fmcg,cura_persona,93,9.68,10.6,-0.0868,1,1.1498,0.9223,3248.1,7.5
P0011,fmcg,cura_persona,94,10.83,10.6,0.0216,0,0.9999,0.9252,2517.5,7.5
P0011,fmcg,cura_persona,95,10.64,10.6,0.0037,0,1.0256,0.9292,2668.5,7.5
P0011,fmcg,cura_persona,96,11.12,10.6,0.0494,0,1.0468,0.9342,2424.7,7.5
P0011,fmcg,cura_persona,97,10.38,10.6,-0.021,0,0.989,0.9401,2783.3,7.5
P0011,fmcg,cura_persona,98,10.25,10.6,-0.0328,0,0.9406,0.947,2274.0,7.5
P0011,fmcg,cura_persona,99,10.05,10.6,-0.0514,0,0.95,0.9546,2749.1,7.5
P0011,fmcg,cura_persona,100,10.74,10.6,0.0133,0,1.037,0.9628,2451.9,7.5
P0011,fmcg,cura_persona,101,10.8,10.6,0.0188,0,0.9643,0.9716,2385.4,7.5
P0011,fmcg,cura_persona,102,10.93,10.6,0.0309,0,1.0301,0.9809,2901.2,7.5
P0011,fmcg,cura_persona,103,11.1,10.6,0.0474,0,1.0196,0.9904,2886.3,7.5
P0012,fmcg,alimentare_confezionato,0,3.18,3.17,0.0017,0,0.9862,1.0,3608.7,2.04
P0012,fmcg,alimentare_confezionato,1,3.27,3.17,0.0304,0,0.9207,1.0096,3091.0,2.04
P0012,fmcg,alimentare_confezionato,2,3.1,3.17,-0.0219,0,0.9881,1.0191,3317.5,2.04
P0012,fmcg,alimentare_confezionato,3,2.98,3.17,-0.06,1,0.9907,1.0284,5568.5,2.04
P0012,fmcg,alimentare_confezionato,4,3.26,3.17,0.0276,0,1.0411,1.0372,3866.2,2.04
P0012,fmcg,alimentare_confezionato,5,3.01,3.17,-0.0503,1,0.9885,1.0454,5686.8,2.04
P0012,fmcg,alimentare_confezionato,6,3.07,3.17,-0.0307,0,0.9951,1.053,4602.8,2.04
P0012,fmcg,alimentare_confezionato,7,3.33,3.17,0.0517,0,1.0393,1.0599,2860.7,2.04
P0012,fmcg,alimentare_confezionato,8,3.03,3.17,-0.0434,0,0.9256,1.0658,4146.9,2.04
P0012,fmcg,alimentare_confezionato,9,2.75,3.17,-0.1309,1,1.0249,1.0708,6511.9,2.04
P0012,fmcg,alimentare_confezionato,10,3.16,3.17,-0.0037,0,0.9246,1.0748,2949.4,2.04
P0012,fmcg,alimentare_confezionato,11,3.09,3.17,-0.0264,0,1.0436,1.0777,4494.8,2.04
P0012,fmcg,alimentare_confezionato,12,3.24,3.17,0.0207,0,0.9669,1.0794,2878.9,2.04
P0012,fmcg,alimentare_confezionato,13,3.12,3.17,-0.0165,0,0.978,1.08,4900.3,2.04
P0012,fmcg,alimentare_confezionato,14,3.21,3.17,0.0134,0,0.9503,1.0794,4063.0,2.04
P0012,fmcg,alimentare_confezionato,15,3.21,3.17,0.0133,0,0.9528,1.0777,3319.1,2.04
P0012,fmcg,alimentare_confezionato,16,3.37,3.17,0.062,0,1.024,1.0748,2971.3,2.04
P0012,fmcg,alimentare_confezionato,17,2.81,3.17,-0.1147,1,1.0051,1.0708,7020.5,2.04
P0012,fmcg,alimentare_confezionato,18,3.17,3.17,-0.0015,0,1.031,1.0658,3884.5,2.04
P0012,fmcg,alimentare_confezionato,19,3.08,3.17,-0.0283,0,1.0494,1.0599,4482.8,2.04
P0012,fmcg,alimentare_confezionato,20,3.37,3.17,0.0631,0,1.0067,1.053,3116.6,2.04
P0012,fmcg,alimentare_confezionato,21,3.25,3.17,0.025,0,0.9509,1.0454,3048.5,2.04
P0012,fmcg,alimentare_confezionato,22,3.15,3.17,-0.0062,0,0.9987,1.0372,4137.5,2.04
P0012,fmcg,alimentare_confezionato,23,3.32,3.17,0.0465,0,0.9034,1.0284,3359.1,2.04
P0012,fmcg,alimentare_confezionato,24,3.0,3.17,-0.0534,0,0.9673,1.0191,3555.9,2.04
P0012,fmcg,alimentare_confezionato,25,2.88,3.17,-0.0926,1,1.1011,1.0096,4799.1,2.04
P0012,fmcg,alimentare_confezionato,26,3.23,3.17,0.0196,0,1.0194,1.0,3499.0,2.04
P0012,fmcg,alimentare_confezionato,27,3.36,3.17,0.0591,0,1.0551,0.9904,2699.4,2.04
P0012,fmcg,alimentare_confezionato,28,2.93,3.17,-0.076,1,1.0157,0.9809,5683.1,2.04
P0012,fmcg,alimentare_confezionato,29,3.19,3.17,0.007,0,1.0061,0.9716,2606.4,2.04
P0012,fmcg,alimentare_confezionato,30,3.1,3.17,-0.0234,0,0.9407,0.9628,4150.9,2.04
P0012,fmcg,alimentare_confezionato,31,3.17,3.17,-0.001,0,0.9718,0.9546,3434.0,2.04
P0012,fmcg,alimentare_confezionato,32,3.08,3.17,-0.0289,0,0.9998,0.947,3857.4,2.04
P0012,fmcg,alimentare_confezionato,33,3.16,3.17,-0.002,0,0.9785,0.9401,3218.2,2.04
P0012,fmcg,alimentare_confezionato,34,2.83,3.17,-0.1088,1,1.0962,0.9342,4879.4,2.04
P0012,fmcg,alimentare_confezionato,35,3.39,3.17,0.0698,0,0.9725,0.9292,3505.7,2.04
P0012,fmcg,alimentare_confezionato,36,3.37,3.17,0.0624,0,1.0375,0.9252,2953.4,2.04
P0012,fmcg,alimentare_confezionato,37,3.1,3.17,-0.0218,0,1.0038,0.9223,3716.8,2.04
P0012,fmcg,alimentare_confezionato,38,3.13,3.17,-0.0111,0,0.9875,0.9206,3672.6,2.04
P0012,fmcg,alimentare_confezionato,39,3.1,3.17,-0.0234,0,0.9666,0.92,3494.5,2.04
P0012,fmcg,alimentare_confezionato,40,3.3,3.17,0.0401,0,0.9374,0.9206,2860.5,2.04
P0012,fmcg,alimentare_confezionato,41,3.14,3.17,-0.0094,0,1.0802,0.9223,2744.4,2.04
P0012,fmcg,alimentare_confezionato,42,3.1,3.17,-0.0224,0,0.9586,0.9252,3468.8,2.04
P0012,fmcg,alimentare_confezionato,43,3.22,3.17,0.0153,0,1.0588,0.9292,2528.9,2.04
P0012,fmcg,alimentare_confezionato,44,3.14,3.17,-0.0109,0,1.0366,0.9342,2821.6,2.04
P0012,fmcg,alimentare_confezionato,45,3.2,3.17,0.0083,0,1.0578,0.9401,2649.8,2.04
P0012,fmcg,alimentare_confezionato,46,3.0,3.17,-0.0538,1,1.0253,0.947,5018.9,2.04
P0012,fmcg,alimentare_confezionato,47,3.11,3.17,-0.0187,0,1.0464,0.9546,4041.4,2.04
P0012,fmcg,alimentare_confezionato,48,3.24,3.17,0.0214,0,1.0479,0.9628,3102.1,2.04
P0012,fmcg,alimentare_confezionato,49,2.81,3.17,-0.115,1,0.94,0.9716,5235.7,2.04
P0012,fmcg,alimentare_confezionato,50,3.25,3.17,0.025,0,0.9687,0.9809,2982.0,2.04
P0012,fmcg,alimentare_confezionato,51,2.99,3.17,-0.0571,1,1.1144,0.9904,4017.2,2.04
P0012,fmcg,alimentare_confezionato,52,3.05,3.17,-0.038,0,1.0509,1.0,3340.7,2.04
P0012,fmcg,alimentare_confezionato,53,3.1,3.17,-0.0206,0,0.9962,1.0096,3788.5,2.04
P0012,fmcg,alimentare_confezionato,54,2.85,3.17,-0.0999,1,0.9335,1.0191,5922.5,2.04
P0012,fmcg,alimentare_confezionato,55,3.01,3.17,-0.0518,1,0.9646,1.0284,4079.3,2.04
P0012,fmcg,alimentare_confezionato,56,3.31,3.17,0.0454,0,1.008,1.0372,3215.8,2.04
P0012,fmcg,alimentare_confezionato,57,3.37,3.17,0.0615,0,0.9485,1.0454,2952.9,2.04
P0012,fmcg,alimentare_confezionato,58,2.96,3.17,-0.065,0,1.0637,1.053,4486.9,2.04
P0012,fmcg,alimentare_confezionato,59,3.23,3.17,0.0195,0,0.9919,1.0599,3111.9,2.04
P0012,fmcg,alimentare_confezionato,60,3.06,3.17,-0.0341,0,1.0243,1.0658,4355.5,2.04
P0012,fmcg,alimentare_confezionato,61,3.21,3.17,0.013,0,1.0462,1.0708,3490.5,2.04
P0012,fmcg,alimentare_confezionato,62,3.22,3.17,0.0166,0,0.9807,1.0748,3724.0,2.04
P0012,fmcg,alimentare_confezionato,63,3.07,3.17,-0.0309,0,1.0318,1.0777,4416.8,2.04
P0012,fmcg,alimentare_confezionato,64,3.24,3.17,0.0235,0,0.9734,1.0794,3580.5,2.04
P0012,fmcg,alimentare_confezionato,65,3.26,3.17,0.0283,0,1.0398,1.08,4454.6,2.04
P0012,fmcg,alimentare_confezionato,66,2.83,3.17,-0.1057,1,0.9639,1.0794,5646.9,2.04
P0012,fmcg,alimentare_confezionato,67,3.15,3.17,-0.0073,0,0.9728,1.0777,4161.3,2.04
P0012,fmcg,alimentare_confezionato,68,3.1,3.17,-0.021,0,1.0295,1.0748,4234.7,2.04
P0012,fmcg,alimentare_confezionato,69,3.12,3.17,-0.0173,0,0.8887,1.0708,3368.3,2.04
P0012,fmcg,alimentare_confezionato,70,3.18,3.17,0.0026,0,0.9527,1.0658,3454.6,2.04
P0012,fmcg,alimentare_confezionato,71,3.19,3.17,0.006,0,1.0213,1.0599,3809.0,2.04
P0012,fmcg,alimentare_confezionato,72,3.0,3.17,-0.0539,0,0.969,1.053,3874.3,2.04
P0012,fmcg,alimentare_confezionato,73,3.18,3.17,0.0026,0,1.0713,1.0454,3972.5,2.04
P0012,fmcg,alimentare_confezionato,74,3.25,3.17,0.0237,0,1.032,1.0372,3115.4,2.04
P0012,fmcg,alimentare_confezionato,75,3.15,3.17,-0.0056,0,0.9295,1.0284,3805.0,2.04
P0012,fmcg,alimentare_confezionato,76,2.86,3.17,-0.0972,1,0.9981,1.0191,4949.2,2.04
P0012,fmcg,alimentare_confezionato,77,3.17,3.17,-0.0015,0,1.0083,1.0096,3662.3,2.04
P0012,fmcg,alimentare_confezionato,78,3.07,3.17,-0.0313,0,0.8895,1.0,3946.7,2.04
P0012,fmcg,alimentare_confezionato,79,3.18,3.17,0.0046,0,1.0185,0.9904,3655.2,2.04
P0012,fmcg,alimentare_confezionato,80,3.16,3.17,-0.0023,0,1.0835,0.9809,4193.5,2.04
P0012,fmcg,alimentare_confezionato,81,3.21,3.17,0.0118,0,0.9497,0.9716,3586.0,2.04
P0012,fmcg,alimentare_confezionato,82,2.72,3.17,-0.143,1,0.9684,0.9628,5530.5,2.04
P0012,fmcg,alimentare_confezionato,83,3.2,3.17,0.0086,0,1.0247,0.9546,3033.7,2.04
P0012,fmcg,alimentare_confezionato,84,3.35,3.17,0.0569,0,1.1245,0.947,3105.6,2.04
P0012,fmcg,alimentare_confezionato,85,3.08,3.17,-0.0271,0,1.0255,0.9401,4037.9,2.04
P0012,fmcg,alimentare_confezionato,86,2.93,3.17,-0.0741,1,1.0098,0.9342,5221.2,2.04
P0012,fmcg,alimentare_confezionato,87,3.0,3.17,-0.0547,0,1.0311,0.9292,4115.3,2.04
P0012,fmcg,alimentare_confezionato,88,3.21,3.17,0.0142,0,0.9763,0.9252,2817.2,2.04
P0012,fmcg,alimentare_confezionato,89,2.76,3.17,-0.1302,1,1.0245,0.9223,6290.8,2.04
P0012,fmcg,alimentare_confezionato,90,2.73,3.17,-0.14,1,1.0079,0.9206,5010.2,2.04
P0012,fmcg,alimentare_confezionato,91,2.98,3.17,-0.0611,1,0.9504,0.92,4545.7,2.04
P0012,fmcg,alimentare_confezionato,92,3.27,3.17,0.0327,0,1.0197,0.9206,3164.6,2.04
P0012,fmcg,alimentare_confezionato,93,3.15,3.17,-0.0066,0,0.9642,0.9223,3351.6,2.04
P0012,fmcg,alimentare_confezionato,94,3.36,3.17,0.0591,0,1.0671,0.9252,3089.5,2.04
P0012,fmcg,alimentare_confezionato,95,3.16,3.17,-0.0031,0,0.9369,0.9292,3156.0,2.04
P0012,fmcg,alimentare_confezionato,96,3.2,3.17,0.008,0,1.0235,0.9342,3558.7,2.04
P0012,fmcg,alimentare_confezionato,97,3.09,3.17,-0.0239,0,1.0725,0.9401,3747.0,2.04
P0012,fmcg,alimentare_confezionato,98,2.82,3.17,-0.1118,1,0.9949,0.947,5195.7,2.04
P0012,fmcg,alimentare_confezionato,99,2.89,3.17,-0.0891,1,1.0095,0.9546,5376.2,2.04
P0012,fmcg,alimentare_confezionato,100,3.12,3.17,-0.017,0,1.0614,0.9628,3620.7,2.04
P0012,fmcg,alimentare_confezionato,101,3.28,3.17,0.0341,0,0.9112,0.9716,3417.3,2.04
P0012,fmcg,alimentare_confezionato,102,2.95,3.17,-0.0699,0,1.076,0.9809,2809.2,2.04
P0012,fmcg,alimentare_confezionato,103,3.17,3.17,-0.0003,0,0.8825,0.9904,3622.3,2.04
P0013,fmcg,cura_persona,0,7.9,7.8,0.0127,0,1.0292,1.0,1902.7,4.76
P0013,fmcg,cura_persona,1,7.99,7.8,0.0242,0,1.0875,1.0096,2264.1,4.76
P0013,fmcg,cura_persona,2,7.39,7.8,-0.053,0,0.9577,1.0191,1902.5,4.76
P0013,fmcg,cura_persona,3,7.91,7.8,0.0138,0,0.9285,1.0284,2252.5,4.76
P0013,fmcg,cura_persona,4,7.65,7.8,-0.0192,0,0.9914,1.0372,1739.7,4.76
P0013,fmcg,cura_persona,5,7.8,7.8,0.0003,0,1.0084,1.0454,2237.2,4.76
P0013,fmcg,cura_persona,6,7.73,7.8,-0.0093,0,1.0143,1.053,2471.2,4.76
P0013,fmcg,cura_persona,7,7.89,7.8,0.0111,0,0.9907,1.0599,1966.2,4.76
P0013,fmcg,cura_persona,8,7.65,7.8,-0.0194,0,1.0193,1.0658,2267.8,4.76
P0013,fmcg,cura_persona,9,7.71,7.8,-0.0115,0,0.9746,1.0708,1836.5,4.76
P0013,fmcg,cura_persona,10,7.86,7.8,0.0081,0,1.0425,1.0748,2032.8,4.76
P0013,fmcg,cura_persona,11,7.7,7.8,-0.0133,0,0.9562,1.0777,2005.3,4.76
P0013,fmcg,cura_persona,12,8.22,7.8,0.0536,0,1.0686,1.0794,2157.1,4.76
P0013,fmcg,cura_persona,13,8.29,7.8,0.0634,0,0.9824,1.08,1911.9,4.76
P0013,fmcg,cura_persona,14,7.98,7.8,0.0231,0,1.1101,1.0794,2182.3,4.76
P0013,fmcg,cura_persona,15,7.63,7.8,-0.0214,0,0.9077,1.0777,2218.3,4.76
P0013,fmcg,cura_persona,16,7.96,7.8,0.021,0,1.001,1.0748,1878.8,4.76
P0013,fmcg,cura_persona,17,8.08,7.8,0.0354,0,1.0215,1.0708,2097.1,4.76
P0013,fmcg,cura_persona,18,8.04,7.8,0.0304,0,0.8434,1.0658,2161.6,4.76
P0013,fmcg,cura_persona,19,7.39,7.8,-0.0528,0,0.9879,1.0599,2392.0,4.76
P0013,fmcg,cura_persona,20,7.27,7.8,-0.0679,1,1.0236,1.053,3118.9,4.76
P0013,fmcg,cura_persona,21,7.8,7.8,0.0006,0,1.159,1.0454,2175.6,4.76
P0013,fmcg,cura_persona,22,7.33,7.8,-0.0599,0,0.9728,1.0372,2726.0,4.76
P0013,fmcg,cura_persona,23,7.21,7.8,-0.0755,0,1.0016,1.0284,2862.7,4.76
P0013,fmcg,cura_persona,24,7.71,7.8,-0.0118,0,0.9071,1.0191,2249.4,4.76
P0013,fmcg,cura_persona,25,7.31,7.8,-0.0624,0,1.0567,1.0096,2547.1,4.76
P0013,fmcg,cura_persona,26,7.96,7.8,0.0204,0,1.0327,1.0,2098.7,4.76
P0013,fmcg,cura_persona,27,7.3,7.8,-0.0637,0,0.9249,0.9904,2091.8,4.76
P0013,fmcg,cura_persona,28,7.91,7.8,0.0136,0,1.0162,0.9809,2238.6,4.76
P0013,fmcg,cura_persona,29,7.56,7.8,-0.0305,0,1.0119,0.9716,1900.2,4.76
P0013,fmcg,cura_persona,30,7.24,7.8,-0.0723,1,0.8296,0.9628,3771.8,4.76
P0013,fmcg,cura_persona,31,7.64,7.8,-0.0208,0,1.0964,0.9546,1946.6,4.76
P0013,fmcg,cura_persona,32,7.25,7.8,-0.0702,1,1.0826,0.947,2731.7,4.76
P0013,fmcg,cura_persona,33,8.13,7.8,0.0421,0,1.0293,0.9401,1771.9,4.76
P0013,fmcg,cura_persona,34,8.49,7.8,0.0888,0,1.0159,0.9342,1622.7,4.76
P0013,fmcg,cura_persona,35,8.16,7.8,0.0459,0,0.97,0.9292,1693.7,4.76
P0013,fmcg,cura_persona,36,7.48,7.8,-0.0414,0,0.9741,0.9252,2031.3,4.76
P0013,fmcg,cura_persona,37,7.95,7.8,0.0188,0,0.9544,0.9223,1671.3,4.76
P0013,fmcg,cura_persona,38,8.11,7.8,0.0394,0,1.0014,0.9206,1664.0,4.76
P0013,fmcg,cura_persona,39,7.53,7.8,-0.0348,0,1.0196,0.92,2637.4,4.76
P0013,fmcg,cura_persona,40,7.59,7.8,-0.0271,0,1.0205,0.9206,1871.9,4.76
P0013,fmcg,cura_persona,41,7.99,7.8,0.0245,0,1.0559,0.9223,1739.0,4.76
P0013,fmcg,cura_persona,42,7.54,7.8,-0.0337,0,0.9925,0.9252,1883.5,4.76
P0013,fmcg,cura_persona,43,8.32,7.8,0.0662,0,1.0233,0.9292,1810.8,4.76
P0013,fmcg,cura_persona,44,8.01,7.8,0.027,0,0.9793,0.9342,1880.8,4.76
P0013,fmcg,cura_persona,45,7.92,7.8,0.0153,0,1.0171,0.9401,1786.5,4.76
P0013,fmcg,cura_persona,46,7.84,7.8,0.0051,0,0.9898,0.947,1529.7,4.76
P0013,fmcg,cura_persona,47,8.06,7.8,0.0338,0,1.1264,0.9546,1753.5,4.76
P0013,fmcg,cura_persona,48,7.5,7.8,-0.0388,0,1.0104,0.9628,2169.7,4.76
P0013,fmcg,cura_persona,49,7.05,7.8,-0.0965,1,0.9011,0.9716,3342.5,4.76
P0013,fmcg,cura_persona,50,7.79,7.8,-0.0012,0,0.9287,0.9809,1875.3,4.76
P0013,fmcg,cura_persona,51,7.8,7.8,-0.0004,0,1.024,0.9904,2409.7,4.76
P0013,fmcg,cura_persona,52,8.06,7.8,0.0337,0,1.0723,1.0,2061.9,4.76
P0013,fmcg,cura_persona,53,8.08,7.8,0.0353,0,1.0537,1.0096,2095.4,4.76
P0013,fmcg,cura_persona,54,7.57,7.8,-0.0295,0,0.9863,1.0191,2418.0,4.76
P0013,fmcg,cura_persona,55,8.11,7.8,0.0398,0,1.0658,1.0284,2262.2,4.76
P0013,fmcg,cura_persona,56,7.52,7.8,-0.0363,0,1.0241,1.0372,2110.6,4.76
P0013,fmcg,cura_persona,57,7.72,7.8,-0.0101,0,1.0662,1.0454,2302.5,4.76
P0013,fmcg,cura_persona,58,7.85,7.8,0.0062,0,1.1224,1.053,2176.0,4.76
P0013,fmcg,cura_persona,59,7.45,7.8,-0.0448,0,1.0555,1.0599,2219.8,4.76
P0013,fmcg,cura_persona,60,8.15,7.8,0.0448,0,1.0579,1.0658,2305.3,4.76
P0013,fmcg,cura_persona,61,7.79,7.8,-0.0018,0,0.997,1.0708,2414.3,4.76
P0013,fmcg,cura_persona,62,7.9,7.8,0.0129,0,1.0987,1.0748,2392.1,4.76
P0013,fmcg,cura_persona,63,8.03,7.8,0.029,0,1.0853,1.0777,2659.5,4.76
P0013,fmcg,cura_persona,64,7.81,7.8,0.0009,0,0.9892,1.0794,2362.4,4.76
P0013,fmcg,cura_persona,65,7.92,7.8,0.0152,0,1.0227,1.08,2162.7,4.76
P0013,fmcg,cura_persona,66,7.76,7.8,-0.0057,0,1.0068,1.0794,2742.3,4.76
P0013,fmcg,cura_persona,67,7.81,7.8,0.0018,0,0.9567,1.0777,2394.6,4.76
P0013,fmcg,cura_persona,68,8.24,7.8,0.0569,0,1.0102,1.0748,2129.2,4.76
P0013,fmcg,cura_persona,69,7.07,7.8,-0.093,1,1.0157,1.0708,3296.0,4.76
P0013,fmcg,cura_persona,70,7.92,7.8,0.0158,0,0.9853,1.0658,2058.1,4.76
P0013,fmcg,cura_persona,71,8.54,7.8,0.0949,0,0.9398,1.0599,1522.3,4.76
P0013,fmcg,cura_persona,72,7.77,7.8,-0.0036,0,1.0448,1.053,2328.1,4.76
P0013,fmcg,cura_persona,73,6.77,7.8,-0.1317,1,0.9654,1.0454,3361.0,4.76
P0013,fmcg,cura_persona,74,7.37,7.8,-0.0554,0,0.9419,1.0372,2058.5,4.76
P0013,fmcg,cura_persona,75,7.87,7.8,0.0086,0,1.0306,1.0284,1660.9,4.76
P0013,fmcg,cura_persona,76,7.25,7.8,-0.07,1,0.8611,1.0191,3446.8,4.76
P0013,fmcg,cura_persona,77,8.03,7.8,0.0295,0,0.9556,1.0096,2221.3,4.76
P0013,fmcg,cura_persona,78,7.18,7.8,-0.0796,0,1.0348,1.0,1916.2,4.76
P0013,fmcg,cura_persona,79,7.74,7.8,-0.0072,0,1.0065,0.9904,1840.4,4.76
P0013,fmcg,cura_persona,80,7.4,7.8,-0.0507,0,1.0621,0.9809,2101.1,4.76
P0013,fmcg,cura_persona,81,8.24,7.8,0.0558,0,0.9966,0.9716,2262.9,4.76
P0013,fmcg,cura_persona,82,7.58,7.8,-0.0279,0,0.9958,0.9628,2104.8,4.76
P0013,fmcg,cura_persona,83,7.92,7.8,0.0153,0,1.0088,0.9546,1854.3,4.76
P0013,fmcg,cura_persona,84,7.3,7.8,-0.0637,1,1.0002,0.947,2604.7,4.76
P0013,fmcg,cura_persona,85,7.65,7.8,-0.0194,0,0.9299,0.9401,1821.7,4.76
P0013,fmcg,cura_persona,86,7.74,7.8,-0.0072,0,1.0352,0.9342,1438.4,4.76
P0013,fmcg,cura_persona,87,7.76,7.8,-0.0056,0,0.9759,0.9292,1962.8,4.76
P0013,fmcg,cura_persona,88,7.22,7.8,-0.0743,0,1.0461,0.9252,2244.3,4.76
P0013,fmcg,cura_persona,89,7.54,7.8,-0.0338,0,0.9265,0.9223,2064.1,4.76
P0013,fmcg,cura_persona,90,7.13,7.8,-0.086,1,0.9309,0.9206,2850.6,4.76
P0013,fmcg,cura_persona,91,8.04,7.8,0.0302,0,1.0303,0.92,1245.6,4.76
P0013,fmcg,cura_persona,92,7.53,7.8,-0.0351,0,0.9289,0.9206,1965.6,4.76
P0013,fmcg,cura_persona,93,7.35,7.8,-0.0574,0,1.0352,0.9223,2304.0,4.76
P0013,fmcg,cura_persona,94,7.36,7.8,-0.0569,1,0.951,0.9252,2978.1,4.76
P0013,fmcg,cura_persona,95,8.09,7.8,0.0373,0,0.9917,0.9292,1757.6,4.76
P0013,fmcg,cura_persona,96,7.76,7.8,-0.0051,0,1.0307,0.9342,1643.3,4.76
P0013,fmcg,cura_persona,97,7.82,7.8,0.0031,0,0.9678,0.9401,2118.9,4.76
P0013,fmcg,cura_persona,98,7.89,7.8,0.0121,0,1.081,0.947,2252.5,4.76
P0013,fmcg,cura_persona,99,7.72,7.8,-0.0106,0,0.9682,0.9546,1920.0,4.76
P0013,fmcg,cura_persona,100,7.58,7.8,-0.0283,0,1.0379,0.9628,2681.2,4.76
P0013,fmcg,cura_persona,101,7.43,7.8,-0.0471,0,0.9328,0.9716,2382.9,4.76
P0013,fmcg,cura_persona,102,6.78,7.8,-0.1305,1,0.9733,0.9809,3578.5,4.76
P0013,fmcg,cura_persona,103,7.6,7.8,-0.0256,0,0.98,0.9904,1840.3,4.76
P0014,fmcg,bevande,0,13.76,13.81,-0.0034,0,1.0322,1.0,3174.7,8.33
P0014,fmcg,bevande,1,13.7,13.81,-0.0082,0,1.0551,1.0096,3232.5,8.33
P0014,fmcg,bevande,2,13.89,13.81,0.0054,0,1.025,1.0191,4153.3,8.33
P0014,fmcg,bevande,3,14.12,13.81,0.0225,0,1.036,1.0284,2929.2,8.33
P0014,fmcg,bevande,4,13.29,13.81,-0.0379,0,0.9334,1.0372,4051.4,8.33
P0014,fmcg,bevande,5,12.44,13.81,-0.099,1,0.8704,1.0454,6485.6,8.33
P0014,fmcg,bevande,6,14.8,13.81,0.0718,0,0.9275,1.053,2933.0,8.33
P0014,fmcg,bevande,7,13.99,13.81,0.0127,0,0.9449,1.0599,3088.1,8.33
P0014,fmcg,bevande,8,12.32,13.81,-0.1079,1,1.0356,1.0658,6508.1,8.33
P0014,fmcg,bevande,9,13.92,13.81,0.0077,0,0.9355,1.0708,3431.7,8.33
P0014,fmcg,bevande,10,14.03,13.81,0.0163,0,1.0509,1.0748,3992.7,8.33
P0014,fmcg,bevande,11,14.29,13.81,0.0349,0,0.9978,1.0777,3335.9,8.33
P0014,fmcg,bevande,12,13.54,13.81,-0.0196,0,1.0871,1.0794,3876.8,8.33
P0014,fmcg,bevande,13,13.68,13.81,-0.0092,0,1.1223,1.08,4310.5,8.33
P0014,fmcg,bevande,14,13.68,13.81,-0.0096,0,0.9893,1.0794,3750.8,8.33
P0014,fmcg,bevande,15,14.02,13.81,0.0154,0,1.0726,1.0777,3039.7,8.33
P0014,fmcg,bevande,16,13.58,13.81,-0.0169,0,0.9782,1.0748,4711.4,8.33
P0014,fmcg,bevande,17,14.27,13.81,0.0331,0,0.9868,1.0708,3338.2,8.33
P0014,fmcg,bevande,18,14.19,13.81,0.0274,0,1.0246,1.0658,4042.5,8.33
P0014,fmcg,bevande,19,13.74,13.81,-0.005,0,1.0085,1.0599,4002.7,8.33
P0014,fmcg,bevande,20,14.17,13.81,0.0258,0,0.999,1.053,3020.8,8.33
P0014,fmcg,bevande,21,13.74,13.81,-0.0048,0,1.0724,1.0454,4335.9,8.33
P0014,fmcg,bevande,22,14.76,13.81,0.0687,0,0.9979,1.0372,3584.7,8.33
P0014,fmcg,bevande,23,13.56,13.81,-0.018,0,0.9661,1.0284,2773.9,8.33
P0014,fmcg,bevande,24,13.5,13.81,-0.0225,0,0.9599,1.0191,3074.1,8.33
P0014,fmcg,bevande,25,14.66,13.81,0.0617,0,1.1047,1.0096,2572.4,8.33
P0014,fmcg,bevande,26,13.31,13.81,-0.0362,0,1.0494,1.0,3665.9,8.33
P0014,fmcg,bevande,27,13.85,13.81,0.0025,0,0.9761,0.9904,4037.8,8.33
P0014,fmcg,bevande,28,14.13,13.81,0.0234,0,0.8667,0.9809,3179.0,8.33
P0014,fmcg,bevande,29,14.45,13.81,0.0464,0,0.9076,0.9716,2967.4,8.33
P0014,fmcg,bevande,30,14.64,13.81,0.0599,0,1.0122,0.9628,2736.9,8.33
P0014,fmcg,bevande,31,12.55,13.81,-0.0913,0,0.9458,0.9546,3675.4,8.33
P0014,fmcg,bevande,32,12.87,13.81,-0.0679,0,0.9809,0.947,3960.6,8.33
P0014,fmcg,bevande,33,13.92,13.81,0.008,0,1.0033,0.9401,3851.0,8.33
P0014,fmcg,bevande,34,13.73,13.81,-0.006,0,1.0427,0.9342,2707.2,8.33
P0014,fmcg,bevande,35,14.07,13.81,0.0186,0,0.989,0.9292,2892.5,8.33
P0014,fmcg,bevande,36,14.22,13.81,0.0297,0,1.0277,0.9252,2740.5,8.33
P0014,fmcg,bevande,37,14.53,13.81,0.0522,0,0.9584,0.9223,2954.3,8.33
P0014,fmcg,bevande,38,13.78,13.81,-0.0022,0,0.9185,0.9206,3686.2,8.33
P0014,fmcg,bevande,39,14.31,13.81,0.0359,0,0.9689,0.92,2743.4,8.33
P0014,fmcg,bevande,40,14.29,13.81,0.0348,0,1.0104,0.9206,3246.9,8.33
P0014,fmcg,bevande,41,13.81,13.81,-0.0003,0,0.9669,0.9223,3466.4,8.33
P0014,fmcg,bevande,42,14.53,13.81,0.052,0,0.9842,0.9252,2920.2,8.33
P0014,fmcg,bevande,43,13.82,13.81,0.0008,0,0.9851,0.9292,3117.1,8.33
P0014,fmcg,bevande,44,13.49,13.81,-0.0232,0,0.9937,0.9342,3253.7,8.33
P0014,fmcg,bevande,45,13.76,13.81,-0.0035,0,1.0904,0.9401,3124.5,8.33
P0014,fmcg,bevande,46,13.73,13.81,-0.006,0,0.9342,0.947,2841.3,8.33
P0014,fmcg,bevande,47,14.36,13.81,0.0398,0,0.9983,0.9546,2880.6,8.33
P0014,fmcg,bevande,48,14.56,13.81,0.0543,0,1.0628,0.9628,2728.4,8.33
P0014,fmcg,bevande,49,14.69,13.81,0.0635,0,1.0121,0.9716,2919.5,8.33
P0014,fmcg,bevande,50,14.3,13.81,0.0353,0,0.9714,0.9809,3239.7,8.33
P0014,fmcg,bevande,51,13.25,13.81,-0.0406,0,1.0006,0.9904,3087.7,8.33
P0014,fmcg,bevande,52,13.54,13.81,-0.0197,0,1.0239,1.0,3330.8,8.33
P0014,fmcg,bevande,53,11.77,13.81,-0.1477,1,0.9427,1.0096,5552.9,8.33
P0014,fmcg,bevande,54,13.77,13.81,-0.0028,0,0.9899,1.0191,3606.0,8.33
P0014,fmcg,bevande,55,13.0,13.81,-0.0583,1,1.1551,1.0284,4628.9,8.33
P0014,fmcg,bevande,56,14.17,13.81,0.026,0,1.0823,1.0372,3796.3,8.33
P0014,fmcg,bevande,57,14.08,13.81,0.0197,0,1.1286,1.0454,3698.6,8.33
P0014,fmcg,bevande,58,13.95,13.81,0.0099,0,0.936,1.053,4061.4,8.33
P0014,fmcg,bevande,59,13.85,13.81,0.0026,0,0.9571,1.0599,3334.0,8.33
P0014,fmcg,bevande,60,13.86,13.81,0.0036,0,0.972,1.0658,3116.0,8.33
P0014,fmcg,bevande,61,13.21,13.81,-0.0438,0,1.0056,1.0708,4312.0,8.33
P0014,fmcg,bevande,62,14.57,13.81,0.055,0,0.9641,1.0748,3276.2,8.33
P0014,fmcg,bevande,63,14.29,13.81,0.0347,0,1.1049,1.0777,2808.4,8.33
P0014,fmcg,bevande,64,14.42,13.81,0.0443,0,0.9277,1.0794,3673.9,8.33
P0014,fmcg,bevande,65,11.8,13.81,-0.1455,1,1.0148,1.08,6005.3,8.33
P0014,fmcg,bevande,66,14.75,13.81,0.0682,0,0.9969,1.0794,3123.3,8.33
P0014,fmcg,bevande,67,14.28,13.81,0.0342,0,0.9314,1.0777,3368.2,8.33
P0014,fmcg,bevande,68,13.57,13.81,-0.0176,0,1.014,1.0748,5047.3,8.33
P0014,fmcg,bevande,69,13.6,13.81,-0.0152,0,1.0508,1.0708,3792.2,8.33
P0014,fmcg,bevande,70,13.89,13.81,0.0058,0,0.9876,1.0658,2877.9,8.33
P0014,fmcg,bevande,71,12.92,13.81,-0.0642,0,1.019,1.0599,3317.1,8.33
P0014,fmcg,bevande,72,13.82,13.81,0.0011,0,0.9878,1.053,3203.0,8.33
P0014,fmcg,bevande,73,13.42,13.81,-0.0282,0,0.9507,1.0454,4223.0,8.33
P0014,fmcg,bevande,74,13.7,13.81,-0.0082,0,1.0321,1.0372,3538.7,8.33
P0014,fmcg,bevande,75,12.39,13.81,-0.1031,1,1.1035,1.0284,4678.3,8.33
P0014,fmcg,bevande,76,13.72,13.81,-0.0066,0,1.0404,1.0191,3785.1,8.33
P0014,fmcg,bevande,77,12.04,13.81,-0.128,1,1.0538,1.0096,6383.3,8.33
P0014,fmcg,bevande,78,12.45,13.81,-0.0987,1,0.9738,1.0,4648.0,8.33
P0014,fmcg,bevande,79,13.32,13.81,-0.0351,0,0.9529,0.9904,4249.6,8.33
P0014,fmcg,bevande,80,14.83,13.81,0.0742,0,0.9775,0.9809,3048.4,8.33
P0014,fmcg,bevande,81,13.88,13.81,0.005,0,0.9113,0.9716,3531.7,8.33
P0014,fmcg,bevande,82,13.78,13.81,-0.002,0,0.9805,0.9628,2922.8,8.33
P0014,fmcg,bevande,83,13.24,13.81,-0.041,0,1.0256,0.9546,4365.8,8.33
P0014,fmcg,bevande,84,13.08,13.81,-0.0527,0,0.9732,0.947,3610.9,8.33
P0014,fmcg,bevande,85,13.13,13.81,-0.049,0,1.0193,0.9401,3386.1,8.33
P0014,fmcg,bevande,86,13.69,13.81,-0.0089,0,1.0584,0.9342,2737.1,8.33
P0014,fmcg,bevande,87,14.16,13.81,0.0253,0,1.0542,0.9292,2699.8,8.33
P0014,fmcg,bevande,88,13.14,13.81,-0.0484,0,0.9909,0.9252,3685.6,8.33
P0014,fmcg,bevande,89,13.69,13.81,-0.0087,0,0.9435,0.9223,2910.1,8.33
P0014,fmcg,bevande,90,14.25,13.81,0.0316,0,1.0036,0.9206,2638.5,8.33
P0014,fmcg,bevande,91,13.04,13.81,-0.0559,0,0.9493,0.92,3944.5,8.33
P0014,fmcg,bevande,92,14.72,13.81,0.0662,0,0.9952,0.9206,2834.4,8.33
P0014,fmcg,bevande,93,12.52,13.81,-0.0935,0,1.0102,0.9223,3527.0,8.33
P0014,fmcg,bevande,94,14.28,13.81,0.0338,0,0.9433,0.9252,3461.6,8.33
P0014,fmcg,bevande,95,13.37,13.81,-0.0317,0,1.0099,0.9292,3191.7,8.33
P0014,fmcg,bevande,96,12.11,13.81,-0.1228,1,1.0103,0.9342,5230.3,8.33
P0014,fmcg,bevande,97,12.93,13.81,-0.0634,1,1.071,0.9401,4653.5,8.33
P0014,fmcg,bevande,98,12.73,13.81,-0.0785,1,0.9955,0.947,4471.1,8.33
P0014,fmcg,bevande,99,13.1,13.81,-0.0515,1,0.9996,0.9546,4089.3,8.33
P0014,fmcg,bevande,100,14.2,13.81,0.028,0,1.0158,0.9628,3008.4,8.33
P0014,fmcg,bevande,101,13.8,13.81,-0.0008,0,0.9668,0.9716,3329.5,8.33
P0014,fmcg,bevande,102,13.63,13.81,-0.0131,0,1.0452,0.9809,3928.3,8.33
P0014,fmcg,bevande,103,13.68,13.81,-0.0097,0,1.0378,0.9904,3413.8,8.33
P0015,fmcg,cura_persona,0,5.67,5.54,0.0235,0,1.0073,1.0,1137.0,4.05
P0015,fmcg,cura_persona,1,5.68,5.54,0.0249,0,1.0125,1.0096,855.9,4.05
P0015,fmcg,cura_persona,2,5.2,5.54,-0.0609,0,0.9564,1.0191,960.8,4.05
P0015,fmcg,cura_persona,3,4.75,5.54,-0.1428,1,0.9876,1.0284,1362.8,4.05
P0015,fmcg,cura_persona,4,5.47,5.54,-0.012,0,1.0862,1.0372,986.4,4.05
P0015,fmcg,cura_persona,5,5.53,5.54,-0.0024,0,0.9986,1.0454,825.4,4.05
P0015,fmcg,cura_persona,6,5.74,5.54,0.0354,0,0.979,1.053,755.9,4.05
P0015,fmcg,cura_persona,7,5.56,5.54,0.0041,0,0.9014,1.0599,904.2,4.05
P0015,fmcg,cura_persona,8,5.63,5.54,0.0158,0,1.1115,1.0658,1043.4,4.05
P0015,fmcg,cura_persona,9,6.08,5.54,0.098,0,1.0379,1.0708,782.5,4.05
P0015,fmcg,cura_persona,10,5.43,5.54,-0.0196,0,1.0054,1.0748,883.7,4.05
P0015,fmcg,cura_persona,11,5.41,5.54,-0.0228,0,0.9657,1.0777,1011.4,4.05
P0015,fmcg,cura_persona,12,5.17,5.54,-0.0675,0,0.9272,1.0794,901.3,4.05
P0015,fmcg,cura_persona,13,5.62,5.54,0.0145,0,1.0109,1.08,1035.9,4.05
P0015,fmcg,cura_persona,14,5.75,5.54,0.0375,0,1.0304,1.0794,903.3,4.05
P0015,fmcg,cura_persona,15,5.72,5.54,0.0322,0,1.0188,1.0777,1032.3,4.05
P0015,fmcg,cura_persona,16,5.11,5.54,-0.0778,1,0.9847,1.0748,1503.5,4.05
P0015,fmcg,cura_persona,17,5.26,5.54,-0.0508,0,1.0706,1.0708,868.1,4.05
P0015,fmcg,cura_persona,18,5.49,5.54,-0.0082,0,0.9841,1.0658,772.1,4.05
P0015,fmcg,cura_persona,19,5.67,5.54,0.0238,0,1.0527,1.0599,837.7,4.05
P0015,fmcg,cura_persona,20,5.53,5.54,-0.0011,0,1.0844,1.053,647.5,4.05
P0015,fmcg,cura_persona,21,5.54,5.54,0.0002,0,0.9457,1.0454,874.0,4.05
P0015,fmcg,cura_persona,22,5.41,5.54,-0.023,0,1.0032,1.0372,999.1,4.05
P0015,fmcg,cura_persona,23,5.45,5.54,-0.0159,0,0.9917,1.0284,907.9,4.05
P0015,fmcg,cura_persona,24,5.63,5.54,0.0162,0,0.9774,1.0191,998.4,4.05
P0015,fmcg,cura_persona,25,5.77,5.54,0.041,0,0.9494,1.0096,784.1,4.05
P0015,fmcg,cura_persona,26,5.4,5.54,-0.0247,0,1.0626,1.0,1070.7,4.05
P0015,fmcg,cura_persona,27,5.45,5.54,-0.016,0,0.9962,0.9904,939.1,4.05
P0015,fmcg,cura_persona,28,5.05,5.54,-0.0889,1,1.0245,0.9809,963.1,4.05
P0015,fmcg,cura_persona,29,5.57,5.54,0.0057,0,1.0208,0.9716,817.0,4.05
P0015,fmcg,cura_persona,30,5.7,5.54,0.0296,0,1.0143,0.9628,735.5,4.05
P0015,fmcg,cura_persona,31,5.61,5.54,0.0134,0,1.0859,0.9546,886.9,4.05
P0015,fmcg,cura_persona,32,5.42,5.54,-0.0214,0,0.9738,0.947,820.3,4.05
P0015,fmcg,cura_persona,33,5.34,5.54,-0.0353,0,1.0633,0.9401,951.7,4.05
P0015,fmcg,cura_persona,34,5.66,5.54,0.0225,0,1.0111,0.9342,849.6,4.05
P0015,fmcg,cura_persona,35,5.51,5.54,-0.0051,0,0.9971,0.9292,870.5,4.05
P0015,fmcg,cura_persona,36,5.06,5.54,-0.0875,0,0.9459,0.9252,909.4,4.05
P0015,fmcg,cura_persona,37,5.87,5.54,0.0589,0,1.0291,0.9223,737.0,4.05
P0015,fmcg,cura_persona,38,5.75,5.54,0.0386,0,0.9705,0.9206,737.5,4.05
P0015,fmcg,cura_persona,39,5.82,5.54,0.0497,0,1.0196,0.92,677.7,4.05
P0015,fmcg,cura_persona,40,5.64,5.54,0.0178,0,0.9875,0.9206,725.2,4.05
P0015,fmcg,cura_persona,41,5.61,5.54,0.0119,0,0.9821,0.9223,740.2,4.05
P0015,fmcg,cura_persona,42,5.56,5.54,0.0027,0,0.9909,0.9252,764.7,4.05
P0015,fmcg,cura_persona,43,5.69,5.54,0.0262,0,1.0351,0.9292,823.8,4.05
P0015,fmcg,cura_persona,44,5.43,5.54,-0.0198,0,0.9478,0.9342,773.4,4.05
P0015,fmcg,cura_persona,45,5.39,5.54,-0.0275,0,1.0048,0.9401,753.2,4.05
P0015,fmcg,cura_persona,46,5.25,5.54,-0.0531,1,0.9763,0.947,1002.5,4.05
P0015,fmcg,cura_persona,47,5.62,5.54,0.0148,0,1.0687,0.9546,767.3,4.05
P0015,fmcg,cura_persona,48,5.19,5.54,-0.0639,1,0.9095,0.9628,1451.9,4.05
P0015,fmcg,cura_persona,49,5.02,5.54,-0.0947,0,0.9951,0.9716,893.2,4.05
P0015,fmcg,cura_persona,50,5.46,5.54,-0.0146,0,1.0406,0.9809,853.5,4.05
P0015,fmcg,cura_persona,51,5.51,5.54,-0.006,0,1.0257,0.9904,747.9,4.05
P0015,fmcg,cura_persona,52,5.93,5.54,0.0697,0,0.9679,1.0,766.6,4.05
P0015,fmcg,cura_persona,53,5.65,5.54,0.0192,0,1.0886,1.0096,907.3,4.05
P0015,fmcg,cura_persona,54,5.27,5.54,-0.0484,0,0.9801,1.0191,917.4,4.05
P0015,fmcg,cura_persona,55,5.7,5.54,0.0287,0,0.9457,1.0284,1016.9,4.05
P0015,fmcg,cura_persona,56,4.83,5.54,-0.1283,1,1.0219,1.0372,1186.2,4.05
P0015,fmcg,cura_persona,57,5.44,5.54,-0.0174,0,0.9456,1.0454,894.4,4.05
P0015,fmcg,cura_persona,58,5.07,5.54,-0.0851,1,1.0475,1.053,1181.5,4.05
P0015,fmcg,cura_persona,59,5.28,5.54,-0.0464,0,1.0808,1.0599,869.3,4.05
P0015,fmcg,cura_persona,60,5.44,5.54,-0.0172,0,0.9828,1.0658,1038.9,4.05
P0015,fmcg,cura_persona,61,4.74,5.54,-0.1437,1,0.9798,1.0708,1491.1,4.05
P0015,fmcg,cura_persona,62,5.35,5.54,-0.0347,0,0.9427,1.0748,927.8,4.05
P0015,fmcg,cura_persona,63,5.17,5.54,-0.0669,0,0.9977,1.0777,1237.7,4.05
P0015,fmcg,cura_persona,64,5.43,5.54,-0.0205,0,0.9302,1.0794,1015.1,4.05
P0015,fmcg,cura_persona,65,5.22,5.54,-0.0574,1,0.9893,1.08,1585.7,4.05
P0015,fmcg,cura_persona,66,5.72,5.54,0.0321,0,0.995,1.0794,853.2,4.05
P0015,fmcg,cura_persona,67,5.66,5.54,0.0209,0,1.0338,1.0777,1116.4,4.05
P0015,fmcg,cura_persona,68,5.42,5.54,-0.0208,0,0.9498,1.0748,812.0,4.05
P0015,fmcg,cura_persona,69,5.39,5.54,-0.0272,0,1.074,1.0708,1025.6,4.05
P0015,fmcg,cura_persona,70,5.48,5.54,-0.0107,0,1.033,1.0658,932.7,4.05
P0015,fmcg,cura_persona,71,5.67,5.54,0.0244,0,0.9928,1.0599,801.2,4.05
P0015,fmcg,cura_persona,72,5.53,5.54,-0.0022,0,1.0244,1.053,863.1,4.05
P0015,fmcg,cura_persona,73,5.88,5.54,0.0607,0,1.0773,1.0454,917.5,4.05
P0015,fmcg,cura_persona,74,5.48,5.54,-0.0105,0,1.0691,1.0372,871.2,4.05
P0015,fmcg,cura_persona,75,5.9,5.54,0.0655,0,0.9976,1.0284,996.8,4.05
P0015,fmcg,cura_persona,76,5.64,5.54,0.0181,0,1.1036,1.0191,858.7,4.05
P0015,fmcg,cura_persona,77,5.31,5.54,-0.0409,0,1.0541,1.0096,845.5,4.05
P0015,fmcg,cura_persona,78,5.3,5.54,-0.0432,0,1.0778,1.0,1059.0,4.05
P0015,fmcg,cura_persona,79,5.32,5.54,-0.0404,0,1.0768,0.9904,870.0,4.05
P0015,fmcg,cura_persona,80,5.2,5.54,-0.0617,0,0.9677,0.9809,782.1,4.05
P0015,fmcg,cura_persona,81,5.68,5.54,0.0261,0,0.9812,0.9716,841.4,4.05
P0015,fmcg,cura_persona,82,5.55,5.54,0.0023,0,1.096,0.9628,793.8,4.05
P0015,fmcg,cura_persona,83,5.24,5.54,-0.0548,0,1.076,0.9546,846.4,4.05
P0015,fmcg,cura_persona,84,5.52,5.54,-0.0043,0,1.0306,0.947,891.1,4.05
P0015,fmcg,cura_persona,85,5.75,5.54,0.0382,0,0.9621,0.9401,841.4,4.05
P0015,fmcg,cura_persona,86,5.61,5.54,0.0122,0,0.9769,0.9342,795.9,4.05
P0015,fmcg,cura_persona,87,5.59,5.54,0.0087,0,1.0022,0.9292,741.5,4.05
P0015,fmcg,cura_persona,88,4.85,5.54,-0.1242,1,0.9692,0.9252,1199.5,4.05
P0015,fmcg,cura_persona,89,5.99,5.54,0.0821,0,1.053,0.9223,726.2,4.05
P0015,fmcg,cura_persona,90,5.16,5.54,-0.0693,0,0.8721,0.9206,843.4,4.05
P0015,fmcg,cura_persona,91,5.49,5.54,-0.0083,0,1.0103,0.92,897.4,4.05
P0015,fmcg,cura_persona,92,5.62,5.54,0.014,0,1.0007,0.9206,810.8,4.05
P0015,fmcg,cura_persona,93,5.25,5.54,-0.0523,1,0.9948,0.9223,1334.2,4.05
P0015,fmcg,cura_persona,94,5.68,5.54,0.026,0,0.997,0.9252,738.2,4.05
P0015,fmcg,cura_persona,95,5.02,5.54,-0.0947,1,0.8669,0.9292,805.8,4.05
P0015,fmcg,cura_persona,96,5.78,5.54,0.0431,0,1.0944,0.9342,754.6,4.05
P0015,fmcg,cura_persona,97,5.46,5.54,-0.0147,0,1.0006,0.9401,734.8,4.05
P0015,fmcg,cura_persona,98,5.97,5.54,0.0784,0,1.0239,0.947,728.1,4.05
P0015,fmcg,cura_persona,99,5.12,5.54,-0.0761,1,1.0038,0.9546,1120.1,4.05
P0015,fmcg,cura_persona,100,5.43,5.54,-0.0205,0,1.0073,0.9628,720.7,4.05
P0015,fmcg,cura_persona,101,5.52,5.54,-0.0037,0,1.0579,0.9716,822.7,4.05
P0015,fmcg,cura_persona,102,5.3,5.54,-0.0424,0,1.038,0.9809,813.1,4.05
P0015,fmcg,cura_persona,103,5.54,5.54,0.0,0,1.0061,0.9904,696.1,4.05
P0016,fmcg,alimentare_confezionato,0,11.94,13.14,-0.0916,1,0.9811,1.0,5188.5,9.11
P0016,fmcg,alimentare_confezionato,1,11.53,13.14,-0.1227,1,0.9485,1.0096,5688.6,9.11
P0016,fmcg,alimentare_confezionato,2,12.66,13.14,-0.0368,0,0.9813,1.0191,3329.2,9.11
P0016,fmcg,alimentare_confezionato,3,13.1,13.14,-0.0032,0,0.9575,1.0284,3780.0,9.11
P0016,fmcg,alimentare_confezionato,4,12.66,13.14,-0.0362,0,0.927,1.0372,3514.7,9.11
P0016,fmcg,alimentare_confezionato,5,12.43,13.14,-0.0544,1,1.0233,1.0454,4704.5,9.11
P0016,fmcg,alimentare_confezionato,6,12.67,13.14,-0.0359,0,1.002,1.053,4079.7,9.11
P0016,fmcg,alimentare_confezionato,7,13.43,13.14,0.0221,0,0.9704,1.0599,4006.7,9.11
P0016,fmcg,alimentare_confezionato,8,12.39,13.14,-0.057,0,0.9579,1.0658,4143.0,9.11
P0016,fmcg,alimentare_confezionato,9,12.99,13.14,-0.0116,0,0.9348,1.0708,4674.7,9.11
P0016,fmcg,alimentare_confezionato,10,13.05,13.14,-0.007,0,1.0523,1.0748,3918.5,9.11
P0016,fmcg,alimentare_confezionato,11,12.52,13.14,-0.0472,0,0.9885,1.0777,3865.9,9.11
P0016,fmcg,alimentare_confezionato,12,12.5,13.14,-0.0491,0,1.0407,1.0794,4314.0,9.11
P0016,fmcg,alimentare_confezionato,13,13.8,13.14,0.0504,0,0.9781,1.08,3288.4,9.11
P0016,fmcg,alimentare_confezionato,14,13.05,13.14,-0.0067,0,0.9955,1.0794,3573.3,9.11
P0016,fmcg,alimentare_confezionato,15,12.88,13.14,-0.0196,0,1.018,1.0777,4097.4,9.11
P0016,fmcg,alimentare_confezionato,16,14.04,13.14,0.0684,0,1.038,1.0748,4093.3,9.11
P0016,fmcg,alimentare_confezionato,17,13.93,13.14,0.0598,0,1.0925,1.0708,3926.6,9.11
P0016,fmcg,alimentare_confezionato,18,13.05,13.14,-0.0072,0,0.9979,1.0658,3746.2,9.11
P0016,fmcg,alimentare_confezionato,19,12.81,13.14,-0.0252,0,0.9904,1.0599,3017.9,9.11
P0016,fmcg,alimentare_confezionato,20,13.04,13.14,-0.0077,0,1.0228,1.053,4595.4,9.11
P0016,fmcg,alimentare_confezionato,21,13.8,13.14,0.0506,0,0.9379,1.0454,4629.6,9.11
P0016,fmcg,alimentare_confezionato,22,13.24,13.14,0.0073,0,1.0713,1.0372,3218.3,9.11
P0016,fmcg,alimentare_confezionato,23,13.8,13.14,0.0505,0,0.9066,1.0284,3653.1,9.11
P0016,fmcg,alimentare_confezionato,24,14.05,13.14,0.0689,0,0.9209,1.0191,3985.5,9.11
P0016,fmcg,alimentare_confezionato,25,12.93,13.14,-0.0156,0,0.9389,1.0096,3291.3,9.11
P0016,fmcg,alimentare_confezionato,26,12.63,13.14,-0.0389,0,1.037,1.0,3574.5,9.11
P0016,fmcg,alimentare_confezionato,27,12.9,13.14,-0.0185,0,1.0168,0.9904,3575.8,9.11
P0016,fmcg,alimentare_confezionato,28,13.46,13.14,0.0244,0,1.0541,0.9809,3277.9,9.11
P0016,fmcg,alimentare_confezionato,29,13.17,13.14,0.0027,0,1.0235,0.9716,2934.3,9.11
P0016,fmcg,alimentare_confezionato,30,12.81,13.14,-0.0252,0,0.9896,0.9628,3319.2,9.11
P0016,fmcg,alimentare_confezionato,31,12.4,13.14,-0.0562,0,0.921,0.9546,3661.7,9.11
P0016,fmcg,alimentare_confezionato,32,12.47,13.14,-0.0509,0,0.9697,0.947,3569.1,9.11
P0016,fmcg,alimentare_confezionato,33,13.21,13.14,0.0053,0,0.9669,0.9401,4021.3,9.11
P0016,fmcg,alimentare_confezionato,34,12.77,13.14,-0.0282,0,1.0047,0.9342,3600.8,9.11
P0016,fmcg,alimentare_confezionato,35,12.86,13.14,-0.021,0,1.0384,0.9292,3501.5,9.11
P0016,fmcg,alimentare_confezionato,36,13.73,13.14,0.0452,0,1.0098,0.9252,3004.0,9.11
P0016,fmcg,alimentare_confezionato,37,11.4,13.14,-0.1326,1,1.084,0.9223,5373.2,9.11
P0016,fmcg,alimentare_confezionato,38,12.93,13.14,-0.0161,0,0.9393,0.9206,3658.4,9.11
P0016,fmcg,alimentare_confezionato,39,12.08,13.14,-0.0809,1,0.9354,0.92,4880.2,9.11
P0016,fmcg,alimentare_confezionato,40,12.15,13.14,-0.0753,0,1.1009,0.9206,3618.2,9.11
P0016,fmcg,alimentare_confezionato,41,12.04,13.14,-0.0841,1,1.0363,0.9223,5009.0,9.11
P0016,fmcg,alimentare_confezionato,42,13.38,13.14,0.0182,0,1.088,0.9252,3452.5,9.11
P0016,fmcg,alimentare_confezionato,43,13.55,13.14,0.0315,0,0.9097,0.9292,4356.2,9.11
P0016,fmcg,alimentare_confezionato,44,13.83,13.14,0.0523,0,1.0013,0.9342,3513.6,9.11
P0016,fmcg,alimentare_confezionato,45,13.43,13.14,0.0219,0,0.9873,0.9401,3957.5,9.11
P0016,fmcg,alimentare_confezionato,46,13.57,13.14,0.0328,0,0.8918,0.947,3205.7,9.11
P0016,fmcg,alimentare_confezionato,47,13.24,13.14,0.0078,0,1.0481,0.9546,3258.6,9.11
P0016,fmcg,alimentare_confezionato,48,13.68,13.14,0.0413,0,0.8861,0.9628,3484.5,9.11
P0016,fmcg,alimentare_confezionato,49,11.76,13.14,-0.1052,1,1.0168,0.9716,6158.3,9.11
P0016,fmcg,alimentare_confezionato,50,12.33,13.14,-0.0616,1,1.0438,0.9809,5487.1,9.11
P0016,fmcg,alimentare_confezionato,51,11.91,13.14,-0.0938,1,0.9682,0.9904,5861.2,9.11
P0016,fmcg,alimentare_confezionato,52,12.66,13.14,-0.0366,0,0.9158,1.0,4259.1,9.11
P0016,fmcg,alimentare_confezionato,53,13.29,13.14,0.0116,0,1.062,1.0096,3058.4,9.11
P0016,fmcg,alimentare_confezionato,54,13.06,13.14,-0.006,0,1.019,1.0191,4319.3,9.11
P0016,fmcg,alimentare_confezionato,55,13.4,13.14,0.0199,0,1.0516,1.0284,3514.1,9.11
P0016,fmcg,alimentare_confezionato,56,12.39,13.14,-0.0568,1,1.0172,1.0372,5557.1,9.11
P0016,fmcg,alimentare_confezionato,57,11.92,13.14,-0.0926,1,1.0495,1.0454,6421.9,9.11
P0016,fmcg,alimentare_confezionato,58,12.45,13.14,-0.0523,0,0.9943,1.053,4273.7,9.11
P0016,fmcg,alimentare_confezionato,59,12.97,13.14,-0.0126,0,0.9295,1.0599,4212.1,9.11
P0016,fmcg,alimentare_confezionato,60,12.38,13.14,-0.0576,0,1.0176,1.0658,4238.0,9.11
P0016,fmcg,alimentare_confezionato,61,12.96,13.14,-0.0137,0,0.9599,1.0708,3613.9,9.11
P0016,fmcg,alimentare_confezionato,62,13.15,13.14,0.0007,0,1.0074,1.0748,3793.3,9.11
P0016,fmcg,alimentare_confezionato,63,12.98,13.14,-0.0123,0,1.1254,1.0777,3628.1,9.11
P0016,fmcg,alimentare_confezionato,64,14.65,13.14,0.1153,0,1.0211,1.0794,2513.5,9.11
P0016,fmcg,alimentare_confezionato,65,12.72,13.14,-0.0319,0,1.0455,1.08,4024.5,9.11
P0016,fmcg,alimentare_confezionato,66,13.88,13.14,0.0563,0,1.0283,1.0794,3991.3,9.11
P0016,fmcg,alimentare_confezionato,67,12.94,13.14,-0.0156,0,1.0306,1.0777,4627.3,9.11
P0016,fmcg,alimentare_confezionato,68,13.97,13.14,0.0631,0,1.0425,1.0748,3587.9,9.11
P0016,fmcg,alimentare_confezionato,69,13.2,13.14,0.0048,0,0.9374,1.0708,3798.1,9.11
P0016,fmcg,alimentare_confezionato,70,12.95,13.14,-0.0146,0,1.0169,1.0658,3961.6,9.11
P0016,fmcg,alimentare_confezionato,71,11.58,13.14,-0.1186,1,1.0084,1.0599,5049.8,9.11
P0016,fmcg,alimentare_confezionato,72,13.07,13.14,-0.005,0,0.996,1.053,3685.0,9.11
P0016,fmcg,alimentare_confezionato,73,13.85,13.14,0.054,0,1.0693,1.0454,3641.6,9.11
P0016,fmcg,alimentare_confezionato,74,13.42,13.14,0.0217,0,1.0037,1.0372,3532.3,9.11
P0016,fmcg,alimentare_confezionato,75,12.94,13.14,-0.0154,0,1.0126,1.0284,3913.2,9.11
P0016,fmcg,alimentare_confezionato,76,12.86,13.14,-0.0217,0,1.0355,1.0191,3431.5,9.11
P0016,fmcg,alimentare_confezionato,77,12.9,13.14,-0.0185,0,0.9464,1.0096,4257.6,9.11
P0016,fmcg,alimentare_confezionato,78,12.82,13.14,-0.0245,0,1.0628,1.0,3522.7,9.11
P0016,fmcg,alimentare_confezionato,79,11.27,13.14,-0.1421,1,1.0416,0.9904,6446.9,9.11
P0016,fmcg,alimentare_confezionato,80,13.39,13.14,0.0188,0,1.0037,0.9809,3224.6,9.11
P0016,fmcg,alimentare_confezionato,81,11.33,13.14,-0.1381,1,1.0382,0.9716,5216.1,9.11
P0016,fmcg,alimentare_confezionato,82,11.21,13.14,-0.1466,1,0.9436,0.9628,5836.4,9.11
P0016,fmcg,alimentare_confezionato,83,11.45,13.14,-0.1284,1,0.926,0.9546,4528.1,9.11
P0016,fmcg,alimentare_confezionato,84,13.1,13.14,-0.003,0,0.9562,0.947,3720.4,9.11
P0016,fmcg,alimentare_confezionato,85,13.41,13.14,0.0202,0,0.9909,0.9401,2987.9,9.11
P0016,fmcg,alimentare_confezionato,86,12.43,13.14,-0.0541,1,1.027,0.9342,4150.5,9.11
P0016,fmcg,alimentare_confezionato,87,12.98,13.14,-0.0118,0,1.0531,0.9292,2996.4,9.11
P0016,fmcg,alimentare_confezionato,88,13.32,13.14,0.0133,0,1.0585,0.9252,3993.2,9.11
P0016,fmcg,alimentare_confezionato,89,13.99,13.14,0.0643,0,0.9855,0.9223,3417.7,9.11
P0016,fmcg,alimentare_confezionato,90,13.33,13.14,0.0147,0,0.8829,0.9206,2836.8,9.11
P0016,fmcg,alimentare_confezionato,91,12.54,13.14,-0.0459,0,1.0213,0.92,4020.3,9.11
P0016,fmcg,alimentare_confezionato,92,12.69,13.14,-0.0339,0,0.9763,0.9206,3144.9,9.11
P0016,fmcg,alimentare_confezionato,93,11.18,13.14,-0.149,1,0.9847,0.9223,6724.4,9.11
P0016,fmcg,alimentare_confezionato,94,13.78,13.14,0.0487,0,0.9479,0.9252,3109.2,9.11
P0016,fmcg,alimentare_confezionato,95,13.66,13.14,0.0396,0,0.979,0.9292,3358.5,9.11
P0016,fmcg,alimentare_confezionato,96,12.89,13.14,-0.0189,0,1.0308,0.9342,4363.6,9.11
P0016,fmcg,alimentare_confezionato,97,13.4,13.14,0.0198,0,1.0336,0.9401,2757.5,9.11
P0016,fmcg,alimentare_confezionato,98,12.67,13.14,-0.0356,0,0.9705,0.947,4722.5,9.11
P0016,fmcg,alimentare_confezionato,99,12.8,13.14,-0.0259,0,1.0576,0.9546,3222.0,9.11
P0016,fmcg,alimentare_confezionato,100,13.71,13.14,0.0437,0,1.0021,0.9628,2681.3,9.11
P0016,fmcg,alimentare_confezionato,101,12.96,13.14,-0.0139,0,1.077,0.9716,3345.5,9.11
P0016,fmcg,alimentare_confezionato,102,13.96,13.14,0.0621,0,0.9575,0.9809,3123.5,9.11
P0016,fmcg,alimentare_confezionato,103,12.75,13.14,-0.03,0,1.0135,0.9904,3672.3,9.11
P0017,fmcg,alimentare_confezionato,0,3.11,3.1,0.0017,0,1.0036,1.0,2228.8,1.73
P0017,fmcg,alimentare_confezionato,1,3.04,3.1,-0.0194,0,0.9941,1.0096,2257.6,1.73
P0017,fmcg,alimentare_confezionato,2,3.14,3.1,0.0113,0,0.9093,1.0191,2014.7,1.73
P0017,fmcg,alimentare_confezionato,3,3.01,3.1,-0.03,0,1.0815,1.0284,2350.4,1.73
P0017,fmcg,alimentare_confezionato,4,3.05,3.1,-0.0169,0,0.9992,1.0372,2008.4,1.73
P0017,fmcg,alimentare_confezionato,5,3.0,3.1,-0.0328,0,0.9861,1.0454,1760.3,1.73
P0017,fmcg,alimentare_confezionato,6,3.26,3.1,0.0512,0,1.0415,1.053,2529.2,1.73
P0017,fmcg,alimentare_confezionato,7,3.17,3.1,0.0236,0,0.9774,1.0599,1987.6,1.73
P0017,fmcg,alimentare_confezionato,8,3.11,3.1,0.0023,0,1.1247,1.0658,2227.9,1.73
P0017,fmcg,alimentare_confezionato,9,3.08,3.1,-0.0055,0,1.0668,1.0708,2896.2,1.73
P0017,fmcg,alimentare_confezionato,10,3.05,3.1,-0.017,0,0.9484,1.0748,2077.8,1.73
P0017,fmcg,alimentare_confezionato,11,3.08,3.1,-0.0069,0,1.0026,1.0777,2546.7,1.73
P0017,fmcg,alimentare_confezionato,12,2.66,3.1,-0.1413,1,0.9825,1.0794,3854.4,1.73
P0017,fmcg,alimentare_confezionato,13,3.25,3.1,0.048,0,0.9948,1.08,1723.2,1.73
P0017,fmcg,alimentare_confezionato,14,2.72,3.1,-0.1232,1,0.9483,1.0794,3580.2,1.73
P0017,fmcg,alimentare_confezionato,15,2.95,3.1,-0.047,0,1.0336,1.0777,2351.3,1.73
P0017,fmcg,alimentare_confezionato,16,3.05,3.1,-0.0162,0,1.0618,1.0748,2393.9,1.73
P0017,fmcg,alimentare_confezionato,17,3.05,3.1,-0.0154,0,1.0231,1.0708,2815.2,1.73
P0017,fmcg,alimentare_confezionato,18,3.17,3.1,0.024,0,1.0303,1.0658,1917.0,1.73
P0017,fmcg,alimentare_confezionato,19,3.08,3.1,-0.0072,0,0.9637,1.0599,2062.7,1.73
P0017,fmcg,alimentare_confezionato,20,2.77,3.1,-0.106,1,0.9872,1.053,3316.6,1.73
P0017,fmcg,alimentare_confezionato,21,2.83,3.1,-0.0866,1,0.9783,1.0454,3678.4,1.73
P0017,fmcg,alimentare_confezionato,22,3.18,3.1,0.0244,0,1.0102,1.0372,1859.8,1.73
P0017,fmcg,alimentare_confezionato,23,2.94,3.1,-0.0519,1,0.9946,1.0284,2763.0,1.73
P0017,fmcg,alimentare_confezionato,24,2.75,3.1,-0.1133,1,1.0007,1.0191,3504.7,1.73
P0017,fmcg,alimentare_confezionato,25,3.02,3.1,-0.0267,0,1.0009,1.0096,2343.6,1.73
P0017,fmcg,alimentare_confezionato,26,2.94,3.1,-0.0518,0,0.9544,1.0,3290.7,1.73
P0017,fmcg,alimentare_confezionato,27,2.89,3.1,-0.0662,0,0.9709,0.9904,1703.7,1.73
P0017,fmcg,alimentare_confezionato,28,3.19,3.1,0.0283,0,0.9544,0.9809,1956.7,1.73
P0017,fmcg,alimentare_confezionato,29,2.91,3.1,-0.0613,0,0.9339,0.9716,2251.6,1.73
P0017,fmcg,alimentare_confezionato,30,3.07,3.1,-0.0103,0,0.9368,0.9628,2193.7,1.73
P0017,fmcg,alimentare_confezionato,31,2.74,3.1,-0.1177,1,1.01,0.9546,3162.5,1.73
P0017,fmcg,alimentare_confezionato,32,3.15,3.1,0.0172,0,0.9835,0.947,1987.6,1.73
P0017,fmcg,alimentare_confezionato,33,3.02,3.1,-0.0252,0,1.0676,0.9401,2533.1,1.73
P0017,fmcg,alimentare_confezionato,34,2.99,3.1,-0.0343,0,0.8907,0.9342,2439.2,1.73
P0017,fmcg,alimentare_confezionato,35,2.76,3.1,-0.1083,1,1.0587,0.9292,2670.0,1.73
P0017,fmcg,alimentare_confezionato,36,3.16,3.1,0.0184,0,0.9443,0.9252,1952.5,1.73
P0017,fmcg,alimentare_confezionato,37,3.12,3.1,0.0074,0,1.0624,0.9223,2292.2,1.73
P0017,fmcg,alimentare_confezionato,38,2.79,3.1,-0.1003,1,0.9447,0.9206,3177.3,1.73
P0017,fmcg,alimentare_confezionato,39,3.06,3.1,-0.0114,0,1.0169,0.92,2440.7,1.73
P0017,fmcg,alimentare_confezionato,40,3.03,3.1,-0.0225,0,0.9974,0.9206,2167.6,1.73
P0017,fmcg,alimentare_confezionato,41,3.21,3.1,0.0367,0,0.96,0.9223,1954.0,1.73
P0017,fmcg,alimentare_confezionato,42,3.06,3.1,-0.014,0,1.042,0.9252,2102.0,1.73
P0017,fmcg,alimentare_confezionato,43,3.12,3.1,0.0068,0,1.0188,0.9292,1869.7,1.73
P0017,fmcg,alimentare_confezionato,44,3.23,3.1,0.0429,0,1.0318,0.9342,1712.0,1.73
P0017,fmcg,alimentare_confezionato,45,2.77,3.1,-0.1049,1,0.9713,0.9401,3345.3,1.73
P0017,fmcg,alimentare_confezionato,46,3.11,3.1,0.0041,0,0.8492,0.947,1968.1,1.73
P0017,fmcg,alimentare_confezionato,47,3.15,3.1,0.0163,0,1.0481,0.9546,1995.6,1.73
P0017,fmcg,alimentare_confezionato,48,2.96,3.1,-0.0466,0,0.9898,0.9628,1931.0,1.73
P0017,fmcg,alimentare_confezionato,49,2.98,3.1,-0.038,0,1.0754,0.9716,2168.7,1.73
P0017,fmcg,alimentare_confezionato,50,2.89,3.1,-0.0666,1,0.9105,0.9809,3291.8,1.73
P0017,fmcg,alimentare_confezionato,51,3.04,3.1,-0.0194,0,0.9973,0.9904,2288.8,1.73
P0017,fmcg,alimentare_confezionato,52,2.9,3.1,-0.0643,0,0.9599,1.0,2186.4,1.73
P0017,fmcg,alimentare_confezionato,53,3.21,3.1,0.034,0,0.9393,1.0096,2193.7,1.73
P0017,fmcg,alimentare_confezionato,54,3.2,3.1,0.0336,0,0.9933,1.0191,2349.5,1.73
P0017,fmcg,alimentare_confezionato,55,3.15,3.1,0.0152,0,0.9249,1.0284,1608.8,1.73
P0017,fmcg,alimentare_confezionato,56,3.15,3.1,0.0151,0,1.0238,1.0372,2091.3,1.73
P0017,fmcg,alimentare_confezionato,57,3.05,3.1,-0.0161,0,1.021,1.0454,2512.7,1.73
P0017,fmcg,alimentare_confezionato,58,3.07,3.1,-0.0111,0,0.9673,1.053,1955.7,1.73
P0017,fmcg,alimentare_confezionato,59,3.15,3.1,0.0147,0,1.0227,1.0599,3309.7,1.73
P0017,fmcg,alimentare_confezionato,60,2.96,3.1,-0.0456,0,0.9902,1.0658,2209.2,1.73
P0017,fmcg,alimentare_confezionato,61,3.06,3.1,-0.0141,0,0.9706,1.0708,2022.1,1.73
P0017,fmcg,alimentare_confezionato,62,3.13,3.1,0.0105,0,0.9887,1.0748,2543.0,1.73
P0017,fmcg,alimentare_confezionato,63,3.13,3.1,0.0096,0,1.0342,1.0777,2368.5,1.73
P0017,fmcg,alimentare_confezionato,64,3.18,3.1,0.0264,0,1.0081,1.0794,2224.7,1.73
P0017,fmcg,alimentare_confezionato,65,3.05,3.1,-0.0167,0,1.0196,1.08,2542.2,1.73
P0017,fmcg,alimentare_confezionato,66,3.01,3.1,-0.0283,0,0.9823,1.0794,2315.0,1.73
P0017,fmcg,alimentare_confezionato,67,3.03,3.1,-0.0228,0,1.0133,1.0777,2833.0,1.73
P0017,fmcg,alimentare_confezionato,68,2.74,3.1,-0.1152,1,1.0321,1.0748,3236.4,1.73
P0017,fmcg,alimentare_confezionato,69,3.1,3.1,-0.0005,0,0.9904,1.0708,2318.5,1.73
P0017,fmcg,alimentare_confezionato,70,2.86,3.1,-0.0772,1,0.999,1.0658,3697.6,1.73
P0017,fmcg,alimentare_confezionato,71,3.17,3.1,0.0233,0,0.9107,1.0599,2574.6,1.73
P0017,fmcg,alimentare_confezionato,72,3.18,3.1,0.0251,0,0.9514,1.053,1936.4,1.73
P0017,fmcg,alimentare_confezionato,73,3.0,3.1,-0.0335,0,1.0573,1.0454,2429.9,1.73
P0017,fmcg,alimentare_confezionato,74,3.1,3.1,-0.0016,0,0.9349,1.0372,2272.8,1.73
P0017,fmcg,alimentare_confezionato,75,3.06,3.1,-0.0138,0,1.0463,1.0284,2365.6,1.73
P0017,fmcg,alimentare_confezionato,76,3.19,3.1,0.0298,0,0.9996,1.0191,2012.0,1.73
P0017,fmcg,alimentare_confezionato,77,3.08,3.1,-0.0059,0,0.9417,1.0096,2782.1,1.73
P0017,fmcg,alimentare_confezionato,78,3.09,3.1,-0.0028,0,0.9797,1.0,2533.1,1.73
P0017,fmcg,alimentare_confezionato,79,2.93,3.1,-0.0541,0,0.9661,0.9904,2738.0,1.73
P0017,fmcg,alimentare_confezionato,80,3.07,3.1,-0.0089,0,1.0687,0.9809,2378.3,1.73
P0017,fmcg,alimentare_confezionato,81,2.68,3.1,-0.1367,1,1.0165,0.9716,2924.9,1.73
P0017,fmcg,alimentare_confezionato,82,3.13,3.1,0.0108,0,0.9157,0.9628,2032.5,1.73
P0017,fmcg,alimentare_confezionato,83,3.21,3.1,0.036,0,0.9078,0.9546,1906.0,1.73
P0017,fmcg,alimentare_confezionato,84,3.2,3.1,0.0336,0,0.9978,0.947,2462.9,1.73
P0017,fmcg,alimentare_confezionato,85,3.06,3.1,-0.0144,0,1.012,0.9401,2011.7,1.73
P0017,fmcg,alimentare_confezionato,86,2.96,3.1,-0.0466,0,0.9588,0.9342,2302.2,1.73
P0017,fmcg,alimentare_confezionato,87,2.86,3.1,-0.0771,0,1.0687,0.9292,2225.5,1.73
P0017,fmcg,alimentare_confezionato,88,2.79,3.1,-0.1,0,0.9235,0.9252,2324.4,1.73
P0017,fmcg,alimentare_confezionato,89,3.17,3.1,0.0222,0,0.9725,0.9223,1718.1,1.73
P0017,fmcg,alimentare_confezionato,90,3.1,3.1,0.0012,0,1.0115,0.9206,1831.4,1.73
P0017,fmcg,alimentare_confezionato,91,3.03,3.1,-0.0217,0,0.9565,0.92,1944.0,1.73
P0017,fmcg,alimentare_confezionato,92,3.09,3.1,-0.0046,0,0.9653,0.9206,2267.4,1.73
P0017,fmcg,alimentare_confezionato,93,3.12,3.1,0.0073,0,1.0617,0.9223,2265.7,1.73
P0017,fmcg,alimentare_confezionato,94,2.67,3.1,-0.1373,1,0.9359,0.9252,3005.3,1.73
P0017,fmcg,alimentare_confezionato,95,3.06,3.1,-0.0141,0,0.9625,0.9292,2003.6,1.73
P0017,fmcg,alimentare_confezionato,96,2.72,3.1,-0.1239,1,0.9068,0.9342,2786.2,1.73
P0017,fmcg,alimentare_confezionato,97,2.84,3.1,-0.0852,1,1.0252,0.9401,2986.6,1.73
P0017,fmcg,alimentare_confezionato,98,3.13,3.1,0.0086,0,0.9765,0.947,1788.9,1.73
P0017,fmcg,alimentare_confezionato,99,3.19,3.1,0.0286,0,1.0474,0.9546,1872.4,1.73
P0017,fmcg,alimentare_confezionato,100,3.05,3.1,-0.0173,0,1.0327,0.9628,2029.8,1.73
P0017,fmcg,alimentare_confezionato,101,2.84,3.1,-0.0847,0,0.9849,0.9716,2419.3,1.73
P0017,fmcg,alimentare_confezionato,102,3.29,3.1,0.0615,0,0.9419,0.9809,1855.5,1.73
P0017,fmcg,alimentare_confezionato,103,3.04,3.1,-0.0197,0,1.0516,0.9904,2659.5,1.73
P0018,fmcg,cura_persona,0,4.11,4.22,-0.0253,0,0.9421,1.0,5342.3,2.81
P0018,fmcg,cura_persona,1,4.2,4.22,-0.0037,0,0.9302,1.0096,3749.7,2.81
P0018,fmcg,cura_persona,2,3.76,4.22,-0.1089,1,0.8967,1.0191,6869.5,2.81
P0018,fmcg,cura_persona,3,4.19,4.22,-0.0076,0,1.0745,1.0284,4873.0,2.81
P0018,fmcg,cura_persona,4,4.18,4.22,-0.0102,0,0.9936,1.0372,4080.0,2.81
P0018,fmcg,cura_persona,5,4.44,4.22,0.0527,0,0.9511,1.0454,4558.4,2.81
P0018,fmcg,cura_persona,6,4.22,4.22,-0.0009,0,1.0281,1.053,4230.5,2.81
P0018,fmcg,cura_persona,7,3.92,4.22,-0.0716,0,1.022,1.0599,4022.6,2.81
P0018,fmcg,cura_persona,8,4.35,4.22,0.0299,0,1.0311,1.0658,3673.4,2.81
P0018,fmcg,cura_persona,9,4.12,4.22,-0.0241,0,1.0093,1.0708,3821.7,2.81
P0018,fmcg,cura_persona,10,4.27,4.22,0.0109,0,0.9858,1.0748,4810.7,2.81
P0018,fmcg,cura_persona,11,4.14,4.22,-0.019,0,0.9032,1.0777,4927.8,2.81
P0018,fmcg,cura_persona,12,3.94,4.22,-0.0662,1,1.024,1.0794,8056.1,2.81
P0018,fmcg,cura_persona,13,4.3,4.22,0.0194,0,0.9278,1.08,4586.0,2.81
P0018,fmcg,cura_persona,14,4.4,4.22,0.043,0,0.973,1.0794,4102.9,2.81
P0018,fmcg,cura_persona,15,4.21,4.22,-0.0032,0,0.9446,1.0777,6352.0,2.81
P0018,fmcg,cura_persona,16,3.86,4.22,-0.0863,1,1.0173,1.0748,7343.1,2.81
P0018,fmcg,cura_persona,17,3.92,4.22,-0.072,1,0.9883,1.0708,5981.1,2.81
P0018,fmcg,cura_persona,18,4.19,4.22,-0.0077,0,1.0298,1.0658,4489.1,2.81
P0018,fmcg,cura_persona,19,4.15,4.22,-0.0159,0,0.9225,1.0599,4645.8,2.81
P0018,fmcg,cura_persona,20,4.39,4.22,0.041,0,0.9402,1.053,3861.8,2.81
P0018,fmcg,cura_persona,21,4.31,4.22,0.0218,0,0.9551,1.0454,5097.3,2.81
P0018,fmcg,cura_persona,22,4.3,4.22,0.0197,0,1.0485,1.0372,4199.2,2.81
P0018,fmcg,cura_persona,23,4.02,4.22,-0.0477,0,1.043,1.0284,4257.8,2.81
P0018,fmcg,cura_persona,24,4.24,4.22,0.004,0,1.0189,1.0191,4603.6,2.81
P0018,fmcg,cura_persona,25,4.08,4.22,-0.0341,0,1.0357,1.0096,4365.6,2.81
P0018,fmcg,cura_persona,26,4.32,4.22,0.0227,0,0.9482,1.0,4328.5,2.81
P0018,fmcg,cura_persona,27,4.22,4.22,0.0006,0,1.0498,0.9904,4339.8,2.81
P0018,fmcg,cura_persona,28,4.06,4.22,-0.0372,0,0.9996,0.9809,4994.3,2.81
P0018,fmcg,cura_persona,29,4.39,4.22,0.0403,0,0.9784,0.9716,4902.4,2.81
P0018,fmcg,cura_persona,30,4.26,4.22,0.0099,0,1.0276,0.9628,4679.1,2.81
P0018,fmcg,cura_persona,31,4.03,4.22,-0.0459,0,1.0628,0.9546,4730.6,2.81
P0018,fmcg,cura_persona,32,4.22,4.22,0.0004,0,0.8807,0.947,3983.4,2.81
P0018,fmcg,cura_persona,33,4.36,4.22,0.0321,0,1.0498,0.9401,4037.7,2.81
P0018,fmcg,cura_persona,34,4.0,4.22,-0.0524,0,1.0295,0.9342,4907.0,2.81
P0018,fmcg,cura_persona,35,4.53,4.22,0.0741,0,0.9154,0.9292,3245.0,2.81
P0018,fmcg,cura_persona,36,4.25,4.22,0.006,0,1.0007,0.9252,3822.2,2.81
P0018,fmcg,cura_persona,37,4.06,4.22,-0.0385,0,0.9479,0.9223,3843.4,2.81
P0018,fmcg,cura_persona,38,4.04,4.22,-0.043,0,0.9976,0.9206,4297.8,2.81
P0018,fmcg,cura_persona,39,4.35,4.22,0.0306,0,0.997,0.92,4203.0,2.81
P0018,fmcg,cura_persona,40,4.22,4.22,-0.0008,0,0.9719,0.9206,3969.9,2.81
P0018,fmcg,cura_persona,41,4.16,4.22,-0.0144,0,1.0259,0.9223,3725.2,2.81
P0018,fmcg,cura_persona,42,4.13,4.22,-0.0203,0,1.0426,0.9252,4207.1,2.81
P0018,fmcg,cura_persona,43,4.05,4.22,-0.0404,0,0.9262,0.9292,4084.0,2.81
P0018,fmcg,cura_persona,44,4.02,4.22,-0.0484,0,1.0311,0.9342,4504.1,2.81
P0018,fmcg,cura_persona,45,4.16,4.22,-0.0135,0,0.9701,0.9401,5092.7,2.81
P0018,fmcg,cura_persona,46,3.73,4.22,-0.1161,1,1.0398,0.947,6584.6,2.81
P0018,fmcg,cura_persona,47,4.14,4.22,-0.0184,0,1.0423,0.9546,4885.0,2.81
P0018,fmcg,cura_persona,48,4.11,4.22,-0.026,0,1.0371,0.9628,4719.1,2.81
P0018,fmcg,cura_persona,49,4.05,4.22,-0.0395,0,0.8732,0.9716,4928.5,2.81
P0018,fmcg,cura_persona,50,3.7,4.22,-0.124,1,0.9154,0.9809,6262.4,2.81
P0018,fmcg,cura_persona,51,4.12,4.22,-0.0235,0,1.0059,0.9904,4831.1,2.81
P0018,fmcg,cura_persona,52,4.22,4.22,-0.0007,0,1.0558,1.0,3905.6,2.81
P0018,fmcg,cura_persona,53,4.17,4.22,-0.0123,0,0.9201,1.0096,4482.0,2.81
P0018,fmcg,cura_persona,54,3.93,4.22,-0.0684,0,1.0868,1.0191,4838.2,2.81
P0018,fmcg,cura_persona,55,4.35,4.22,0.0314,0,0.9636,1.0284,4704.7,2.81
P0018,fmcg,cura_persona,56,4.14,4.22,-0.0189,0,1.0172,1.0372,5011.4,2.81
P0018,fmcg,cura_persona,57,4.21,4.22,-0.0031,0,1.0264,1.0454,4960.5,2.81
P0018,fmcg,cura_persona,58,3.91,4.22,-0.073,1,0.9277,1.053,7244.0,2.81
P0018,fmcg,cura_persona,59,4.16,4.22,-0.0145,0,1.0639,1.0599,3976.9,2.81
P0018,fmcg,cura_persona,60,4.22,4.22,-0.0008,0,1.0159,1.0658,4386.5,2.81
P0018,fmcg,cura_persona,61,3.8,4.22,-0.0987,1,1.0167,1.0708,7927.3,2.81
P0018,fmcg,cura_persona,62,3.9,4.22,-0.0767,0,0.9229,1.0748,7106.3,2.81
P0018,fmcg,cura_persona,63,4.43,4.22,0.0499,0,0.9533,1.0777,4063.7,2.81
P0018,fmcg,cura_persona,64,4.1,4.22,-0.0287,0,1.0796,1.0794,5014.7,2.81
P0018,fmcg,cura_persona,65,4.18,4.22,-0.0094,0,1.0329,1.08,5744.8,2.81
P0018,fmcg,cura_persona,66,4.48,4.22,0.0605,0,0.9694,1.0794,4456.6,2.81
P0018,fmcg,cura_persona,67,4.06,4.22,-0.0374,0,1.0107,1.0777,5068.7,2.81
P0018,fmcg,cura_persona,68,4.27,4.22,0.0125,0,1.0073,1.0748,4461.2,2.81
P0018,fmcg,cura_persona,69,4.21,4.22,-0.0032,0,0.9816,1.0708,4724.8,2.81
P0018,fmcg,cura_persona,70,4.61,4.22,0.093,0,0.9295,1.0658,3383.2,2.81
P0018,fmcg,cura_persona,71,4.52,4.22,0.0714,0,0.934,1.0599,4105.2,2.81
P0018,fmcg,cura_persona,72,4.27,4.22,0.0117,0,1.0618,1.053,5111.6,2.81
P0018,fmcg,cura_persona,73,4.25,4.22,0.0068,0,0.9068,1.0454,4487.5,2.81
P0018,fmcg,cura_persona,74,4.19,4.22,-0.0065,0,0.9157,1.0372,4760.9,2.81
P0018,fmcg,cura_persona,75,4.24,4.22,0.0052,0,0.9387,1.0284,3953.5,2.81
P0018,fmcg,cura_persona,76,4.31,4.22,0.0206,0,1.0575,1.0191,5053.4,2.81
P0018,fmcg,cura_persona,77,3.95,4.22,-0.0648,1,0.9267,1.0096,6928.0,2.81
P0018,fmcg,cura_persona,78,4.08,4.22,-0.0326,0,1.0307,1.0,5203.5,2.81
P0018,fmcg,cura_persona,79,4.25,4.22,0.0075,0,1.0066,0.9904,4467.6,2.81
P0018,fmcg,cura_persona,80,4.3,4.22,0.0189,0,1.0102,0.9809,4478.9,2.81
P0018,fmcg,cura_persona,81,4.2,4.22,-0.0046,0,0.9308,0.9716,4372.5,2.81
P0018,fmcg,cura_persona,82,3.98,4.22,-0.0575,1,1.0064,0.9628,6497.9,2.81
P0018,fmcg,cura_persona,83,4.14,4.22,-0.0183,0,1.0182,0.9546,3029.3,2.81
P0018,fmcg,cura_persona,84,4.38,4.22,0.0385,0,1.0501,0.947,3913.9,2.81
P0018,fmcg,cura_persona,85,3.75,4.22,-0.1109,1,1.0278,0.9401,6373.1,2.81
P0018,fmcg,cura_persona,86,3.9,4.22,-0.0769,1,1.0632,0.9342,7248.1,2.81
P0018,fmcg,cura_persona,87,4.16,4.22,-0.0143,0,0.9523,0.9292,4821.1,2.81
P0018,fmcg,cura_persona,88,3.94,4.22,-0.0672,1,0.9683,0.9252,6145.7,2.81
P0018,fmcg,cura_persona,89,4.31,4.22,0.0222,0,1.0689,0.9223,4596.0,2.81
P0018,fmcg,cura_persona,90,4.02,4.22,-0.0484,0,1.0099,0.9206,5740.6,2.81
P0018,fmcg,cura_persona,91,4.21,4.22,-0.0021,0,1.0707,0.92,4288.0,2.81
P0018,fmcg,cura_persona,92,4.11,4.22,-0.0257,0,0.9505,0.9206,4873.7,2.81
P0018,fmcg,cura_persona,93,4.19,4.22,-0.0069,0,0.9967,0.9223,4570.6,2.81
P0018,fmcg,cura_persona,94,4.29,4.22,0.016,0,0.9799,0.9252,4447.1,2.81
P0018,fmcg,cura_persona,95,4.37,4.22,0.0362,0,1.034,0.9292,4010.0,2.81
P0018,fmcg,cura_persona,96,3.88,4.22,-0.0812,1,0.9681,0.9342,5947.8,2.81
P0018,fmcg,cura_persona,97,4.22,4.22,-0.0006,0,1.0889,0.9401,4709.6,2.81
P0018,fmcg,cura_persona,98,4.04,4.22,-0.0423,0,1.0669,0.947,4475.5,2.81
P0018,fmcg,cura_persona,99,3.88,4.22,-0.0808,1,1.0513,0.9546,4656.4,2.81
P0018,fmcg,cura_persona,100,4.2,4.22,-0.0039,0,1.0367,0.9628,3933.3,2.81
P0018,fmcg,cura_persona,101,4.33,4.22,0.0255,0,0.9766,0.9716,4217.8,2.81
P0018,fmcg,cura_persona,102,4.02,4.22,-0.0473,0,1.0378,0.9809,4864.8,2.81
P0018,fmcg,cura_persona,103,4.14,4.22,-0.0186,0,0.9602,0.9904,5243.2,2.81
P0019,fmcg,cura_persona,0,8.63,8.27,0.0438,0,1.066,1.0,3929.9,4.69
P0019,fmcg,cura_persona,1,8.03,8.27,-0.0286,0,0.9895,1.0096,3315.8,4.69
P0019,fmcg,cura_persona,2,8.46,8.27,0.0226,0,1.0325,1.0191,3257.8,4.69
P0019,fmcg,cura_persona,3,7.36,8.27,-0.11,1,1.0755,1.0284,5814.1,4.69
P0019,fmcg,cura_persona,4,8.41,8.27,0.0167,0,1.049,1.0372,3242.7,4.69
P0019,fmcg,cura_persona,5,8.26,8.27,-0.0014,0,0.9878,1.0454,4103.4,4.69
P0019,fmcg,cura_persona,6,7.78,8.27,-0.0596,1,0.9912,1.053,4791.3,4.69
P0019,fmcg,cura_persona,7,8.37,8.27,0.0122,0,0.9491,1.0599,3796.6,4.69
P0019,fmcg,cura_persona,8,7.77,8.27,-0.0604,1,1.0254,1.0658,5177.6,4.69
P0019,fmcg,cura_persona,9,8.73,8.27,0.0555,0,0.9422,1.0708,4081.1,4.69
P0019,fmcg,cura_persona,10,8.58,8.27,0.0377,0,0.9984,1.0748,3346.4,4.69
P0019,fmcg,cura_persona,11,7.38,8.27,-0.1078,1,0.9656,1.0777,5205.9,4.69
P0019,fmcg,cura_persona,12,8.24,8.27,-0.0036,0,1.0243,1.0794,3470.9,4.69
P0019,fmcg,cura_persona,13,8.22,8.27,-0.0056,0,0.9902,1.08,5033.4,4.69
P0019,fmcg,cura_persona,14,7.8,8.27,-0.0565,0,1.0209,1.0794,4565.4,4.69
P0019,fmcg,cura_persona,15,7.92,8.27,-0.0425,0,1.0879,1.0777,3694.3,4.69
P0019,fmcg,cura_persona,16,8.33,8.27,0.007,0,1.03,1.0748,4864.0,4.69
P0019,fmcg,cura_persona,17,8.11,8.27,-0.0196,0,1.0553,1.0708,3769.9,4.69
P0019,fmcg,cura_persona,18,7.9,8.27,-0.0453,0,0.9483,1.0658,4193.4,4.69
P0019,fmcg,cura_persona,19,7.78,8.27,-0.0596,0,1.0249,1.0599,3819.3,4.69
P0019,fmcg,cura_persona,20,8.17,8.27,-0.0123,0,0.9438,1.053,4002.9,4.69
P0019,fmcg,cura_persona,21,8.64,8.27,0.0444,0,1.0,1.0454,3636.4,4.69
P0019,fmcg,cura_persona,22,7.98,8.27,-0.0352,0,0.9355,1.0372,4210.3,4.69
P0019,fmcg,cura_persona,23,7.95,8.27,-0.0385,0,1.0418,1.0284,4249.5,4.69
P0019,fmcg,cura_persona,24,8.09,8.27,-0.0217,0,0.9548,1.0191,4801.1,4.69
P0019,fmcg,cura_persona,25,8.15,8.27,-0.0147,0,1.0288,1.0096,3240.7,4.69
P0019,fmcg,cura_persona,26,8.3,8.27,0.0037,0,1.0226,1.0,3657.8,4.69
P0019,fmcg,cura_persona,27,8.29,8.27,0.0027,0,0.9918,0.9904,3540.8,4.69
P0019,fmcg,cura_persona,28,8.34,8.27,0.0081,0,1.0205,0.9809,3699.4,4.69
P0019,fmcg,cura_persona,29,7.98,8.27,-0.035,0,1.0199,0.9716,4479.9,4.69
P0019,fmcg,cura_persona,30,7.39,8.27,-0.1066,1,1.0112,0.9628,4417.4,4.69
P0019,fmcg,cura_persona,31,7.16,8.27,-0.1347,1,0.9665,0.9546,5096.3,4.69
P0019,fmcg,cura_persona,32,7.82,8.27,-0.0548,1,0.9899,0.947,4767.9,4.69
P0019,fmcg,cura_persona,33,8.06,8.27,-0.0259,0,1.0097,0.9401,3716.2,4.69
P0019,fmcg,cura_persona,34,8.34,8.27,0.0088,0,0.9977,0.9342,3491.7,4.69
P0019,fmcg,cura_persona,35,8.35,8.27,0.0091,0,1.0669,0.9292,2967.3,4.69
P0019,fmcg,cura_persona,36,8.46,8.27,0.0233,0,1.024,0.9252,3541.6,4.69
P0019,fmcg,cura_persona,37,8.45,8.27,0.0215,0,1.0565,0.9223,3226.7,4.69
P0019,fmcg,cura_persona,38,8.18,8.27,-0.011,0,1.0356,0.9206,3635.9,4.69
P0019,fmcg,cura_persona,39,8.21,8.27,-0.0075,0,0.9813,0.92,3373.4,4.69
P0019,fmcg,cura_persona,40,7.69,8.27,-0.0701,1,0.9497,0.9206,5075.7,4.69
P0019,fmcg,cura_persona,41,8.41,8.27,0.0164,0,0.9904,0.9223,4062.1,4.69
P0019,fmcg,cura_persona,42,8.32,8.27,0.0063,0,1.0303,0.9252,3074.4,4.69
P0019,fmcg,cura_persona,43,7.04,8.27,-0.1482,1,0.9743,0.9292,4884.5,4.69
P0019,fmcg,cura_persona,44,8.1,8.27,-0.0209,0,1.0283,0.9342,3689.7,4.69
P0019,fmcg,cura_persona,45,8.42,8.27,0.0182,0,0.9293,0.9401,3692.8,4.69
P0019,fmcg,cura_persona,46,8.27,8.27,0.0003,0,0.9353,0.947,3569.6,4.69
P0019,fmcg,cura_persona,47,8.04,8.27,-0.0282,0,0.9696,0.9546,3865.9,4.69
P0019,fmcg,cura_persona,48,7.54,8.27,-0.0883,1,1.1008,0.9628,5275.1,4.69
P0019,fmcg,cura_persona,49,8.23,8.27,-0.005,0,0.9072,0.9716,3936.6,4.69
P0019,fmcg,cura_persona,50,8.43,8.27,0.019,0,0.9891,0.9809,3673.2,4.69
P0019,fmcg,cura_persona,51,8.52,8.27,0.0303,0,0.9406,0.9904,4662.5,4.69
P0019,fmcg,cura_persona,52,7.81,8.27,-0.0551,1,1.0638,1.0,4894.0,4.69
P0019,fmcg,cura_persona,53,8.24,8.27,-0.0034,0,0.9223,1.0096,4510.0,4.69
P0019,fmcg,cura_persona,54,8.26,8.27,-0.0011,0,0.9387,1.0191,3534.0,4.69
P0019,fmcg,cura_persona,55,8.54,8.27,0.0331,0,0.9198,1.0284,3815.8,4.69
P0019,fmcg,cura_persona,56,7.86,8.27,-0.0499,0,1.0119,1.0372,3917.4,4.69
P0019,fmcg,cura_persona,57,7.9,8.27,-0.0444,0,0.9621,1.0454,3066.3,4.69
P0019,fmcg,cura_persona,58,8.79,8.27,0.0629,0,1.1042,1.053,3699.6,4.69
P0019,fmcg,cura_persona,59,8.18,8.27,-0.0104,0,1.0437,1.0599,3745.6,4.69
P0019,fmcg,cura_persona,60,8.27,8.27,-0.0004,0,0.9716,1.0658,3719.9,4.69
P0019,fmcg,cura_persona,61,7.99,8.27,-0.0342,0,1.0226,1.0708,3906.9,4.69
P0019,fmcg,cura_persona,62,8.67,8.27,0.0484,0,0.9916,1.0748,4233.5,4.69
P0019,fmcg,cura_persona,63,8.13,8.27,-0.0165,0,1.0014,1.0777,5137.0,4.69
P0019,fmcg,cura_persona,64,8.24,8.27,-0.0034,0,1.0728,1.0794,3663.9,4.69
P0019,fmcg,cura_persona,65,8.37,8.27,0.0116,0,1.0092,1.08,4781.4,4.69
P0019,fmcg,cura_persona,66,8.65,8.27,0.0465,0,0.982,1.0794,3490.8,4.69
P0019,fmcg,cura_persona,67,7.93,8.27,-0.0406,0,1.0242,1.0777,4001.6,4.69
P0019,fmcg,cura_persona,68,7.28,8.27,-0.1201,1,0.9428,1.0748,6304.2,4.69
P0019,fmcg,cura_persona,69,8.61,8.27,0.0406,0,0.9804,1.0708,4108.6,4.69
P0019,fmcg,cura_persona,70,8.49,8.27,0.026,0,1.0055,1.0658,3153.3,4.69
P0019,fmcg,cura_persona,71,7.55,8.27,-0.0866,1,1.0395,1.0599,5909.0,4.69
P0019,fmcg,cura_persona,72,8.01,8.27,-0.032,0,1.0328,1.053,3910.7,4.69
P0019,fmcg,cura_persona,73,8.22,8.27,-0.0062,0,1.0512,1.0454,4115.3,4.69
P0019,fmcg,cura_persona,74,8.16,8.27,-0.0131,0,1.0116,1.0372,4512.0,4.69
P0019,fmcg,cura_persona,75,8.42,8.27,0.0186,0,1.0023,1.0284,3800.9,4.69
P0019,fmcg,cura_persona,76,7.43,8.27,-0.1021,1,1.004,1.0191,5468.7,4.69
P0019,fmcg,cura_persona,77,8.22,8.27,-0.0061,0,1.0155,1.0096,4182.7,4.69
P0019,fmcg,cura_persona,78,7.29,8.27,-0.1181,1,1.0488,1.0,5277.3,4.69
P0019,fmcg,cura_persona,79,8.66,8.27,0.0468,0,1.0732,0.9904,3611.9,4.69
P0019,fmcg,cura_persona,80,8.49,8.27,0.0269,0,1.0698,0.9809,3863.0,4.69
P0019,fmcg,cura_persona,81,8.85,8.27,0.0703,0,1.0533,0.9716,3151.3,4.69
P0019,fmcg,cura_persona,82,8.42,8.27,0.0177,0,0.9861,0.9628,3651.1,4.69
P0019,fmcg,cura_persona,83,8.11,8.27,-0.0198,0,0.9442,0.9546,3797.8,4.69
P0019,fmcg,cura_persona,84,8.31,8.27,0.0051,0,0.9328,0.947,3394.7,4.69
P0019,fmcg,cura_persona,85,7.32,8.27,-0.115,1,0.9606,0.9401,4342.1,4.69
P0019,fmcg,cura_persona,86,7.63,8.27,-0.0771,1,1.0203,0.9342,4457.2,4.69
P0019,fmcg,cura_persona,87,8.7,8.27,0.0526,0,1.0103,0.9292,2682.4,4.69
P0019,fmcg,cura_persona,88,8.86,8.27,0.0715,0,0.9356,0.9252,3197.4,4.69
P0019,fmcg,cura_persona,89,8.3,8.27,0.0034,0,1.0097,0.9223,3915.1,4.69
P0019,fmcg,cura_persona,90,8.64,8.27,0.0447,0,0.9941,0.9206,3125.8,4.69
P0019,fmcg,cura_persona,91,7.74,8.27,-0.0636,0,1.0138,0.92,4702.2,4.69
P0019,fmcg,cura_persona,92,8.47,8.27,0.024,0,0.9793,0.9206,3236.1,4.69
P0019,fmcg,cura_persona,93,8.85,8.27,0.0703,0,1.0744,0.9223,3502.8,4.69
P0019,fmcg,cura_persona,94,7.06,8.27,-0.1461,1,0.9623,0.9252,4297.9,4.69
P0019,fmcg,cura_persona,95,8.28,8.27,0.0017,0,0.9854,0.9292,2888.9,4.69
P0019,fmcg,cura_persona,96,7.05,8.27,-0.1473,1,0.9414,0.9342,4946.5,4.69
P0019,fmcg,cura_persona,97,8.09,8.27,-0.0216,0,1.0463,0.9401,2847.7,4.69
P0019,fmcg,cura_persona,98,8.27,8.27,0.0001,0,1.0048,0.947,3693.1,4.69
P0019,fmcg,cura_persona,99,8.0,8.27,-0.0321,0,0.9996,0.9546,3487.0,4.69
P0019,fmcg,cura_persona,100,8.18,8.27,-0.0113,0,0.9973,0.9628,4876.0,4.69
P0019,fmcg,cura_persona,101,8.43,8.27,0.0195,0,1.0323,0.9716,3858.8,4.69
P0019,fmcg,cura_persona,102,8.33,8.27,0.0068,0,1.005,0.9809,3376.0,4.69
P0019,fmcg,cura_persona,103,8.86,8.27,0.071,0,1.0605,0.9904,3539.0,4.69
P0020,fmcg,cura_persona,0,5.3,5.47,-0.0304,0,0.987,1.0,2194.2,3.58
P0020,fmcg,cura_persona,1,5.32,5.47,-0.027,0,0.9758,1.0096,2550.6,3.58
P0020,fmcg,cura_persona,2,4.78,5.47,-0.1262,1,1.0103,1.0191,3168.4,3.58
P0020,fmcg,cura_persona,3,5.65,5.47,0.033,0,1.0679,1.0284,1565.6,3.58
P0020,fmcg,cura_persona,4,5.65,5.47,0.032,0,0.9935,1.0372,1688.2,3.58
P0020,fmcg,cura_persona,5,5.68,5.47,0.0386,0,0.9775,1.0454,1828.5,3.58
P0020,fmcg,cura_persona,6,5.18,5.47,-0.0531,1,1.0062,1.053,2714.1,3.58
P0020,fmcg,cura_persona,7,5.33,5.47,-0.0251,0,0.9467,1.0599,2167.9,3.58
P0020,fmcg,cura_persona,8,5.28,5.47,-0.0354,0,0.9069,1.0658,2217.8,3.58
P0020,fmcg,cura_persona,9,5.48,5.47,0.0011,0,1.082,1.0708,2403.4,3.58
P0020,fmcg,cura_persona,10,5.53,5.47,0.0104,0,0.9506,1.0748,1678.5,3.58
P0020,fmcg,cura_persona,11,5.71,5.47,0.043,0,1.03,1.0777,1672.1,3.58
P0020,fmcg,cura_persona,12,5.04,5.47,-0.0785,0,0.9624,1.0794,2121.5,3.58
P0020,fmcg,cura_persona,13,4.87,5.47,-0.1091,1,0.9929,1.08,3070.1,3.58
P0020,fmcg,cura_persona,14,4.77,5.47,-0.1288,1,1.0075,1.0794,3167.4,3.58
P0020,fmcg,cura_persona,15,5.08,5.47,-0.0711,1,0.9722,1.0777,2855.8,3.58
P0020,fmcg,cura_persona,16,5.26,5.47,-0.0386,0,1.0902,1.0748,1823.2,3.58
P0020,fmcg,cura_persona,17,5.29,5.47,-0.0333,0,1.1094,1.0708,1985.8,3.58
P0020,fmcg,cura_persona,18,5.4,5.47,-0.013,0,1.0048,1.0658,1935.8,3.58
P0020,fmcg,cura_persona,19,4.92,5.47,-0.1,0,1.0029,1.0599,2416.6,3.58
P0020,fmcg,cura_persona,20,5.72,5.47,0.0458,0,0.9906,1.053,1952.8,3.58
P0020,fmcg,cura_persona,21,4.95,5.47,-0.0944,1,0.9714,1.0454,2547.4,3.58
P0020,fmcg,cura_persona,22,5.74,5.47,0.049,0,1.0091,1.0372,2074.2,3.58
P0020,fmcg,cura_persona,23,5.67,5.47,0.0367,0,0.9674,1.0284,1808.2,3.58
P0020,fmcg,cura_persona,24,4.98,5.47,-0.0901,1,1.0125,1.0191,2594.6,3.58
P0020,fmcg,cura_persona,25,5.8,5.47,0.0606,0,0.9708,1.0096,1324.1,3.58
P0020,fmcg,cura_persona,26,5.41,5.47,-0.0116,0,0.9934,1.0,2013.9,3.58
P0020,fmcg,cura_persona,27,5.42,5.47,-0.0094,0,0.995,0.9904,2215.8,3.58
P0020,fmcg,cura_persona,28,5.23,5.47,-0.0432,0,0.9402,0.9809,2006.3,3.58
P0020,fmcg,cura_persona,29,5.17,5.47,-0.0547,0,1.0318,0.9716,2173.8,3.58
P0020,fmcg,cura_persona,30,4.87,5.47,-0.1094,1,1.0094,0.9628,3006.3,3.58
P0020,fmcg,cura_persona,31,4.97,5.47,-0.0912,0,0.988,0.9546,2266.2,3.58
P0020,fmcg,cura_persona,32,5.48,5.47,0.0013,0,1.0375,0.947,1755.1,3.58
P0020,fmcg,cura_persona,33,5.69,5.47,0.0394,0,0.9941,0.9401,1562.7,3.58
P0020,fmcg,cura_persona,34,5.59,5.47,0.0227,0,0.9837,0.9342,1396.9,3.58
P0020,fmcg,cura_persona,35,5.5,5.47,0.0054,0,1.0348,0.9292,2000.2,3.58
P0020,fmcg,cura_persona,36,5.91,5.47,0.0798,0,1.0116,0.9252,1246.4,3.58
P0020,fmcg,cura_persona,37,5.4,5.47,-0.013,0,1.0296,0.9223,1555.5,3.58
P0020,fmcg,cura_persona,38,5.44,5.47,-0.0056,0,0.9776,0.9206,1888.7,3.58
P0020,fmcg,cura_persona,39,5.69,5.47,0.0408,0,0.9834,0.92,1804.3,3.58
P0020,fmcg,cura_persona,40,5.2,5.47,-0.0486,0,0.9393,0.9206,1874.9,3.58
P0020,fmcg,cura_persona,41,5.35,5.47,-0.0211,0,0.9762,0.9223,1726.3,3.58
P0020,fmcg,cura_persona,42,5.38,5.47,-0.0167,0,0.9733,0.9252,1498.8,3.58
P0020,fmcg,cura_persona,43,5.7,5.47,0.0412,0,1.0045,0.9292,1442.4,3.58
P0020,fmcg,cura_persona,44,5.36,5.47,-0.0205,0,1.071,0.9342,2121.0,3.58
P0020,fmcg,cura_persona,45,5.18,5.47,-0.0524,0,1.1145,0.9401,2020.0,3.58
P0020,fmcg,cura_persona,46,5.18,5.47,-0.0538,1,1.0351,0.947,2849.9,3.58
P0020,fmcg,cura_persona,47,5.53,5.47,0.0111,0,0.9407,0.9546,1860.8,3.58
P0020,fmcg,cura_persona,48,4.71,5.47,-0.1383,1,1.0141,0.9628,2936.8,3.58
P0020,fmcg,cura_persona,49,5.3,5.47,-0.0304,0,1.0395,0.9716,2275.1,3.58
P0020,fmcg,cura_persona,50,5.58,5.47,0.0194,0,1.0216,0.9809,1738.2,3.58
P0020,fmcg,cura_persona,51,5.22,5.47,-0.0456,0,0.961,0.9904,1548.7,3.58
P0020,fmcg,cura_persona,52,5.54,5.47,0.0129,0,0.9985,1.0,1378.9,3.58
P0020,fmcg,cura_persona,53,5.47,5.47,-0.0001,0,1.0985,1.0096,1708.8,3.58
P0020,fmcg,cura_persona,54,5.38,5.47,-0.0168,0,1.0028,1.0191,2245.0,3.58
P0020,fmcg,cura_persona,55,5.34,5.47,-0.0242,0,1.0709,1.0284,1998.8,3.58
P0020,fmcg,cura_persona,56,5.34,5.47,-0.024,0,1.0703,1.0372,2071.2,3.58
P0020,fmcg,cura_persona,57,5.15,5.47,-0.0581,1,0.9747,1.0454,2712.4,3.58
P0020,fmcg,cura_persona,58,5.65,5.47,0.0336,0,0.9898,1.053,1515.1,3.58
P0020,fmcg,cura_persona,59,5.14,5.47,-0.0604,0,1.0309,1.0599,1925.9,3.58
P0020,fmcg,cura_persona,60,4.86,5.47,-0.1113,1,0.9968,1.0658,3277.7,3.58
P0020,fmcg,cura_persona,61,4.85,5.47,-0.1135,1,0.9838,1.0708,3303.6,3.58
P0020,fmcg,cura_persona,62,5.79,5.47,0.059,0,0.9318,1.0748,1689.7,3.58
P0020,fmcg,cura_persona,63,5.76,5.47,0.0532,0,1.0506,1.0777,1863.3,3.58
P0020,fmcg,cura_persona,64,5.04,5.47,-0.0795,1,1.0606,1.0794,3370.8,3.58
P0020,fmcg,cura_persona,65,5.4,5.47,-0.0122,0,1.0384,1.08,2246.8,3.58
P0020,fmcg,cura_persona,66,5.4,5.47,-0.0123,0,1.0567,1.0794,2486.6,3.58
P0020,fmcg,cura_persona,67,5.42,5.47,-0.0092,0,1.0175,1.0777,2142.0,3.58
P0020,fmcg,cura_persona,68,5.83,5.47,0.0659,0,1.0211,1.0748,1853.7,3.58
P0020,fmcg,cura_persona,69,5.38,5.47,-0.0157,0,0.9956,1.0708,1750.4,3.58
P0020,fmcg,cura_persona,70,4.69,5.47,-0.1421,1,1.0374,1.0658,3510.7,3.58
P0020,fmcg,cura_persona,71,5.45,5.47,-0.0035,0,1.0381,1.0599,1714.0,3.58
P0020,fmcg,cura_persona,72,5.6,5.47,0.0245,0,0.9109,1.053,2003.8,3.58
P0020,fmcg,cura_persona,73,4.73,5.47,-0.1361,1,0.9418,1.0454,3833.5,3.58
P0020,fmcg,cura_persona,74,5.15,5.47,-0.0578,0,1.0067,1.0372,2047.4,3.58
P0020,fmcg,cura_persona,75,5.57,5.47,0.0184,0,0.9004,1.0284,1610.9,3.58
P0020,fmcg,cura_persona,76,5.62,5.47,0.0281,0,1.0648,1.0191,2024.7,3.58
P0020,fmcg,cura_persona,77,5.01,5.47,-0.085,0,1.0195,1.0096,2650.5,3.58
P0020,fmcg,cura_persona,78,5.56,5.47,0.0162,0,0.9405,1.0,1672.7,3.58
P0020,fmcg,cura_persona,79,5.2,5.47,-0.0496,0,0.9426,0.9904,2260.8,3.58
P0020,fmcg,cura_persona,80,5.24,5.47,-0.0414,0,1.0764,0.9809,2077.0,3.58
P0020,fmcg,cura_persona,81,5.25,5.47,-0.0401,0,1.1024,0.9716,1935.9,3.58
P0020,fmcg,cura_persona,82,5.64,5.47,0.0313,0,0.974,0.9628,1565.8,3.58
P0020,fmcg,cura_persona,83,5.75,5.47,0.0512,0,0.9062,0.9546,1696.9,3.58
P0020,fmcg,cura_persona,84,4.7,5.47,-0.1407,1,1.0131,0.947,2514.2,3.58
P0020,fmcg,cura_persona,85,5.32,5.47,-0.0279,0,0.975,0.9401,1816.0,3.58
P0020,fmcg,cura_persona,86,5.77,5.47,0.0551,0,1.0247,0.9342,1913.9,3.58
P0020,fmcg,cura_persona,87,5.36,5.47,-0.0192,0,1.0879,0.9292,1658.8,3.58
P0020,fmcg,cura_persona,88,5.61,5.47,0.0252,0,0.9381,0.9252,1763.6,3.58
P0020,fmcg,cura_persona,89,5.71,5.47,0.0444,0,1.0445,0.9223,1817.5,3.58
P0020,fmcg,cura_persona,90,5.3,5.47,-0.0302,0,1.1055,0.9206,1500.3,3.58
P0020,fmcg,cura_persona,91,5.58,5.47,0.0198,0,1.0812,0.92,1664.9,3.58
P0020,fmcg,cura_persona,92,5.09,5.47,-0.0699,0,0.975,0.9206,1565.3,3.58
P0020,fmcg,cura_persona,93,5.17,5.47,-0.0542,0,0.9361,0.9223,2019.5,3.58
P0020,fmcg,cura_persona,94,5.44,5.47,-0.0056,0,1.0285,0.9252,1836.6,3.58
P0020,fmcg,cura_persona,95,5.26,5.47,-0.0383,0,1.0282,0.9292,1991.0,3.58
P0020,fmcg,cura_persona,96,5.53,5.47,0.0109,0,0.9416,0.9342,1827.1,3.58
P0020,fmcg,cura_persona,97,5.38,5.47,-0.0169,0,0.9853,0.9401,1648.1,3.58
P0020,fmcg,cura_persona,98,5.2,5.47,-0.0496,0,0.9503,0.947,1856.0,3.58
P0020,fmcg,cura_persona,99,5.67,5.47,0.0369,0,0.918,0.9546,1920.4,3.58
P0020,fmcg,cura_persona,100,4.84,5.47,-0.1154,1,0.8739,0.9628,2810.9,3.58
P0020,fmcg,cura_persona,101,5.77,5.47,0.0557,0,0.9565,0.9716,1978.2,3.58
P0020,fmcg,cura_persona,102,4.78,5.47,-0.127,1,0.9791,0.9809,3405.8,3.58
P0020,fmcg,cura_persona,103,5.65,5.47,0.0334,0,0.9325,0.9904,1891.8,3.58
P0021,fmcg,bevande,0,3.6,3.82,-0.0585,0,0.8966,1.0,3526.6,2.19
P0021,fmcg,bevande,1,3.65,3.82,-0.045,0,0.9896,1.0096,3193.1,2.19
P0021,fmcg,bevande,2,3.61,3.82,-0.0543,0,1.0943,1.0191,3548.5,2.19
P0021,fmcg,bevande,3,3.78,3.82,-0.0103,0,1.018,1.0284,2534.3,2.19
P0021,fmcg,bevande,4,3.64,3.82,-0.0466,0,0.9965,1.0372,2738.1,2.19
P0021,fmcg,bevande,5,4.04,3.82,0.0576,0,1.003,1.0454,2653.9,2.19
P0021,fmcg,bevande,6,3.74,3.82,-0.0209,0,1.0231,1.053,3106.9,2.19
P0021,fmcg,bevande,7,3.85,3.82,0.0072,0,1.0183,1.0599,3370.4,2.19
P0021,fmcg,bevande,8,3.52,3.82,-0.0785,0,0.9502,1.0658,3034.8,2.19
P0021,fmcg,bevande,9,3.46,3.82,-0.0951,0,0.9776,1.0708,4277.7,2.19
P0021,fmcg,bevande,10,3.94,3.82,0.0314,0,0.9179,1.0748,2307.3,2.19
P0021,fmcg,bevande,11,3.83,3.82,0.0035,0,1.0052,1.0777,2587.5,2.19
P0021,fmcg,bevande,12,3.53,3.82,-0.0756,1,1.0593,1.0794,6042.5,2.19
P0021,fmcg,bevande,13,3.74,3.82,-0.0222,0,0.8733,1.08,2550.1,2.19
P0021,fmcg,bevande,14,3.68,3.82,-0.036,0,0.9815,1.0794,3470.8,2.19
P0021,fmcg,bevande,15,3.79,3.82,-0.007,0,0.9798,1.0777,3047.3,2.19
P0021,fmcg,bevande,16,3.55,3.82,-0.0707,1,1.0206,1.0748,4388.9,2.19
P0021,fmcg,bevande,17,3.36,3.82,-0.1195,1,1.0576,1.0708,4181.9,2.19
P0021,fmcg,bevande,18,3.72,3.82,-0.0253,0,1.0198,1.0658,3366.6,2.19
P0021,fmcg,bevande,19,3.34,3.82,-0.1247,1,1.1204,1.0599,5652.4,2.19
P0021,fmcg,bevande,20,3.92,3.82,0.0268,0,1.0882,1.053,2326.3,2.19
P0021,fmcg,bevande,21,3.69,3.82,-0.0347,0,0.9718,1.0454,3314.8,2.19
P0021,fmcg,bevande,22,3.67,3.82,-0.0404,0,0.9744,1.0372,3147.0,2.19
P0021,fmcg,bevande,23,3.93,3.82,0.0299,0,1.1718,1.0284,2821.6,2.19
P0021,fmcg,bevande,24,3.65,3.82,-0.0454,0,0.9837,1.0191,2758.4,2.19
P0021,fmcg,bevande,25,3.88,3.82,0.0158,0,0.9768,1.0096,3434.6,2.19
P0021,fmcg,bevande,26,3.54,3.82,-0.0743,1,1.032,1.0,4478.8,2.19
P0021,fmcg,bevande,27,3.88,3.82,0.015,0,1.0525,0.9904,2455.2,2.19
P0021,fmcg,bevande,28,3.94,3.82,0.0317,0,1.0756,0.9809,2087.7,2.19
P0021,fmcg,bevande,29,3.93,3.82,0.0288,0,0.8674,0.9716,2694.9,2.19
P0021,fmcg,bevande,30,3.74,3.82,-0.0202,0,0.9785,0.9628,2436.1,2.19
P0021,fmcg,bevande,31,3.75,3.82,-0.0172,0,0.9659,0.9546,2499.9,2.19
P0021,fmcg,bevande,32,3.78,3.82,-0.0099,0,1.0937,0.947,2546.8,2.19
P0021,fmcg,bevande,33,3.74,3.82,-0.0202,0,0.9705,0.9401,2205.5,2.19
P0021,fmcg,bevande,34,3.66,3.82,-0.0422,0,1.0092,0.9342,3199.9,2.19
P0021,fmcg,bevande,35,3.75,3.82,-0.0192,0,0.9317,0.9292,2585.9,2.19
P0021,fmcg,bevande,36,3.76,3.82,-0.0156,0,0.9976,0.9252,3142.4,2.19
P0021,fmcg,bevande,37,3.72,3.82,-0.0266,0,1.0079,0.9223,2435.1,2.19
P0021,fmcg,bevande,38,3.89,3.82,0.018,0,0.9316,0.9206,2509.5,2.19
P0021,fmcg,bevande,39,3.51,3.82,-0.0822,1,1.0416,0.92,3987.0,2.19
P0021,fmcg,bevande,40,3.94,3.82,0.0327,0,0.9563,0.9206,2039.1,2.19
P0021,fmcg,bevande,41,3.88,3.82,0.0145,0,0.9965,0.9223,2246.3,2.19
P0021,fmcg,bevande,42,3.56,3.82,-0.069,0,0.9676,0.9252,3116.0,2.19
P0021,fmcg,bevande,43,3.87,3.82,0.0143,0,0.9721,0.9292,2488.3,2.19
P0021,fmcg,bevande,44,3.95,3.82,0.0333,0,1.0046,0.9342,2196.0,2.19
P0021,fmcg,bevande,45,3.91,3.82,0.0223,0,0.9489,0.9401,2436.3,2.19
P0021,fmcg,bevande,46,3.81,3.82,-0.0036,0,0.9495,0.947,2111.6,2.19
P0021,fmcg,bevande,47,3.95,3.82,0.0337,0,0.9104,0.9546,2584.2,2.19
P0021,fmcg,bevande,48,3.9,3.82,0.0209,0,0.9792,0.9628,2282.5,2.19
P0021,fmcg,bevande,49,3.85,3.82,0.0087,0,1.0048,0.9716,2584.8,2.19
P0021,fmcg,bevande,50,3.88,3.82,0.0148,0,1.0235,0.9809,2699.0,2.19
P0021,fmcg,bevande,51,4.04,3.82,0.0588,0,0.9688,0.9904,2853.7,2.19
P0021,fmcg,bevande,52,3.97,3.82,0.0388,0,1.0617,1.0,2476.5,2.19
P0021,fmcg,bevande,53,3.88,3.82,0.0164,0,0.9561,1.0096,2584.8,2.19
P0021,fmcg,bevande,54,3.94,3.82,0.0323,0,0.9471,1.0191,2603.0,2.19
P0021,fmcg,bevande,55,3.75,3.82,-0.0178,0,1.1179,1.0284,3029.4,2.19
P0021,fmcg,bevande,56,3.98,3.82,0.0417,0,0.9817,1.0372,2986.2,2.19
P0021,fmcg,bevande,57,3.76,3.82,-0.0159,0,1.0525,1.0454,3601.8,2.19
P0021,fmcg,bevande,58,3.7,3.82,-0.0311,0,1.0284,1.053,2875.7,2.19
P0021,fmcg,bevande,59,3.94,3.82,0.0307,0,0.9728,1.0599,2181.1,2.19
P0021,fmcg,bevande,60,3.82,3.82,0.0003,0,0.9068,1.0658,2841.9,2.19
P0021,fmcg,bevande,61,4.04,3.82,0.0574,0,1.1083,1.0708,2336.3,2.19
P0021,fmcg,bevande,62,3.69,3.82,-0.0336,0,0.9845,1.0748,3947.0,2.19
P0021,fmcg,bevande,63,3.26,3.82,-0.1466,1,0.9529,1.0777,5840.2,2.19
P0021,fmcg,bevande,64,3.76,3.82,-0.0155,0,0.9977,1.0794,2843.1,2.19
P0021,fmcg,bevande,65,3.98,3.82,0.0421,0,0.9294,1.08,3539.7,2.19
P0021,fmcg,bevande,66,3.99,3.82,0.0451,0,1.0075,1.0794,2575.7,2.19
P0021,fmcg,bevande,67,3.82,3.82,-0.0012,0,1.0104,1.0777,2674.4,2.19
P0021,fmcg,bevande,68,3.72,3.82,-0.027,0,0.9392,1.0748,2843.3,2.19
P0021,fmcg,bevande,69,3.76,3.82,-0.0147,0,1.0216,1.0708,3093.0,2.19
P0021,fmcg,bevande,70,3.52,3.82,-0.0774,0,1.0235,1.0658,3456.3,2.19
P0021,fmcg,bevande,71,3.92,3.82,0.0251,0,0.9918,1.0599,2849.4,2.19
P0021,fmcg,bevande,72,3.9,3.82,0.0215,0,0.9061,1.053,3065.1,2.19
P0021,fmcg,bevande,73,3.75,3.82,-0.017,0,0.9884,1.0454,2933.7,2.19
P0021,fmcg,bevande,74,4.25,3.82,0.1132,0,1.061,1.0372,1999.5,2.19
P0021,fmcg,bevande,75,3.91,3.82,0.0236,0,0.9537,1.0284,2334.6,2.19
P0021,fmcg,bevande,76,3.28,3.82,-0.1418,1,0.9194,1.0191,4365.8,2.19
P0021,fmcg,bevande,77,3.83,3.82,0.0015,0,1.0708,1.0096,2350.0,2.19
P0021,fmcg,bevande,78,3.61,3.82,-0.0538,0,0.8985,1.0,3061.7,2.19
P0021,fmcg,bevande,79,3.81,3.82,-0.0014,0,0.9963,0.9904,2681.9,2.19
P0021,fmcg,bevande,80,3.88,3.82,0.0151,0,0.9841,0.9809,3005.8,2.19
P0021,fmcg,bevande,81,3.69,3.82,-0.0338,0,0.9156,0.9716,2815.9,2.19
P0021,fmcg,bevande,82,3.29,3.82,-0.1392,1,1.0264,0.9628,3612.0,2.19
P0021,fmcg,bevande,83,3.84,3.82,0.0056,0,0.9978,0.9546,2305.7,2.19
P0021,fmcg,bevande,84,3.82,3.82,-0.0001,0,0.9657,0.947,2682.4,2.19
P0021,fmcg,bevande,85,3.6,3.82,-0.0572,0,0.944,0.9401,3044.5,2.19
P0021,fmcg,bevande,86,3.96,3.82,0.0367,0,0.954,0.9342,2577.6,2.19
P0021,fmcg,bevande,87,3.69,3.82,-0.033,0,1.0193,0.9292,2723.1,2.19
P0021,fmcg,bevande,88,3.83,3.82,0.0015,0,0.9935,0.9252,2504.2,2.19
P0021,fmcg,bevande,89,3.47,3.82,-0.0926,1,1.0037,0.9223,3506.0,2.19
P0021,fmcg,bevande,90,3.79,3.82,-0.0084,0,1.0367,0.9206,2646.5,2.19
P0021,fmcg,bevande,91,3.74,3.82,-0.02,0,1.0318,0.92,1985.4,2.19
P0021,fmcg,bevande,92,3.57,3.82,-0.0656,0,0.9292,0.9206,2735.3,2.19
P0021,fmcg,bevande,93,4.04,3.82,0.0587,0,1.0353,0.9223,2378.8,2.19
P0021,fmcg,bevande,94,3.84,3.82,0.0055,0,0.9725,0.9252,2294.5,2.19
P0021,fmcg,bevande,95,3.76,3.82,-0.0165,0,1.0435,0.9292,2104.4,2.19
P0021,fmcg,bevande,96,3.7,3.82,-0.0308,0,0.9795,0.9342,2849.2,2.19
P0021,fmcg,bevande,97,3.84,3.82,0.0057,0,0.9894,0.9401,2374.4,2.19
P0021,fmcg,bevande,98,3.8,3.82,-0.0054,0,0.9616,0.947,2648.7,2.19
P0021,fmcg,bevande,99,3.74,3.82,-0.0214,0,1.0795,0.9546,2894.9,2.19
P0021,fmcg,bevande,100,3.49,3.82,-0.0868,1,0.9487,0.9628,3776.1,2.19
P0021,fmcg,bevande,101,3.65,3.82,-0.0436,0,1.0194,0.9716,2760.7,2.19
P0021,fmcg,bevande,102,3.51,3.82,-0.0818,1,1.148,0.9809,3703.9,2.19
P0021,fmcg,bevande,103,3.61,3.82,-0.056,0,1.038,0.9904,3601.1,2.19
P0022,fmcg,bevande,0,3.55,3.4,0.0448,0,1.0371,1.0,3800.8,2.03
P0022,fmcg,bevande,1,3.42,3.4,0.0063,0,1.0439,1.0096,4460.9,2.03
P0022,fmcg,bevande,2,3.38,3.4,-0.0061,0,1.0991,1.0191,4543.8,2.03
P0022,fmcg,bevande,3,3.46,3.4,0.0189,0,1.0137,1.0284,4274.0,2.03
P0022,fmcg,bevande,4,3.49,3.4,0.0252,0,1.0132,1.0372,3864.0,2.03
P0022,fmcg,bevande,5,3.39,3.4,-0.0023,0,0.9846,1.0454,6187.2,2.03
P0022,fmcg,bevande,6,3.51,3.4,0.0335,0,0.9569,1.053,4256.5,2.03
P0022,fmcg,bevande,7,3.29,3.4,-0.0337,0,0.9638,1.0599,4859.2,2.03
P0022,fmcg,bevande,8,3.51,3.4,0.0309,0,0.9733,1.0658,4612.0,2.03
P0022,fmcg,bevande,9,3.18,3.4,-0.0632,0,0.9886,1.0708,4355.6,2.03
P0022,fmcg,bevande,10,3.22,3.4,-0.0535,0,0.9481,1.0748,5424.9,2.03
P0022,fmcg,bevande,11,3.22,3.4,-0.0531,0,1.102,1.0777,4585.6,2.03
P0022,fmcg,bevande,12,3.38,3.4,-0.0073,0,1.0355,1.0794,4949.0,2.03
P0022,fmcg,bevande,13,3.36,3.4,-0.0114,0,0.9887,1.08,5170.3,2.03
P0022,fmcg,bevande,14,3.64,3.4,0.0706,0,0.962,1.0794,3978.9,2.03
P0022,fmcg,bevande,15,3.25,3.4,-0.0454,0,0.9563,1.0777,4523.7,2.03
P0022,fmcg,bevande,16,3.28,3.4,-0.0343,0,1.0348,1.0748,4500.9,2.03
P0022,fmcg,bevande,17,3.35,3.4,-0.0138,0,1.0496,1.0708,4832.7,2.03
P0022,fmcg,bevande,18,3.23,3.4,-0.0502,0,0.9429,1.0658,4357.7,2.03
P0022,fmcg,bevande,19,3.46,3.4,0.0186,0,0.9569,1.0599,4066.0,2.03
P0022,fmcg,bevande,20,3.29,3.4,-0.031,0,1.023,1.053,4646.4,2.03
P0022,fmcg,bevande,21,3.09,3.4,-0.0909,1,1.0655,1.0454,7415.4,2.03
P0022,fmcg,bevande,22,3.47,3.4,0.0209,0,0.9826,1.0372,5152.2,2.03
P0022,fmcg,bevande,23,3.43,3.4,0.0092,0,1.0064,1.0284,5306.0,2.03
P0022,fmcg,bevande,24,3.62,3.4,0.0643,0,0.9907,1.0191,3217.1,2.03
P0022,fmcg,bevande,25,3.2,3.4,-0.0578,0,1.0327,1.0096,4322.4,2.03
P0022,fmcg,bevande,26,3.53,3.4,0.0397,0,0.9664,1.0,3804.4,2.03
P0022,fmcg,bevande,27,3.35,3.4,-0.0136,0,1.1287,0.9904,4780.2,2.03
P0022,fmcg,bevande,28,3.33,3.4,-0.0214,0,0.9979,0.9809,4455.4,2.03
P0022,fmcg,bevande,29,3.46,3.4,0.0186,0,0.9523,0.9716,3555.4,2.03
P0022,fmcg,bevande,30,3.26,3.4,-0.0409,0,1.0365,0.9628,4487.3,2.03
P0022,fmcg,bevande,31,3.41,3.4,0.0038,0,0.9157,0.9546,4393.3,2.03
P0022,fmcg,bevande,32,3.14,3.4,-0.077,1,1.0536,0.947,5281.4,2.03
P0022,fmcg,bevande,33,3.31,3.4,-0.0264,0,0.9389,0.9401,5291.9,2.03
P0022,fmcg,bevande,34,3.51,3.4,0.0327,0,0.9857,0.9342,3644.3,2.03
P0022,fmcg,bevande,35,3.53,3.4,0.0387,0,1.0156,0.9292,3221.9,2.03
P0022,fmcg,bevande,36,3.37,3.4,-0.0102,0,0.9772,0.9252,2875.7,2.03
P0022,fmcg,bevande,37,3.41,3.4,0.0035,0,1.005,0.9223,3724.1,2.03
P0022,fmcg,bevande,38,3.36,3.4,-0.0129,0,1.0232,0.9206,4363.8,2.03
P0022,fmcg,bevande,39,3.51,3.4,0.0332,0,0.9961,0.92,3448.1,2.03
P0022,fmcg,bevande,40,3.24,3.4,-0.0476,0,1.0116,0.9206,3625.5,2.03
P0022,fmcg,bevande,41,3.16,3.4,-0.0707,0,0.9912,0.9223,5587.5,2.03
P0022,fmcg,bevande,42,3.48,3.4,0.0225,0,1.1176,0.9252,3953.8,2.03
P0022,fmcg,bevande,43,3.33,3.4,-0.022,0,1.0,0.9292,3856.0,2.03
P0022,fmcg,bevande,44,3.52,3.4,0.0345,0,1.0513,0.9342,3044.5,2.03
P0022,fmcg,bevande,45,3.34,3.4,-0.0162,0,1.03,0.9401,4768.3,2.03
P0022,fmcg,bevande,46,3.11,3.4,-0.0843,1,0.9792,0.947,6547.0,2.03
P0022,fmcg,bevande,47,3.38,3.4,-0.0049,0,0.9792,0.9546,3007.3,2.03
P0022,fmcg,bevande,48,3.38,3.4,-0.0064,0,1.0636,0.9628,4170.5,2.03
P0022,fmcg,bevande,49,3.37,3.4,-0.009,0,0.8954,0.9716,3657.9,2.03
P0022,fmcg,bevande,50,2.91,3.4,-0.1455,1,1.0461,0.9809,5786.6,2.03
P0022,fmcg,bevande,51,2.99,3.4,-0.1213,1,1.0478,0.9904,7555.6,2.03
P0022,fmcg,bevande,52,3.1,3.4,-0.0892,1,0.9816,1.0,7650.6,2.03
P0022,fmcg,bevande,53,3.27,3.4,-0.0378,0,1.0376,1.0096,3908.1,2.03
P0022,fmcg,bevande,54,3.41,3.4,0.0035,0,1.0536,1.0191,4288.0,2.03
P0022,fmcg,bevande,55,3.46,3.4,0.0178,0,0.9669,1.0284,3884.6,2.03
P0022,fmcg,bevande,56,2.89,3.4,-0.1495,1,0.9796,1.0372,7747.8,2.03
P0022,fmcg,bevande,57,3.35,3.4,-0.0155,0,0.9764,1.0454,3760.4,2.03
P0022,fmcg,bevande,58,3.48,3.4,0.023,0,1.0418,1.053,4339.0,2.03
P0022,fmcg,bevande,59,3.49,3.4,0.0256,0,1.0556,1.0599,4825.0,2.03
P0022,fmcg,bevande,60,3.38,3.4,-0.0059,0,0.9336,1.0658,4991.4,2.03
P0022,fmcg,bevande,61,3.59,3.4,0.0549,0,1.0641,1.0708,5150.5,2.03
P0022,fmcg,bevande,62,3.43,3.4,0.008,0,0.9308,1.0748,4681.5,2.03
P0022,fmcg,bevande,63,3.43,3.4,0.0074,0,1.0027,1.0777,4793.3,2.03
P0022,fmcg,bevande,64,3.51,3.4,0.0327,0,0.8638,1.0794,4401.5,2.03
P0022,fmcg,bevande,65,2.92,3.4,-0.1405,1,1.0366,1.08,9752.7,2.03
P0022,fmcg,bevande,66,3.4,3.4,0.0001,0,1.0265,1.0794,4606.1,2.03
P0022,fmcg,bevande,67,3.2,3.4,-0.0574,1,0.9444,1.0777,6954.1,2.03
P0022,fmcg,bevande,68,3.16,3.4,-0.0714,1,0.9717,1.0748,7140.6,2.03
P0022,fmcg,bevande,69,3.27,3.4,-0.0396,0,0.9356,1.0708,5589.4,2.03
P0022,fmcg,bevande,70,3.47,3.4,0.0192,0,1.0808,1.0658,5307.2,2.03
P0022,fmcg,bevande,71,3.11,3.4,-0.0854,1,1.0369,1.0599,7453.4,2.03
P0022,fmcg,bevande,72,3.12,3.4,-0.0817,0,0.9768,1.053,5973.4,2.03
P0022,fmcg,bevande,73,3.55,3.4,0.0434,0,0.998,1.0454,4141.3,2.03
P0022,fmcg,bevande,74,3.34,3.4,-0.0183,0,0.9726,1.0372,4759.2,2.03
P0022,fmcg,bevande,75,3.51,3.4,0.0334,0,1.0327,1.0284,4670.7,2.03
P0022,fmcg,bevande,76,3.2,3.4,-0.0595,0,0.9998,1.0191,7025.2,2.03
P0022,fmcg,bevande,77,3.33,3.4,-0.0194,0,1.0212,1.0096,4905.6,2.03
P0022,fmcg,bevande,78,3.56,3.4,0.0479,0,0.9916,1.0,3821.2,2.03
P0022,fmcg,bevande,79,3.54,3.4,0.0401,0,0.9622,0.9904,3167.9,2.03
P0022,fmcg,bevande,80,3.16,3.4,-0.0715,0,0.9849,0.9809,5659.5,2.03
P0022,fmcg,bevande,81,3.52,3.4,0.0365,0,1.031,0.9716,5131.6,2.03
P0022,fmcg,bevande,82,3.45,3.4,0.0139,0,0.9781,0.9628,4476.8,2.03
P0022,fmcg,bevande,83,3.6,3.4,0.0602,0,0.9735,0.9546,4258.9,2.03
P0022,fmcg,bevande,84,3.4,3.4,-0.0011,0,1.0271,0.947,4182.2,2.03
P0022,fmcg,bevande,85,3.38,3.4,-0.0072,0,0.9649,0.9401,3916.3,2.03
P0022,fmcg,bevande,86,3.5,3.4,0.0295,0,0.9382,0.9342,3651.9,2.03
P0022,fmcg,bevande,87,3.17,3.4,-0.0681,1,0.9113,0.9292,5703.2,2.03
P0022,fmcg,bevande,88,3.41,3.4,0.0018,0,1.0672,0.9252,3565.5,2.03
P0022,fmcg,bevande,89,3.5,3.4,0.0284,0,0.9731,0.9223,3003.8,2.03
P0022,fmcg,bevande,90,3.04,3.4,-0.1054,1,0.9368,0.9206,8250.9,2.03
P0022,fmcg,bevande,91,3.41,3.4,0.003,0,0.939,0.92,3922.3,2.03
P0022,fmcg,bevande,92,3.02,3.4,-0.1127,1,1.1413,0.9206,5977.9,2.03
P0022,fmcg,bevande,93,3.52,3.4,0.0339,0,1.0907,0.9223,4197.8,2.03
P0022,fmcg,bevande,94,3.43,3.4,0.0075,0,0.9059,0.9252,4332.2,2.03
P0022,fmcg,bevande,95,3.3,3.4,-0.0281,0,0.9998,0.9292,4448.0,2.03
P0022,fmcg,bevande,96,3.23,3.4,-0.0514,1,1.0362,0.9342,6030.2,2.03
P0022,fmcg,bevande,97,3.6,3.4,0.0595,0,0.9598,0.9401,4370.2,2.03
P0022,fmcg,bevande,98,3.46,3.4,0.0179,0,1.0516,0.947,2688.8,2.03
P0022,fmcg,bevande,99,3.01,3.4,-0.1144,1,1.0462,0.9546,5706.4,2.03
P0022,fmcg,bevande,100,3.1,3.4,-0.0888,0,1.0206,0.9628,4000.6,2.03
P0022,fmcg,bevande,101,3.54,3.4,0.0414,0,0.9763,0.9716,4049.6,2.03
P0022,fmcg,bevande,102,3.43,3.4,0.0085,0,0.9426,0.9809,4432.3,2.03
P0022,fmcg,bevande,103,3.18,3.4,-0.064,0,0.9939,0.9904,4749.5,2.03
P0023,fmcg,alimentare_confezionato,0,12.23,12.51,-0.0227,0,1.0943,1.0,1885.8,9.26
P0023,fmcg,alimentare_confezionato,1,12.6,12.51,0.0069,0,1.0501,1.0096,1904.2,9.26
P0023,fmcg,alimentare_confezionato,2,12.83,12.51,0.0258,0,0.9088,1.0191,1403.5,9.26
P0023,fmcg,alimentare_confezionato,3,11.79,12.51,-0.0574,1,1.029,1.0284,2531.4,9.26
P0023,fmcg,alimentare_confezionato,4,11.96,12.51,-0.0436,0,0.9995,1.0372,1693.1,9.26
P0023,fmcg,alimentare_confezionato,5,11.88,12.51,-0.0501,1,1.0446,1.0454,2642.3,9.26
P0023,fmcg,alimentare_confezionato,6,12.34,12.51,-0.0134,0,1.0447,1.053,1970.4,9.26
P0023,fmcg,alimentare_confezionato,7,11.85,12.51,-0.0525,0,0.9153,1.0599,2093.7,9.26
P0023,fmcg,alimentare_confezionato,8,12.7,12.51,0.0154,0,1.0301,1.0658,1847.1,9.26
P0023,fmcg,alimentare_confezionato,9,11.5,12.51,-0.081,1,0.978,1.0708,2340.6,9.26
P0023,fmcg,alimentare_confezionato,10,12.55,12.51,0.0031,0,0.9941,1.0748,2749.8,9.26
P0023,fmcg,alimentare_confezionato,11,12.46,12.51,-0.0044,0,0.9288,1.0777,1844.8,9.26
P0023,fmcg,alimentare_confezionato,12,11.35,12.51,-0.0928,1,0.9775,1.0794,2760.7,9.26
P0023,fmcg,alimentare_confezionato,13,11.9,12.51,-0.049,0,0.9674,1.08,1997.0,9.26
P0023,fmcg,alimentare_confezionato,14,12.75,12.51,0.0196,0,0.9883,1.0794,1805.2,9.26
P0023,fmcg,alimentare_confezionato,15,12.75,12.51,0.0189,0,0.9652,1.0777,2034.2,9.26
P0023,fmcg,alimentare_confezionato,16,12.43,12.51,-0.0066,0,0.9488,1.0748,1930.7,9.26
P0023,fmcg,alimentare_confezionato,17,12.37,12.51,-0.011,0,0.9718,1.0708,2077.9,9.26
P0023,fmcg,alimentare_confezionato,18,12.36,12.51,-0.0121,0,0.9173,1.0658,2045.4,9.26
P0023,fmcg,alimentare_confezionato,19,10.82,12.51,-0.135,1,1.0076,1.0599,2393.8,9.26
P0023,fmcg,alimentare_confezionato,20,12.74,12.51,0.018,0,1.0319,1.053,1845.7,9.26
P0023,fmcg,alimentare_confezionato,21,13.07,12.51,0.0447,0,1.0206,1.0454,1497.8,9.26
P0023,fmcg,alimentare_confezionato,22,12.61,12.51,0.0081,0,1.034,1.0372,1718.3,9.26
P0023,fmcg,alimentare_confezionato,23,11.73,12.51,-0.0627,0,0.9479,1.0284,1591.9,9.26
P0023,fmcg,alimentare_confezionato,24,13.17,12.51,0.0528,0,1.1029,1.0191,1713.0,9.26
P0023,fmcg,alimentare_confezionato,25,12.41,12.51,-0.0078,0,1.0237,1.0096,1509.5,9.26
P0023,fmcg,alimentare_confezionato,26,13.14,12.51,0.0502,0,0.9477,1.0,1499.8,9.26
P0023,fmcg,alimentare_confezionato,27,10.84,12.51,-0.1336,1,0.9687,0.9904,2824.5,9.26
P0023,fmcg,alimentare_confezionato,28,13.37,12.51,0.0687,0,0.9937,0.9809,1555.7,9.26
P0023,fmcg,alimentare_confezionato,29,11.24,12.51,-0.1016,1,0.9338,0.9716,2663.5,9.26
P0023,fmcg,alimentare_confezionato,30,12.67,12.51,0.0126,0,0.9951,0.9628,1410.8,9.26
P0023,fmcg,alimentare_confezionato,31,11.67,12.51,-0.0675,1,0.9383,0.9546,2317.1,9.26
P0023,fmcg,alimentare_confezionato,32,12.2,12.51,-0.0244,0,1.0124,0.947,1852.7,9.26
P0023,fmcg,alimentare_confezionato,33,12.08,12.51,-0.0342,0,0.9177,0.9401,1830.2,9.26
P0023,fmcg,alimentare_confezionato,34,11.06,12.51,-0.116,1,1.0942,0.9342,3241.3,9.26
P0023,fmcg,alimentare_confezionato,35,12.76,12.51,0.0199,0,1.0435,0.9292,1753.2,9.26
P0023,fmcg,alimentare_confezionato,36,11.33,12.51,-0.0939,1,1.0,0.9252,2464.0,9.26
P0023,fmcg,alimentare_confezionato,37,11.83,12.51,-0.0547,1,0.987,0.9223,2383.1,9.26
P0023,fmcg,alimentare_confezionato,38,12.59,12.51,0.0063,0,0.9977,0.9206,1782.3,9.26
P0023,fmcg,alimentare_confezionato,39,11.87,12.51,-0.0509,0,1.0284,0.92,1621.5,9.26
P0023,fmcg,alimentare_confezionato,40,11.55,12.51,-0.0768,1,1.0142,0.9206,2313.1,9.26
P0023,fmcg,alimentare_confezionato,41,12.34,12.51,-0.0134,0,1.0585,0.9223,1590.9,9.26
P0023,fmcg,alimentare_confezionato,42,10.74,12.51,-0.1411,1,1.0398,0.9252,2998.4,9.26
P0023,fmcg,alimentare_confezionato,43,13.27,12.51,0.0607,0,1.0318,0.9292,2015.0,9.26
P0023,fmcg,alimentare_confezionato,44,11.74,12.51,-0.0617,0,1.0004,0.9342,1789.1,9.26
P0023,fmcg,alimentare_confezionato,45,11.49,12.51,-0.0818,1,0.9956,0.9401,2342.7,9.26
P0023,fmcg,alimentare_confezionato,46,12.4,12.51,-0.009,0,0.983,0.947,1938.2,9.26
P0023,fmcg,alimentare_confezionato,47,12.98,12.51,0.0379,0,0.9916,0.9546,1235.5,9.26
P0023,fmcg,alimentare_confezionato,48,12.18,12.51,-0.0265,0,0.9935,0.9628,1653.9,9.26
P0023,fmcg,alimentare_confezionato,49,11.34,12.51,-0.0935,1,0.936,0.9716,2948.5,9.26
P0023,fmcg,alimentare_confezionato,50,12.51,12.51,0.0,0,1.0477,0.9809,1948.7,9.26
P0023,fmcg,alimentare_confezionato,51,12.64,12.51,0.0106,0,1.0362,0.9904,2042.8,9.26
P0023,fmcg,alimentare_confezionato,52,11.71,12.51,-0.0643,0,0.9736,1.0,2161.9,9.26
P0023,fmcg,alimentare_confezionato,53,11.09,12.51,-0.1139,1,0.9968,1.0096,2776.2,9.26
P0023,fmcg,alimentare_confezionato,54,12.43,12.51,-0.0064,0,1.0088,1.0191,2042.8,9.26
P0023,fmcg,alimentare_confezionato,55,12.39,12.51,-0.01,0,1.0415,1.0284,1876.4,9.26
P0023,fmcg,alimentare_confezionato,56,11.82,12.51,-0.0552,0,0.9155,1.0372,2225.8,9.26
P0023,fmcg,alimentare_confezionato,57,11.12,12.51,-0.1111,1,1.02,1.0454,3095.3,9.26
P0023,fmcg,alimentare_confezionato,58,12.2,12.51,-0.0247,0,1.0095,1.053,2178.6,9.26
P0023,fmcg,alimentare_confezionato,59,12.42,12.51,-0.0069,0,0.9878,1.0599,2007.1,9.26
P0023,fmcg,alimentare_confezionato,60,12.27,12.51,-0.0191,0,1.0624,1.0658,1836.7,9.26
P0023,fmcg,alimentare_confezionato,61,10.94,12.51,-0.1257,1,0.9643,1.0708,3170.5,9.26
P0023,fmcg,alimentare_confezionato,62,12.77,12.51,0.021,0,1.0275,1.0748,2374.7,9.26
P0023,fmcg,alimentare_confezionato,63,11.8,12.51,-0.0567,0,0.9475,1.0777,1943.1,9.26
P0023,fmcg,alimentare_confezionato,64,12.55,12.51,0.0033,0,1.0626,1.0794,2299.1,9.26
P0023,fmcg,alimentare_confezionato,65,11.86,12.51,-0.0516,1,0.9822,1.08,2158.1,9.26
P0023,fmcg,alimentare_confezionato,66,11.7,12.51,-0.0644,0,0.9622,1.0794,2285.0,9.26
P0023,fmcg,alimentare_confezionato,67,12.43,12.51,-0.0067,0,0.941,1.0777,1937.6,9.26
P0023,fmcg,alimentare_confezionato,68,12.52,12.51,0.0007,0,0.9585,1.0748,1645.5,9.26
P0023,fmcg,alimentare_confezionato,69,11.47,12.51,-0.0834,1,1.0172,1.0708,2502.6,9.26
P0023,fmcg,alimentare_confezionato,70,12.69,12.51,0.0147,0,0.9551,1.0658,2011.6,9.26
P0023,fmcg,alimentare_confezionato,71,12.08,12.51,-0.0346,0,1.0077,1.0599,2655.0,9.26
P0023,fmcg,alimentare_confezionato,72,12.57,12.51,0.0048,0,1.0179,1.053,1507.4,9.26
P0023,fmcg,alimentare_confezionato,73,11.41,12.51,-0.0879,0,1.0865,1.0454,2605.6,9.26
P0023,fmcg,alimentare_confezionato,74,12.57,12.51,0.0047,0,0.9224,1.0372,1784.5,9.26
P0023,fmcg,alimentare_confezionato,75,12.57,12.51,0.0046,0,0.9718,1.0284,1471.3,9.26
P0023,fmcg,alimentare_confezionato,76,12.48,12.51,-0.0025,0,0.9122,1.0191,1630.6,9.26
P0023,fmcg,alimentare_confezionato,77,12.45,12.51,-0.0046,0,1.0104,1.0096,1705.2,9.26
P0023,fmcg,alimentare_confezionato,78,12.54,12.51,0.0028,0,1.0531,1.0,1697.8,9.26
P0023,fmcg,alimentare_confezionato,79,12.26,12.51,-0.0198,0,0.9548,0.9904,1611.5,9.26
P0023,fmcg,alimentare_confezionato,80,11.76,12.51,-0.0602,0,1.0147,0.9809,1540.6,9.26
P0023,fmcg,alimentare_confezionato,81,11.92,12.51,-0.0473,0,0.9809,0.9716,2016.2,9.26
P0023,fmcg,alimentare_confezionato,82,12.04,12.51,-0.0377,0,0.9925,0.9628,1675.4,9.26
P0023,fmcg,alimentare_confezionato,83,12.2,12.51,-0.025,0,1.0412,0.9546,1671.8,9.26
P0023,fmcg,alimentare_confezionato,84,12.69,12.51,0.0146,0,0.9495,0.947,1574.9,9.26
P0023,fmcg,alimentare_confezionato,85,12.86,12.51,0.028,0,0.9181,0.9401,1360.9,9.26
P0023,fmcg,alimentare_confezionato,86,12.81,12.51,0.0239,0,1.0617,0.9342,1887.0,9.26
P0023,fmcg,alimentare_confezionato,87,12.47,12.51,-0.0029,0,1.0397,0.9292,1448.9,9.26
P0023,fmcg,alimentare_confezionato,88,12.7,12.51,0.0153,0,0.9497,0.9252,1593.5,9.26
P0023,fmcg,alimentare_confezionato,89,12.62,12.51,0.0087,0,1.0469,0.9223,1788.5,9.26
P0023,fmcg,alimentare_confezionato,90,11.66,12.51,-0.0683,1,1.0054,0.9206,2145.6,9.26
P0023,fmcg,alimentare_confezionato,91,13.66,12.51,0.0916,0,1.0091,0.92,1451.4,9.26
P0023,fmcg,alimentare_confezionato,92,12.96,12.51,0.0357,0,1.038,0.9206,1695.0,9.26
P0023,fmcg,alimentare_confezionato,93,12.96,12.51,0.0362,0,1.0636,0.9223,1601.1,9.26
P0023,fmcg,alimentare_confezionato,94,12.9,12.51,0.0313,0,0.9548,0.9252,1435.6,9.26
P0023,fmcg,alimentare_confezionato,95,11.75,12.51,-0.0609,0,1.0414,0.9292,1636.3,9.26
P0023,fmcg,alimentare_confezionato,96,12.42,12.51,-0.0075,0,1.002,0.9342,1615.9,9.26
P0023,fmcg,alimentare_confezionato,97,11.28,12.51,-0.0982,1,0.9776,0.9401,2264.7,9.26
P0023,fmcg,alimentare_confezionato,98,11.59,12.51,-0.0737,0,0.9897,0.947,1810.1,9.26
P0023,fmcg,alimentare_confezionato,99,11.87,12.51,-0.0509,0,0.975,0.9546,1831.2,9.26
P0023,fmcg,alimentare_confezionato,100,12.66,12.51,0.0116,0,0.9408,0.9628,1585.9,9.26
P0023,fmcg,alimentare_confezionato,101,11.98,12.51,-0.042,0,0.9961,0.9716,1856.0,9.26
P0023,fmcg,alimentare_confezionato,102,13.69,12.51,0.0944,0,0.9794,0.9809,1530.6,9.26
P0023,fmcg,alimentare_confezionato,103,12.74,12.51,0.0185,0,1.0435,0.9904,1593.7,9.26
P0024,fmcg,alimentare_confezionato,0,2.5,2.58,-0.0313,0,0.9428,1.0,2717.9,1.93
P0024,fmcg,alimentare_confezionato,1,2.41,2.58,-0.0652,1,1.0883,1.0096,2926.7,1.93
P0024,fmcg,alimentare_confezionato,2,2.73,2.58,0.0574,0,0.9929,1.0191,2059.0,1.93
P0024,fmcg,alimentare_confezionato,3,2.43,2.58,-0.0572,0,0.9917,1.0284,2702.2,1.93
P0024,fmcg,alimentare_confezionato,4,2.54,2.58,-0.0168,0,1.001,1.0372,1945.7,1.93
P0024,fmcg,alimentare_confezionato,5,2.59,2.58,0.0056,0,1.0987,1.0454,2352.7,1.93
P0024,fmcg,alimentare_confezionato,6,2.58,2.58,-0.0018,0,0.9836,1.053,2526.9,1.93
P0024,fmcg,alimentare_confezionato,7,2.47,2.58,-0.0441,0,0.9182,1.0599,2686.5,1.93
P0024,fmcg,alimentare_confezionato,8,2.59,2.58,0.0028,0,1.0407,1.0658,2719.7,1.93
P0024,fmcg,alimentare_confezionato,9,2.51,2.58,-0.0285,0,1.0098,1.0708,2955.5,1.93
P0024,fmcg,alimentare_confezionato,10,2.4,2.58,-0.0704,1,0.9769,1.0748,3380.8,1.93
P0024,fmcg,alimentare_confezionato,11,2.58,2.58,-0.0018,0,1.0584,1.0777,1852.1,1.93
P0024,fmcg,alimentare_confezionato,12,2.57,2.58,-0.0028,0,0.9314,1.0794,2669.6,1.93
P0024,fmcg,alimentare_confezionato,13,2.55,2.58,-0.0125,0,1.0924,1.08,2829.4,1.93
P0024,fmcg,alimentare_confezionato,14,2.61,2.58,0.0133,0,0.9918,1.0794,3044.6,1.93
P0024,fmcg,alimentare_confezionato,15,2.24,2.58,-0.1329,1,0.93,1.0777,4196.0,1.93
P0024,fmcg,alimentare_confezionato,16,2.45,2.58,-0.05,0,1.0214,1.0748,2583.6,1.93
P0024,fmcg,alimentare_confezionato,17,2.62,2.58,0.0155,0,0.9696,1.0708,2554.2,1.93
P0024,fmcg,alimentare_confezionato,18,2.54,2.58,-0.0152,0,0.9734,1.0658,2846.5,1.93
P0024,fmcg,alimentare_confezionato,19,2.7,2.58,0.048,0,1.0892,1.0599,2029.8,1.93
P0024,fmcg,alimentare_confezionato,20,2.56,2.58,-0.0083,0,1.0522,1.053,2328.6,1.93
P0024,fmcg,alimentare_confezionato,21,2.53,2.58,-0.0206,0,0.9793,1.0454,2875.9,1.93
P0024,fmcg,alimentare_confezionato,22,2.7,2.58,0.0449,0,1.0247,1.0372,2102.2,1.93
P0024,fmcg,alimentare_confezionato,23,2.63,2.58,0.0197,0,1.041,1.0284,2544.1,1.93
P0024,fmcg,alimentare_confezionato,24,2.6,2.58,0.0061,0,1.0292,1.0191,2186.5,1.93
P0024,fmcg,alimentare_confezionato,25,2.51,2.58,-0.0282,0,0.9879,1.0096,2608.9,1.93
P0024,fmcg,alimentare_confezionato,26,2.46,2.58,-0.0475,0,0.9701,1.0,2367.2,1.93
P0024,fmcg,alimentare_confezionato,27,2.53,2.58,-0.0185,0,0.9785,0.9904,1960.9,1.93
P0024,fmcg,alimentare_confezionato,28,2.39,2.58,-0.0731,1,0.9673,0.9809,3079.5,1.93
P0024,fmcg,alimentare_confezionato,29,2.4,2.58,-0.0695,1,0.9579,0.9716,3633.1,1.93
P0024,fmcg,alimentare_confezionato,30,2.64,2.58,0.0234,0,1.0201,0.9628,2090.9,1.93
P0024,fmcg,alimentare_confezionato,31,2.66,2.58,0.0291,0,1.0581,0.9546,2348.4,1.93
P0024,fmcg,alimentare_confezionato,32,2.7,2.58,0.0457,0,0.9821,0.947,1817.1,1.93
P0024,fmcg,alimentare_confezionato,33,2.66,2.58,0.0291,0,1.027,0.9401,1969.5,1.93
P0024,fmcg,alimentare_confezionato,34,2.59,2.58,0.0049,0,0.9714,0.9342,1931.8,1.93
P0024,fmcg,alimentare_confezionato,35,2.57,2.58,-0.0029,0,0.9312,0.9292,2347.3,1.93
P0024,fmcg,alimentare_confezionato,36,2.72,2.58,0.0557,0,0.9299,0.9252,1870.6,1.93
P0024,fmcg,alimentare_confezionato,37,2.49,2.58,-0.0341,0,0.9757,0.9223,2751.4,1.93
P0024,fmcg,alimentare_confezionato,38,2.51,2.58,-0.0277,0,0.9086,0.9206,1785.4,1.93
P0024,fmcg,alimentare_confezionato,39,2.52,2.58,-0.0222,0,0.9888,0.92,1653.7,1.93
P0024,fmcg,alimentare_confezionato,40,2.67,2.58,0.036,0,1.0811,0.9206,1565.9,1.93
P0024,fmcg,alimentare_confezionato,41,2.5,2.58,-0.0299,0,1.0073,0.9223,1907.2,1.93
P0024,fmcg,alimentare_confezionato,42,2.58,2.58,0.0015,0,0.9938,0.9252,2536.5,1.93
P0024,fmcg,alimentare_confezionato,43,2.62,2.58,0.014,0,0.9625,0.9292,1747.0,1.93
P0024,fmcg,alimentare_confezionato,44,2.78,2.58,0.0765,0,1.0317,0.9342,1928.1,1.93
P0024,fmcg,alimentare_confezionato,45,2.66,2.58,0.0319,0,0.9321,0.9401,1674.7,1.93
P0024,fmcg,alimentare_confezionato,46,2.41,2.58,-0.0645,1,1.0949,0.947,2859.1,1.93
P0024,fmcg,alimentare_confezionato,47,2.43,2.58,-0.0574,0,1.0039,0.9546,2449.4,1.93
P0024,fmcg,alimentare_confezionato,48,2.44,2.58,-0.0531,1,0.9901,0.9628,3212.2,1.93
P0024,fmcg,alimentare_confezionato,49,2.63,2.58,0.0188,0,0.9746,0.9716,2256.9,1.93
P0024,fmcg,alimentare_confezionato,50,2.59,2.58,0.0024,0,1.0397,0.9809,1836.9,1.93
P0024,fmcg,alimentare_confezionato,51,2.56,2.58,-0.0095,0,0.9278,0.9904,2177.2,1.93
P0024,fmcg,alimentare_confezionato,52,2.7,2.58,0.0458,0,1.0071,1.0,2376.4,1.93
P0024,fmcg,alimentare_confezionato,53,2.53,2.58,-0.0187,0,1.0067,1.0096,2586.0,1.93
P0024,fmcg,alimentare_confezionato,54,2.57,2.58,-0.0046,0,0.9176,1.0191,1898.3,1.93
P0024,fmcg,alimentare_confezionato,55,2.37,2.58,-0.0818,0,1.0898,1.0284,2910.1,1.93
P0024,fmcg,alimentare_confezionato,56,2.24,2.58,-0.132,1,1.0514,1.0372,3295.0,1.93
P0024,fmcg,alimentare_confezionato,57,2.51,2.58,-0.0268,0,1.0057,1.0454,2681.2,1.93
P0024,fmcg,alimentare_confezionato,58,2.67,2.58,0.0366,0,1.0,1.053,2538.8,1.93
P0024,fmcg,alimentare_confezionato,59,2.42,2.58,-0.0637,0,0.9664,1.0599,2449.9,1.93
P0024,fmcg,alimentare_confezionato,60,2.49,2.58,-0.0336,0,0.9769,1.0658,2766.7,1.93
P0024,fmcg,alimentare_confezionato,61,2.42,2.58,-0.0604,0,0.9356,1.0708,2464.3,1.93
P0024,fmcg,alimentare_confezionato,62,2.56,2.58,-0.0072,0,0.9638,1.0748,2693.2,1.93
P0024,fmcg,alimentare_confezionato,63,2.58,2.58,-0.0007,0,0.9592,1.0777,2530.5,1.93
P0024,fmcg,alimentare_confezionato,64,2.56,2.58,-0.0084,0,0.9744,1.0794,2779.3,1.93
P0024,fmcg,alimentare_confezionato,65,2.67,2.58,0.0362,0,1.0668,1.08,2435.4,1.93
P0024,fmcg,alimentare_confezionato,66,2.67,2.58,0.0364,0,1.0233,1.0794,3147.6,1.93
P0024,fmcg,alimentare_confezionato,67,2.64,2.58,0.0244,0,1.0145,1.0777,2318.6,1.93
P0024,fmcg,alimentare_confezionato,68,2.61,2.58,0.0103,0,1.0261,1.0748,2753.5,1.93
P0024,fmcg,alimentare_confezionato,69,2.54,2.58,-0.0162,0,0.9837,1.0708,2134.3,1.93
P0024,fmcg,alimentare_confezionato,70,2.53,2.58,-0.0189,0,1.0484,1.0658,2586.4,1.93
P0024,fmcg,alimentare_confezionato,71,2.57,2.58,-0.0041,0,0.9606,1.0599,2157.9,1.93
P0024,fmcg,alimentare_confezionato,72,2.59,2.58,0.004,0,1.0563,1.053,2803.9,1.93
P0024,fmcg,alimentare_confezionato,73,2.62,2.58,0.0148,0,1.0023,1.0454,2013.8,1.93
P0024,fmcg,alimentare_confezionato,74,2.63,2.58,0.0206,0,0.975,1.0372,2186.2,1.93
P0024,fmcg,alimentare_confezionato,75,2.77,2.58,0.0739,0,0.9083,1.0284,2190.5,1.93
P0024,fmcg,alimentare_confezionato,76,2.52,2.58,-0.0224,0,0.9861,1.0191,2607.9,1.93
P0024,fmcg,alimentare_confezionato,77,2.6,2.58,0.0065,0,1.0546,1.0096,2639.6,1.93
P0024,fmcg,alimentare_confezionato,78,2.53,2.58,-0.0191,0,1.0247,1.0,2493.1,1.93
P0024,fmcg,alimentare_confezionato,79,2.44,2.58,-0.0549,0,0.8989,0.9904,2501.9,1.93
P0024,fmcg,alimentare_confezionato,80,2.47,2.58,-0.0414,0,1.0523,0.9809,2441.2,1.93
P0024,fmcg,alimentare_confezionato,81,2.61,2.58,0.013,0,0.9467,0.9716,2279.2,1.93
P0024,fmcg,alimentare_confezionato,82,2.53,2.58,-0.0192,0,0.9279,0.9628,2288.4,1.93
P0024,fmcg,alimentare_confezionato,83,2.68,2.58,0.0392,0,0.9796,0.9546,2493.1,1.93
P0024,fmcg,alimentare_confezionato,84,2.59,2.58,0.0047,0,1.0715,0.947,1916.5,1.93
P0024,fmcg,alimentare_confezionato,85,2.2,2.58,-0.147,1,0.9658,0.9401,3623.4,1.93
P0024,fmcg,alimentare_confezionato,86,2.57,2.58,-0.0039,0,1.0258,0.9342,2081.1,1.93
P0024,fmcg,alimentare_confezionato,87,2.67,2.58,0.0361,0,1.0365,0.9292,1750.7,1.93
P0024,fmcg,alimentare_confezionato,88,2.49,2.58,-0.0333,0,1.0273,0.9252,2303.3,1.93
P0024,fmcg,alimentare_confezionato,89,2.55,2.58,-0.0114,0,0.9538,0.9223,2385.5,1.93
P0024,fmcg,alimentare_confezionato,90,2.6,2.58,0.0065,0,0.9225,0.9206,1930.1,1.93
P0024,fmcg,alimentare_confezionato,91,2.52,2.58,-0.0251,0,1.0407,0.92,1650.6,1.93
P0024,fmcg,alimentare_confezionato,92,2.56,2.58,-0.006,0,1.0871,0.9206,1835.8,1.93
P0024,fmcg,alimentare_confezionato,93,2.24,2.58,-0.1317,1,0.9639,0.9223,3200.1,1.93
P0024,fmcg,alimentare_confezionato,94,2.45,2.58,-0.0519,0,0.9772,0.9252,2686.1,1.93
P0024,fmcg,alimentare_confezionato,95,2.57,2.58,-0.0055,0,1.0057,0.9292,2283.8,1.93
P0024,fmcg,alimentare_confezionato,96,2.53,2.58,-0.0195,0,1.0767,0.9342,2570.5,1.93
P0024,fmcg,alimentare_confezionato,97,2.5,2.58,-0.0295,0,0.949,0.9401,2162.4,1.93
P0024,fmcg,alimentare_confezionato,98,2.42,2.58,-0.0619,0,1.0247,0.947,2804.5,1.93
P0024,fmcg,alimentare_confezionato,99,2.52,2.58,-0.0237,0,0.9603,0.9546,2342.4,1.93
P0024,fmcg,alimentare_confezionato,100,2.62,2.58,0.0155,0,1.0301,0.9628,2426.4,1.93
P0024,fmcg,alimentare_confezionato,101,2.6,2.58,0.0078,0,0.9818,0.9716,2151.1,1.93
P0024,fmcg,alimentare_confezionato,102,2.67,2.58,0.0341,0,1.0699,0.9809,2211.1,1.93
P0024,fmcg,alimentare_confezionato,103,2.56,2.58,-0.0089,0,0.9133,0.9904,2682.1,1.93
P0025,fmcg,cura_persona,0,8.9,8.75,0.0177,0,1.0339,1.0,1477.5,6.16
P0025,fmcg,cura_persona,1,9.22,8.75,0.0541,0,1.0145,1.0096,1508.8,6.16
P0025,fmcg,cura_persona,2,9.08,8.75,0.038,0,1.0467,1.0191,1411.2,6.16
P0025,fmcg,cura_persona,3,9.05,8.75,0.0338,0,0.9924,1.0284,1483.2,6.16
P0025,fmcg,cura_persona,4,8.81,8.75,0.0068,0,1.0527,1.0372,1924.0,6.16
P0025,fmcg,cura_persona,5,8.68,8.75,-0.0081,0,1.1563,1.0454,1889.3,6.16
P0025,fmcg,cura_persona,6,7.69,8.75,-0.1208,1,1.0886,1.053,3322.9,6.16
P0025,fmcg,cura_persona,7,8.83,8.75,0.0087,0,1.0627,1.0599,1671.1,6.16
P0025,fmcg,cura_persona,8,8.84,8.75,0.01,0,1.0691,1.0658,1928.0,6.16
P0025,fmcg,cura_persona,9,8.77,8.75,0.0022,0,0.9162,1.0708,1432.6,6.16
P0025,fmcg,cura_persona,10,8.03,8.75,-0.0822,1,0.9869,1.0748,3113.5,6.16
P0025,fmcg,cura_persona,11,8.91,8.75,0.0187,0,1.0964,1.0777,1960.1,6.16
P0025,fmcg,cura_persona,12,8.82,8.75,0.0084,0,0.9357,1.0794,2114.4,6.16
P0025,fmcg,cura_persona,13,8.57,8.75,-0.0205,0,1.0011,1.08,1815.6,6.16
P0025,fmcg,cura_persona,14,9.31,8.75,0.0644,0,1.0552,1.0794,1563.2,6.16
P0025,fmcg,cura_persona,15,8.36,8.75,-0.0447,0,1.0352,1.0777,2029.2,6.16
P0025,fmcg,cura_persona,16,8.78,8.75,0.0035,0,1.0219,1.0748,2127.1,6.16
P0025,fmcg,cura_persona,17,8.64,8.75,-0.013,0,1.0993,1.0708,1951.6,6.16
P0025,fmcg,cura_persona,18,8.58,8.75,-0.0189,0,1.0345,1.0658,1648.8,6.16
P0025,fmcg,cura_persona,19,8.38,8.75,-0.0423,0,0.9698,1.0599,2377.7,6.16
P0025,fmcg,cura_persona,20,8.97,8.75,0.0251,0,1.0759,1.053,1775.4,6.16
P0025,fmcg,cura_persona,21,8.91,8.75,0.0186,0,1.0058,1.0454,1959.3,6.16
P0025,fmcg,cura_persona,22,8.55,8.75,-0.0223,0,0.952,1.0372,1702.5,6.16
P0025,fmcg,cura_persona,23,9.1,8.75,0.0395,0,0.9731,1.0284,1310.2,6.16
P0025,fmcg,cura_persona,24,8.92,8.75,0.0192,0,0.9967,1.0191,1781.7,6.16
P0025,fmcg,cura_persona,25,9.06,8.75,0.0355,0,1.0172,1.0096,1796.9,6.16
P0025,fmcg,cura_persona,26,8.91,8.75,0.0184,0,1.0229,1.0,1532.9,6.16
P0025,fmcg,cura_persona,27,8.99,8.75,0.0277,0,1.0578,0.9904,1752.5,6.16
P0025,fmcg,cura_persona,28,8.5,8.75,-0.0284,0,0.9782,0.9809,1883.9,6.16
P0025,fmcg,cura_persona,29,8.06,8.75,-0.0789,1,0.9435,0.9716,1966.3,6.16
P0025,fmcg,cura_persona,30,8.7,8.75,-0.0059,0,0.9934,0.9628,2284.1,6.16
P0025,fmcg,cura_persona,31,8.45,8.75,-0.0342,0,1.0075,0.9546,1521.0,6.16
P0025,fmcg,cura_persona,32,8.38,8.75,-0.0419,0,0.9887,0.947,1787.4,6.16
P0025,fmcg,cura_persona,33,8.95,8.75,0.0232,0,0.9832,0.9401,1603.0,6.16
P0025,fmcg,cura_persona,34,8.34,8.75,-0.0471,0,0.9251,0.9342,1968.8,6.16
P0025,fmcg,cura_persona,35,8.18,8.75,-0.0655,0,0.9968,0.9292,1619.7,6.16
P0025,fmcg,cura_persona,36,8.57,8.75,-0.0203,0,1.0341,0.9252,1947.7,6.16
P0025,fmcg,cura_persona,37,8.77,8.75,0.0027,0,1.0277,0.9223,1651.6,6.16
P0025,fmcg,cura_persona,38,8.34,8.75,-0.0465,0,1.0277,0.9206,1691.2,6.16
P0025,fmcg,cura_persona,39,9.03,8.75,0.0322,0,1.0334,0.92,1601.2,6.16
P0025,fmcg,cura_persona,40,8.96,8.75,0.0241,0,1.0748,0.9206,1553.9,6.16
P0025,fmcg,cura_persona,41,9.04,8.75,0.0326,0,0.9755,0.9223,1310.5,6.16
P0025,fmcg,cura_persona,42,8.69,8.75,-0.0072,0,0.9396,0.9252,1768.8,6.16
P0025,fmcg,cura_persona,43,8.25,8.75,-0.057,0,1.0511,0.9292,1363.7,6.16
P0025,fmcg,cura_persona,44,9.31,8.75,0.0644,0,0.9836,0.9342,1484.7,6.16
P0025,fmcg,cura_persona,45,8.22,8.75,-0.0601,0,1.0036,0.9401,1897.1,6.16
P0025,fmcg,cura_persona,46,8.37,8.75,-0.0433,0,0.9809,0.947,1638.8,6.16
P0025,fmcg,cura_persona,47,9.1,8.75,0.0395,0,1.0013,0.9546,1470.4,6.16
P0025,fmcg,cura_persona,48,7.8,8.75,-0.1085,1,0.9763,0.9628,2295.1,6.16
P0025,fmcg,cura_persona,49,8.64,8.75,-0.0126,0,0.9621,0.9716,1801.0,6.16
P0025,fmcg,cura_persona,50,8.58,8.75,-0.0195,0,0.9928,0.9809,2344.0,6.16
P0025,fmcg,cura_persona,51,8.2,8.75,-0.0628,1,0.9543,0.9904,2195.4,6.16
P0025,fmcg,cura_persona,52,8.63,8.75,-0.0139,0,1.012,1.0,2318.4,6.16
P0025,fmcg,cura_persona,53,8.97,8.75,0.0247,0,1.026,1.0096,1592.7,6.16
P0025,fmcg,cura_persona,54,8.49,8.75,-0.0297,0,1.067,1.0191,1788.0,6.16
P0025,fmcg,cura_persona,55,8.42,8.75,-0.0381,0,0.9538,1.0284,1870.5,6.16
P0025,fmcg,cura_persona,56,8.68,8.75,-0.0082,0,0.9746,1.0372,2056.8,6.16
P0025,fmcg,cura_persona,57,8.03,8.75,-0.0828,1,0.9771,1.0454,2667.9,6.16
P0025,fmcg,cura_persona,58,8.5,8.75,-0.0288,0,0.964,1.053,1728.0,6.16
P0025,fmcg,cura_persona,59,8.84,8.75,0.0107,0,1.0101,1.0599,2149.5,6.16
P0025,fmcg,cura_persona,60,9.48,8.75,0.0839,0,0.9963,1.0658,1552.8,6.16
P0025,fmcg,cura_persona,61,7.81,8.75,-0.1075,1,1.0059,1.0708,3205.0,6.16
P0025,fmcg,cura_persona,62,8.86,8.75,0.0123,0,1.0103,1.0748,1894.5,6.16
P0025,fmcg,cura_persona,63,9.11,8.75,0.0416,0,1.1025,1.0777,1546.8,6.16
P0025,fmcg,cura_persona,64,7.88,8.75,-0.1,0,1.0334,1.0794,1879.0,6.16
P0025,fmcg,cura_persona,65,8.35,8.75,-0.046,0,0.9892,1.08,2323.3,6.16
P0025,fmcg,cura_persona,66,8.64,8.75,-0.0126,0,0.9743,1.0794,2374.2,6.16
P0025,fmcg,cura_persona,67,8.39,8.75,-0.0412,0,0.9764,1.0777,2502.4,6.16
P0025,fmcg,cura_persona,68,8.47,8.75,-0.0321,0,0.9866,1.0748,1976.5,6.16
P0025,fmcg,cura_persona,69,8.23,8.75,-0.0599,0,0.9661,1.0708,2532.1,6.16
P0025,fmcg,cura_persona,70,8.72,8.75,-0.0036,0,1.007,1.0658,2486.5,6.16
P0025,fmcg,cura_persona,71,9.09,8.75,0.0383,0,0.9701,1.0599,1695.4,6.16
P0025,fmcg,cura_persona,72,8.51,8.75,-0.0271,0,0.9898,1.053,2193.7,6.16
P0025,fmcg,cura_persona,73,8.75,8.75,0.0,0,1.0354,1.0454,1681.0,6.16
P0025,fmcg,cura_persona,74,8.77,8.75,0.0026,0,0.9917,1.0372,1439.8,6.16
P0025,fmcg,cura_persona,75,8.86,8.75,0.013,0,1.0873,1.0284,1905.8,6.16
P0025,fmcg,cura_persona,76,8.38,8.75,-0.0423,0,0.9937,1.0191,2278.3,6.16
P0025,fmcg,cura_persona,77,9.05,8.75,0.0338,0,1.0367,1.0096,1736.5,6.16
P0025,fmcg,cura_persona,78,7.98,8.75,-0.0881,1,1.0888,1.0,2863.8,6.16
P0025,fmcg,cura_persona,79,8.62,8.75,-0.0144,0,1.0019,0.9904,1844.6,6.16
P0025,fmcg,cura_persona,80,8.97,8.75,0.0257,0,0.9609,0.9809,1389.9,6.16
P0025,fmcg,cura_persona,81,8.21,8.75,-0.0612,0,0.9838,0.9716,1834.4,6.16
P0025,fmcg,cura_persona,82,9.36,8.75,0.0694,0,0.9028,0.9628,1970.9,6.16
P0025,fmcg,cura_persona,83,8.86,8.75,0.0122,0,0.9293,0.9546,1865.5,6.16
P0025,fmcg,cura_persona,84,8.73,8.75,-0.0022,0,0.9031,0.947,1703.1,6.16
P0025,fmcg,cura_persona,85,8.68,8.75,-0.0083,0,1.0587,0.9401,1943.0,6.16
P0025,fmcg,cura_persona,86,9.24,8.75,0.0558,0,1.0023,0.9342,1501.1,6.16
P0025,fmcg,cura_persona,87,8.77,8.75,0.0024,0,0.8685,0.9292,1605.6,6.16
P0025,fmcg,cura_persona,88,7.86,8.75,-0.1019,1,1.0793,0.9252,2802.4,6.16
P0025,fmcg,cura_persona,89,8.44,8.75,-0.0353,0,0.9671,0.9223,2216.6,6.16
P0025,fmcg,cura_persona,90,8.31,8.75,-0.0506,1,1.0515,0.9206,2705.6,6.16
P0025,fmcg,cura_persona,91,9.07,8.75,0.0363,0,1.0601,0.92,1533.4,6.16
P0025,fmcg,cura_persona,92,8.76,8.75,0.001,0,1.0311,0.9206,1604.9,6.16
P0025,fmcg,cura_persona,93,8.45,8.75,-0.0337,0,0.9499,0.9223,2182.3,6.16
P0025,fmcg,cura_persona,94,8.75,8.75,-0.0001,0,1.0141,0.9252,1460.3,6.16
P0025,fmcg,cura_persona,95,9.29,8.75,0.0616,0,0.9235,0.9292,1552.6,6.16
P0025,fmcg,cura_persona,96,7.64,8.75,-0.1271,1,1.0821,0.9342,3446.8,6.16
P0025,fmcg,cura_persona,97,8.96,8.75,0.0236,0,1.0042,0.9401,1478.5,6.16
P0025,fmcg,cura_persona,98,8.96,8.75,0.0235,0,1.0108,0.947,1445.6,6.16
P0025,fmcg,cura_persona,99,8.61,8.75,-0.016,0,0.9579,0.9546,1815.4,6.16
P0025,fmcg,cura_persona,100,9.05,8.75,0.0343,0,0.9571,0.9628,1493.6,6.16
P0025,fmcg,cura_persona,101,8.7,8.75,-0.0058,0,1.0015,0.9716,1708.0,6.16
P0025,fmcg,cura_persona,102,9.11,8.75,0.041,0,1.0557,0.9809,1615.5,6.16
P0025,fmcg,cura_persona,103,8.19,8.75,-0.0637,1,1.0428,0.9904,2364.5,6.16
P0026,fmcg,alimentare_confezionato,0,13.91,14.18,-0.0187,0,1.0705,1.0,1787.7,8.15
P0026,fmcg,alimentare_confezionato,1,14.47,14.18,0.0204,0,1.0391,1.0096,1974.2,8.15
P0026,fmcg,alimentare_confezionato,2,14.89,14.18,0.0501,0,1.0009,1.0191,1212.1,8.15
P0026,fmcg,alimentare_confezionato,3,14.18,14.18,0.0001,0,0.9471,1.0284,1562.4,8.15
P0026,fmcg,alimentare_confezionato,4,14.3,14.18,0.0083,0,0.9729,1.0372,1476.5,8.15
P0026,fmcg,alimentare_confezionato,5,14.29,14.18,0.0076,0,1.0555,1.0454,1566.6,8.15
P0026,fmcg,alimentare_confezionato,6,13.9,14.18,-0.0197,0,1.0083,1.053,1806.3,8.15
P0026,fmcg,alimentare_confezionato,7,15.06,14.18,0.0621,0,1.0065,1.0599,1581.7,8.15
P0026,fmcg,alimentare_confezionato,8,14.39,14.18,0.015,0,0.9462,1.0658,1520.9,8.15
P0026,fmcg,alimentare_confezionato,9,14.33,14.18,0.0106,0,0.9568,1.0708,1625.2,8.15
P0026,fmcg,alimentare_confezionato,10,13.23,14.18,-0.067,1,1.1052,1.0748,2428.3,8.15
P0026,fmcg,alimentare_confezionato,11,13.99,14.18,-0.0137,0,0.9845,1.0777,1929.6,8.15
P0026,fmcg,alimentare_confezionato,12,12.4,14.18,-0.1255,1,1.121,1.0794,2370.3,8.15
P0026,fmcg,alimentare_confezionato,13,14.72,14.18,0.038,0,1.0233,1.08,1653.4,8.15
P0026,fmcg,alimentare_confezionato,14,13.57,14.18,-0.043,0,1.014,1.0794,1977.4,8.15
P0026,fmcg,alimentare_confezionato,15,12.66,14.18,-0.1075,1,1.0611,1.0777,2138.4,8.15
P0026,fmcg,alimentare_confezionato,16,13.99,14.18,-0.0131,0,0.9968,1.0748,1323.0,8.15
P0026,fmcg,alimentare_confezionato,17,14.29,14.18,0.0081,0,1.0112,1.0708,1783.7,8.15
P0026,fmcg,alimentare_confezionato,18,13.22,14.18,-0.0675,1,1.0457,1.0658,2082.5,8.15
P0026,fmcg,alimentare_confezionato,19,14.19,14.18,0.0006,0,1.0293,1.0599,1710.8,8.15
P0026,fmcg,alimentare_confezionato,20,14.12,14.18,-0.0042,0,1.0393,1.053,1802.2,8.15
P0026,fmcg,alimentare_confezionato,21,14.16,14.18,-0.0011,0,0.9583,1.0454,1382.3,8.15
P0026,fmcg,alimentare_confezionato,22,13.33,14.18,-0.0602,1,1.026,1.0372,1724.8,8.15
P0026,fmcg,alimentare_confezionato,23,14.3,14.18,0.0085,0,0.955,1.0284,1569.6,8.15
P0026,fmcg,alimentare_confezionato,24,13.82,14.18,-0.0253,0,1.0027,1.0191,1612.3,8.15
P0026,fmcg,alimentare_confezionato,25,14.06,14.18,-0.0085,0,1.0234,1.0096,1362.4,8.15
P0026,fmcg,alimentare_confezionato,26,13.42,14.18,-0.0538,0,0.9791,1.0,1334.9,8.15
P0026,fmcg,alimentare_confezionato,27,15.01,14.18,0.0583,0,0.9311,0.9904,1309.3,8.15
P0026,fmcg,alimentare_confezionato,28,14.38,14.18,0.0143,0,0.9816,0.9809,1385.1,8.15
P0026,fmcg,alimentare_confezionato,29,15.02,14.18,0.0594,0,0.9735,0.9716,1211.9,8.15
P0026,fmcg,alimentare_confezionato,30,14.23,14.18,0.0036,0,0.9297,0.9628,1327.2,8.15
P0026,fmcg,alimentare_confezionato,31,13.22,14.18,-0.068,1,0.9746,0.9546,1992.7,8.15
P0026,fmcg,alimentare_confezionato,32,14.21,14.18,0.0023,0,1.0066,0.947,1196.3,8.15
P0026,fmcg,alimentare_confezionato,33,15.28,14.18,0.0774,0,1.0466,0.9401,1239.3,8.15
P0026,fmcg,alimentare_confezionato,34,12.16,14.18,-0.1423,1,1.0583,0.9342,1708.7,8.15
P0026,fmcg,alimentare_confezionato,35,13.51,14.18,-0.0472,0,1.0129,0.9292,1450.6,8.15
P0026,fmcg,alimentare_confezionato,36,13.08,14.18,-0.0779,1,0.9716,0.9252,1939.8,8.15
P0026,fmcg,alimentare_confezionato,37,13.44,14.18,-0.0519,0,0.9626,0.9223,1448.2,8.15
P0026,fmcg,alimentare_confezionato,38,14.89,14.18,0.0497,0,0.9892,0.9206,1223.9,8.15
P0026,fmcg,alimentare_confezionato,39,12.45,14.18,-0.1219,1,0.9851,0.92,1902.9,8.15
P0026,fmcg,alimentare_confezionato,40,14.45,14.18,0.0193,0,0.9718,0.9206,1200.3,8.15
P0026,fmcg,alimentare_confezionato,41,12.76,14.18,-0.1,0,0.9698,0.9223,1333.8,8.15
P0026,fmcg,alimentare_confezionato,42,13.96,14.18,-0.0154,0,0.972,0.9252,1371.5,8.15
P0026,fmcg,alimentare_confezionato,43,13.98,14.18,-0.0141,0,1.0049,0.9292,1314.9,8.15
P0026,fmcg,alimentare_confezionato,44,14.73,14.18,0.0386,0,0.9785,0.9342,1157.5,8.15
P0026,fmcg,alimentare_confezionato,45,14.21,14.18,0.0021,0,1.0153,0.9401,1156.3,8.15
P0026,fmcg,alimentare_confezionato,46,12.17,14.18,-0.1418,1,1.0487,0.947,2156.8,8.15
P0026,fmcg,alimentare_confezionato,47,15.26,14.18,0.0765,0,0.9849,0.9546,1128.3,8.15
P0026,fmcg,alimentare_confezionato,48,15.05,14.18,0.0614,0,1.0884,0.9628,1174.3,8.15
P0026,fmcg,alimentare_confezionato,49,14.02,14.18,-0.0113,0,1.0612,0.9716,1235.3,8.15
P0026,fmcg,alimentare_confezionato,50,15.26,14.18,0.0759,0,1.0156,0.9809,1389.0,8.15
P0026,fmcg,alimentare_confezionato,51,12.29,14.18,-0.133,1,0.9243,0.9904,1943.0,8.15
P0026,fmcg,alimentare_confezionato,52,13.45,14.18,-0.0512,1,0.9849,1.0,1865.0,8.15
P0026,fmcg,alimentare_confezionato,53,13.91,14.18,-0.0193,0,0.9502,1.0096,1215.5,8.15
P0026,fmcg,alimentare_confezionato,54,14.03,14.18,-0.0105,0,0.9312,1.0191,1522.0,8.15
P0026,fmcg,alimentare_confezionato,55,14.44,14.18,0.0184,0,0.9769,1.0284,1136.8,8.15
P0026,fmcg,alimentare_confezionato,56,13.57,14.18,-0.0432,0,1.0032,1.0372,1452.4,8.15
P0026,fmcg,alimentare_confezionato,57,14.75,14.18,0.0403,0,1.0266,1.0454,1671.3,8.15
P0026,fmcg,alimentare_confezionato,58,14.38,14.18,0.0139,0,0.9109,1.053,1459.4,8.15
P0026,fmcg,alimentare_confezionato,59,14.79,14.18,0.0428,0,0.9747,1.0599,1522.9,8.15
P0026,fmcg,alimentare_confezionato,60,14.75,14.18,0.0405,0,0.9933,1.0658,1642.9,8.15
P0026,fmcg,alimentare_confezionato,61,13.38,14.18,-0.0565,0,0.8858,1.0708,1846.4,8.15
P0026,fmcg,alimentare_confezionato,62,14.63,14.18,0.0314,0,0.9661,1.0748,1416.8,8.15
P0026,fmcg,alimentare_confezionato,63,14.9,14.18,0.0505,0,1.0847,1.0777,1635.5,8.15
P0026,fmcg,alimentare_confezionato,64,14.84,14.18,0.0467,0,0.9872,1.0794,1427.2,8.15
P0026,fmcg,alimentare_confezionato,65,13.27,14.18,-0.064,1,0.9912,1.08,1870.2,8.15
P0026,fmcg,alimentare_confezionato,66,14.45,14.18,0.019,0,1.0715,1.0794,1270.3,8.15
P0026,fmcg,alimentare_confezionato,67,13.4,14.18,-0.055,0,0.9401,1.0777,1566.7,8.15
P0026,fmcg,alimentare_confezionato,68,14.29,14.18,0.0079,0,0.9878,1.0748,1416.9,8.15
P0026,fmcg,alimentare_confezionato,69,14.74,14.18,0.0396,0,1.0399,1.0708,1759.6,8.15
P0026,fmcg,alimentare_confezionato,70,12.87,14.18,-0.0925,0,0.9378,1.0658,1852.6,8.15
P0026,fmcg,alimentare_confezionato,71,13.9,14.18,-0.0196,0,0.9448,1.0599,1779.6,8.15
P0026,fmcg,alimentare_confezionato,72,14.43,14.18,0.0175,0,0.9683,1.053,1541.8,8.15
P0026,fmcg,alimentare_confezionato,73,14.12,14.18,-0.0045,0,0.8736,1.0454,1274.6,8.15
P0026,fmcg,alimentare_confezionato,74,15.36,14.18,0.0831,0,0.91,1.0372,1179.1,8.15
P0026,fmcg,alimentare_confezionato,75,15.06,14.18,0.0619,0,1.0101,1.0284,1523.8,8.15
P0026,fmcg,alimentare_confezionato,76,13.93,14.18,-0.0179,0,1.0041,1.0191,1408.4,8.15
P0026,fmcg,alimentare_confezionato,77,13.38,14.18,-0.0562,0,1.0445,1.0096,1591.2,8.15
P0026,fmcg,alimentare_confezionato,78,13.36,14.18,-0.0575,0,0.951,1.0,1814.2,8.15
P0026,fmcg,alimentare_confezionato,79,14.32,14.18,0.0097,0,0.956,0.9904,1427.8,8.15
P0026,fmcg,alimentare_confezionato,80,12.79,14.18,-0.0977,1,1.0185,0.9809,2109.1,8.15
P0026,fmcg,alimentare_confezionato,81,14.01,14.18,-0.012,0,1.0269,0.9716,1406.6,8.15
P0026,fmcg,alimentare_confezionato,82,15.12,14.18,0.0666,0,0.9525,0.9628,1485.1,8.15
P0026,fmcg,alimentare_confezionato,83,14.5,14.18,0.0229,0,1.0354,0.9546,1278.9,8.15
P0026,fmcg,alimentare_confezionato,84,13.2,14.18,-0.069,0,0.9692,0.947,1608.1,8.15
P0026,fmcg,alimentare_confezionato,85,14.23,14.18,0.0034,0,0.9262,0.9401,1332.5,8.15
P0026,fmcg,alimentare_confezionato,86,14.14,14.18,-0.0027,0,0.9749,0.9342,1189.1,8.15
P0026,fmcg,alimentare_confezionato,87,13.72,14.18,-0.0327,0,0.9343,0.9292,1611.5,8.15
P0026,fmcg,alimentare_confezionato,88,13.09,14.18,-0.0771,0,0.9688,0.9252,1663.5,8.15
P0026,fmcg,alimentare_confezionato,89,14.92,14.18,0.0524,0,0.9572,0.9223,1348.9,8.15
P0026,fmcg,alimentare_confezionato,90,14.4,14.18,0.0158,0,0.9313,0.9206,1181.0,8.15
P0026,fmcg,alimentare_confezionato,91,13.78,14.18,-0.0282,0,1.0488,0.92,1323.2,8.15
P0026,fmcg,alimentare_confezionato,92,13.46,14.18,-0.0506,1,0.9696,0.9206,1613.5,8.15
P0026,fmcg,alimentare_confezionato,93,14.23,14.18,0.0033,0,1.0231,0.9223,1267.8,8.15
P0026,fmcg,alimentare_confezionato,94,14.27,14.18,0.0064,0,0.9485,0.9252,1529.5,8.15
P0026,fmcg,alimentare_confezionato,95,14.27,14.18,0.0061,0,0.9837,0.9292,1427.0,8.15
P0026,fmcg,alimentare_confezionato,96,12.36,14.18,-0.1284,1,0.9469,0.9342,2287.4,8.15
P0026,fmcg,alimentare_confezionato,97,13.35,14.18,-0.0589,0,1.0176,0.9401,1383.5,8.15
P0026,fmcg,alimentare_confezionato,98,13.61,14.18,-0.0401,0,1.05,0.947,1149.7,8.15
P0026,fmcg,alimentare_confezionato,99,14.24,14.18,0.0042,0,1.0789,0.9546,1485.6,8.15
P0026,fmcg,alimentare_confezionato,100,14.94,14.18,0.0535,0,0.9322,0.9628,1366.8,8.15
P0026,fmcg,alimentare_confezionato,101,13.74,14.18,-0.0308,0,1.0349,0.9716,1388.1,8.15
P0026,fmcg,alimentare_confezionato,102,13.27,14.18,-0.0644,0,1.0167,0.9809,1479.6,8.15
P0026,fmcg,alimentare_confezionato,103,14.16,14.18,-0.0015,0,1.0625,0.9904,1543.4,8.15
P0027,fmcg,bevande,0,13.74,13.37,0.0276,0,1.0397,1.0,1296.3,8.18
P0027,fmcg,bevande,1,12.91,13.37,-0.0344,0,1.0692,1.0096,1173.1,8.18
P0027,fmcg,bevande,2,13.7,13.37,0.0247,0,0.9637,1.0191,986.8,8.18
P0027,fmcg,bevande,3,14.34,13.37,0.0727,0,0.9568,1.0284,1070.1,8.18
P0027,fmcg,bevande,4,13.94,13.37,0.0425,0,0.9879,1.0372,1152.0,8.18
P0027,fmcg,bevande,5,13.64,13.37,0.0203,0,0.954,1.0454,1118.1,8.18
P0027,fmcg,bevande,6,13.38,13.37,0.0006,0,0.9225,1.053,1086.0,8.18
P0027,fmcg,bevande,7,13.52,13.37,0.0112,0,0.9442,1.0599,1147.4,8.18
P0027,fmcg,bevande,8,12.86,13.37,-0.0385,0,0.954,1.0658,1371.3,8.18
P0027,fmcg,bevande,9,13.25,13.37,-0.0093,0,0.9916,1.0708,1477.0,8.18
P0027,fmcg,bevande,10,13.56,13.37,0.014,0,1.014,1.0748,1364.3,8.18
P0027,fmcg,bevande,11,13.8,13.37,0.0319,0,0.9459,1.0777,1370.9,8.18
P0027,fmcg,bevande,12,13.58,13.37,0.0156,0,0.9312,1.0794,1179.1,8.18
P0027,fmcg,bevande,13,13.84,13.37,0.0349,0,1.0251,1.08,1449.3,8.18
P0027,fmcg,bevande,14,11.56,13.37,-0.1352,1,0.9748,1.0794,2390.6,8.18
P0027,fmcg,bevande,15,13.34,13.37,-0.0022,0,0.9942,1.0777,1673.5,8.18
P0027,fmcg,bevande,16,13.41,13.37,0.0026,0,1.0242,1.0748,1352.5,8.18
P0027,fmcg,bevande,17,13.55,13.37,0.0132,0,0.9981,1.0708,1672.8,8.18
P0027,fmcg,bevande,18,13.09,13.37,-0.0208,0,1.0365,1.0658,1461.7,8.18
P0027,fmcg,bevande,19,13.12,13.37,-0.0184,0,1.0094,1.0599,1378.7,8.18
P0027,fmcg,bevande,20,12.96,13.37,-0.031,0,1.0288,1.053,1487.5,8.18
P0027,fmcg,bevande,21,13.37,13.37,-0.0004,0,0.9794,1.0454,1470.2,8.18
P0027,fmcg,bevande,22,13.88,13.37,0.038,0,1.0541,1.0372,1454.1,8.18
P0027,fmcg,bevande,23,13.14,13.37,-0.017,0,1.0055,1.0284,1413.9,8.18
P0027,fmcg,bevande,24,13.99,13.37,0.0467,0,1.029,1.0191,1089.5,8.18
P0027,fmcg,bevande,25,13.42,13.37,0.0034,0,0.9453,1.0096,1162.2,8.18
P0027,fmcg,bevande,26,14.22,13.37,0.0639,0,1.0505,1.0,1358.6,8.18
P0027,fmcg,bevande,27,13.63,13.37,0.0195,0,1.0165,0.9904,1310.5,8.18
P0027,fmcg,bevande,28,11.97,13.37,-0.1047,1,1.0366,0.9809,2222.6,8.18
P0027,fmcg,bevande,29,13.22,13.37,-0.011,0,1.0238,0.9716,1169.2,8.18
P0027,fmcg,bevande,30,13.91,13.37,0.0402,0,0.9775,0.9628,1159.5,8.18
P0027,fmcg,bevande,31,13.97,13.37,0.0447,0,1.0427,0.9546,1106.8,8.18
P0027,fmcg,bevande,32,13.21,13.37,-0.0121,0,1.0285,0.947,1262.5,8.18
P0027,fmcg,bevande,33,12.59,13.37,-0.0587,1,1.0379,0.9401,1644.2,8.18
P0027,fmcg,bevande,34,12.91,13.37,-0.0345,0,1.1277,0.9342,1220.0,8.18
P0027,fmcg,bevande,35,13.64,13.37,0.0198,0,0.9795,0.9292,1152.8,8.18
P0027,fmcg,bevande,36,12.94,13.37,-0.032,0,1.0219,0.9252,1021.5,8.18
P0027,fmcg,bevande,37,13.74,13.37,0.0278,0,1.032,0.9223,917.0,8.18
P0027,fmcg,bevande,38,14.02,13.37,0.0486,0,1.2076,0.9206,1260.5,8.18
P0027,fmcg,bevande,39,13.62,13.37,0.0184,0,0.9576,0.92,1287.9,8.18
P0027,fmcg,bevande,40,12.8,13.37,-0.0424,0,0.9363,0.9206,1416.5,8.18
P0027,fmcg,bevande,41,12.05,13.37,-0.0989,1,0.9992,0.9223,1517.3,8.18
P0027,fmcg,bevande,42,11.43,13.37,-0.1451,1,0.9297,0.9252,1781.7,8.18
P0027,fmcg,bevande,43,13.64,13.37,0.0202,0,1.033,0.9292,985.6,8.18
P0027,fmcg,bevande,44,14.24,13.37,0.065,0,0.951,0.9342,1138.4,8.18
P0027,fmcg,bevande,45,12.01,13.37,-0.1013,1,1.0148,0.9401,1688.1,8.18
P0027,fmcg,bevande,46,12.64,13.37,-0.0545,0,1.0041,0.947,1308.0,8.18
P0027,fmcg,bevande,47,13.95,13.37,0.0435,0,1.0533,0.9546,1006.8,8.18
P0027,fmcg,bevande,48,13.26,13.37,-0.0079,0,0.9422,0.9628,996.2,8.18
P0027,fmcg,bevande,49,13.2,13.37,-0.0125,0,0.9279,0.9716,1294.2,8.18
P0027,fmcg,bevande,50,13.76,13.37,0.0295,0,0.9937,0.9809,960.6,8.18
P0027,fmcg,bevande,51,13.44,13.37,0.0051,0,1.0212,0.9904,1584.5,8.18
P0027,fmcg,bevande,52,12.03,13.37,-0.1,0,0.9473,1.0,1599.9,8.18
P0027,fmcg,bevande,53,12.8,13.37,-0.0425,0,0.929,1.0096,1324.7,8.18
P0027,fmcg,bevande,54,13.61,13.37,0.0182,0,0.9794,1.0191,1174.6,8.18
P0027,fmcg,bevande,55,13.49,13.37,0.0092,0,1.0021,1.0284,1327.7,8.18
P0027,fmcg,bevande,56,13.34,13.37,-0.0025,0,0.9483,1.0372,1219.6,8.18
P0027,fmcg,bevande,57,14.34,13.37,0.0723,0,0.9326,1.0454,1138.8,8.18
P0027,fmcg,bevande,58,13.23,13.37,-0.0106,0,1.0537,1.053,1319.4,8.18
P0027,fmcg,bevande,59,13.75,13.37,0.0285,0,1.0905,1.0599,1534.9,8.18
P0027,fmcg,bevande,60,13.25,13.37,-0.0089,0,0.9932,1.0658,1373.9,8.18
P0027,fmcg,bevande,61,12.39,13.37,-0.0734,1,0.9576,1.0708,2159.2,8.18
P0027,fmcg,bevande,62,13.35,13.37,-0.0016,0,0.9364,1.0748,1387.9,8.18
P0027,fmcg,bevande,63,12.33,13.37,-0.0779,1,0.9718,1.0777,2025.6,8.18
P0027,fmcg,bevande,64,13.64,13.37,0.02,0,1.0724,1.0794,1445.3,8.18
P0027,fmcg,bevande,65,14.24,13.37,0.065,0,0.9634,1.08,1136.3,8.18
P0027,fmcg,bevande,66,13.37,13.37,-0.0001,0,1.011,1.0794,1339.7,8.18
P0027,fmcg,bevande,67,14.13,13.37,0.0567,0,0.945,1.0777,1371.6,8.18
P0027,fmcg,bevande,68,12.63,13.37,-0.0553,0,0.9585,1.0748,1388.0,8.18
P0027,fmcg,bevande,69,13.2,13.37,-0.0128,0,0.9957,1.0708,1173.0,8.18
P0027,fmcg,bevande,70,13.4,13.37,0.0025,0,1.025,1.0658,1272.1,8.18
P0027,fmcg,bevande,71,14.27,13.37,0.0669,0,0.9042,1.0599,1265.2,8.18
P0027,fmcg,bevande,72,13.18,13.37,-0.0142,0,0.9681,1.053,1223.3,8.18
P0027,fmcg,bevande,73,12.17,13.37,-0.0899,0,0.9842,1.0454,1533.6,8.18
P0027,fmcg,bevande,74,14.08,13.37,0.053,0,0.9703,1.0372,1188.2,8.18
P0027,fmcg,bevande,75,11.89,13.37,-0.1109,1,1.0654,1.0284,2660.9,8.18
P0027,fmcg,bevande,76,13.88,13.37,0.0381,0,1.0858,1.0191,1265.7,8.18
P0027,fmcg,bevande,77,13.74,13.37,0.0277,0,1.0072,1.0096,1289.5,8.18
P0027,fmcg,bevande,78,13.51,13.37,0.0102,0,0.9228,1.0,1035.2,8.18
P0027,fmcg,bevande,79,12.85,13.37,-0.039,0,0.9996,0.9904,1370.6,8.18
P0027,fmcg,bevande,80,12.95,13.37,-0.0316,0,1.0449,0.9809,1305.1,8.18
P0027,fmcg,bevande,81,12.81,13.37,-0.0419,0,0.9911,0.9716,1515.8,8.18
P0027,fmcg,bevande,82,13.0,13.37,-0.0279,0,0.9727,0.9628,1143.1,8.18
P0027,fmcg,bevande,83,12.72,13.37,-0.049,0,0.9931,0.9546,1425.1,8.18
P0027,fmcg,bevande,84,13.33,13.37,-0.0032,0,0.989,0.947,1381.0,8.18
P0027,fmcg,bevande,85,13.1,13.37,-0.0201,0,0.9577,0.9401,1082.7,8.18
P0027,fmcg,bevande,86,13.31,13.37,-0.0047,0,1.0027,0.9342,1402.1,8.18
P0027,fmcg,bevande,87,12.6,13.37,-0.0576,0,1.0324,0.9292,1340.1,8.18
P0027,fmcg,bevande,88,13.52,13.37,0.0115,0,0.9137,0.9252,1384.7,8.18
P0027,fmcg,bevande,89,12.97,13.37,-0.0303,0,0.9707,0.9223,1008.9,8.18
P0027,fmcg,bevande,90,12.11,13.37,-0.0943,1,0.9337,0.9206,1887.7,8.18
P0027,fmcg,bevande,91,13.36,13.37,-0.001,0,0.9847,0.92,1241.1,8.18
P0027,fmcg,bevande,92,12.86,13.37,-0.0379,0,0.9674,0.9206,1207.1,8.18
P0027,fmcg,bevande,93,13.37,13.37,0.0003,0,1.0105,0.9223,981.5,8.18
P0027,fmcg,bevande,94,13.37,13.37,0.0001,0,1.1276,0.9252,1128.9,8.18
P0027,fmcg,bevande,95,14.69,13.37,0.099,0,1.0097,0.9292,968.8,8.18
P0027,fmcg,bevande,96,12.52,13.37,-0.0634,1,0.942,0.9342,1742.3,8.18
P0027,fmcg,bevande,97,13.28,13.37,-0.0066,0,0.9288,0.9401,1427.0,8.18
P0027,fmcg,bevande,98,12.8,13.37,-0.0425,0,1.0626,0.947,1220.3,8.18
P0027,fmcg,bevande,99,11.97,13.37,-0.1045,1,1.0237,0.9546,1394.6,8.18
P0027,fmcg,bevande,100,13.32,13.37,-0.0035,0,0.9835,0.9628,1221.7,8.18
P0027,fmcg,bevande,101,13.46,13.37,0.0067,0,0.9318,0.9716,1187.7,8.18
P0027,fmcg,bevande,102,13.74,13.37,0.0279,0,1.0537,0.9809,1088.4,8.18
P0027,fmcg,bevande,103,13.81,13.37,0.0331,0,0.9785,0.9904,1053.0,8.18
P0028,fmcg,alimentare_confezionato,0,5.04,4.99,0.0095,0,0.9631,1.0,1138.8,3.42
P0028,fmcg,alimentare_confezionato,1,4.83,4.99,-0.0315,0,1.0117,1.0096,1017.9,3.42
P0028,fmcg,alimentare_confezionato,2,5.16,4.99,0.0345,0,1.0059,1.0191,958.8,3.42
P0028,fmcg,alimentare_confezionato,3,4.69,4.99,-0.0593,0,1.0196,1.0284,1234.7,3.42
P0028,fmcg,alimentare_confezionato,4,4.45,4.99,-0.1091,1,0.9899,1.0372,1982.4,3.42
P0028,fmcg,alimentare_confezionato,5,5.03,4.99,0.0087,0,0.9844,1.0454,1092.0,3.42
P0028,fmcg,alimentare_confezionato,6,5.28,4.99,0.0577,0,1.1009,1.053,1025.6,3.42
P0028,fmcg,alimentare_confezionato,7,4.72,4.99,-0.0539,0,0.9289,1.0599,1184.0,3.42
P0028,fmcg,alimentare_confezionato,8,4.96,4.99,-0.0069,0,0.9179,1.0658,1257.8,3.42
P0028,fmcg,alimentare_confezionato,9,4.47,4.99,-0.1034,1,1.0543,1.0708,1828.2,3.42
P0028,fmcg,alimentare_confezionato,10,5.0,4.99,0.0025,0,1.1053,1.0748,1033.9,3.42
P0028,fmcg,alimentare_confezionato,11,5.18,4.99,0.0388,0,1.0587,1.0777,893.3,3.42
P0028,fmcg,alimentare_confezionato,12,4.9,4.99,-0.0176,0,1.0035,1.0794,1301.3,3.42
P0028,fmcg,alimentare_confezionato,13,5.18,4.99,0.0381,0,1.0051,1.08,1312.2,3.42
P0028,fmcg,alimentare_confezionato,14,4.97,4.99,-0.0034,0,1.0287,1.0794,1055.9,3.42
P0028,fmcg,alimentare_confezionato,15,4.57,4.99,-0.0846,1,0.9872,1.0777,1403.9,3.42
P0028,fmcg,alimentare_confezionato,16,4.63,4.99,-0.0723,0,0.9826,1.0748,1350.3,3.42
P0028,fmcg,alimentare_confezionato,17,4.92,4.99,-0.0144,0,0.9957,1.0708,1020.9,3.42
P0028,fmcg,alimentare_confezionato,18,5.0,4.99,0.002,0,0.955,1.0658,1105.9,3.42
P0028,fmcg,alimentare_confezionato,19,4.96,4.99,-0.0058,0,1.1211,1.0599,1068.0,3.42
P0028,fmcg,alimentare_confezionato,20,4.92,4.99,-0.0148,0,0.9515,1.053,1198.8,3.42
P0028,fmcg,alimentare_confezionato,21,4.89,4.99,-0.0199,0,0.9731,1.0454,986.7,3.42
P0028,fmcg,alimentare_confezionato,22,4.91,4.99,-0.0162,0,1.0437,1.0372,1117.5,3.42
P0028,fmcg,alimentare_confezionato,23,5.12,4.99,0.0263,0,1.0262,1.0284,1219.5,3.42
P0028,fmcg,alimentare_confezionato,24,4.5,4.99,-0.099,1,0.9994,1.0191,2013.3,3.42
P0028,fmcg,alimentare_confezionato,25,4.88,4.99,-0.0227,0,1.0294,1.0096,979.5,3.42
P0028,fmcg,alimentare_confezionato,26,5.06,4.99,0.0145,0,0.9905,1.0,1042.4,3.42
P0028,fmcg,alimentare_confezionato,27,5.02,4.99,0.0057,0,0.9769,0.9904,1390.0,3.42
P0028,fmcg,alimentare_confezionato,28,4.89,4.99,-0.0209,0,0.9311,0.9809,1221.8,3.42
P0028,fmcg,alimentare_confezionato,29,4.85,4.99,-0.0277,0,1.0168,0.9716,1138.6,3.42
P0028,fmcg,alimentare_confezionato,30,4.3,4.99,-0.1374,1,1.008,0.9628,1813.2,3.42
P0028,fmcg,alimentare_confezionato,31,4.69,4.99,-0.0595,1,1.0547,0.9546,1416.0,3.42
P0028,fmcg,alimentare_confezionato,32,4.96,4.99,-0.0051,0,1.0377,0.947,781.7,3.42
P0028,fmcg,alimentare_confezionato,33,5.15,4.99,0.0321,0,1.076,0.9401,753.2,3.42
P0028,fmcg,alimentare_confezionato,34,4.92,4.99,-0.014,0,0.987,0.9342,1014.0,3.42
P0028,fmcg,alimentare_confezionato,35,4.8,4.99,-0.0388,0,0.9849,0.9292,1018.6,3.42
P0028,fmcg,alimentare_confezionato,36,5.13,4.99,0.0276,0,0.9791,0.9252,829.3,3.42
P0028,fmcg,alimentare_confezionato,37,4.97,4.99,-0.0045,0,1.0419,0.9223,842.3,3.42
P0028,fmcg,alimentare_confezionato,38,4.94,4.99,-0.0108,0,1.003,0.9206,823.4,3.42
P0028,fmcg,alimentare_confezionato,39,5.02,4.99,0.0064,0,0.9621,0.92,768.1,3.42
P0028,fmcg,alimentare_confezionato,40,4.88,4.99,-0.0221,0,1.0575,0.9206,986.9,3.42
P0028,fmcg,alimentare_confezionato,41,4.95,4.99,-0.0074,0,0.8672,0.9223,828.0,3.42
P0028,fmcg,alimentare_confezionato,42,4.32,4.99,-0.1346,1,0.9105,0.9252,1669.8,3.42
P0028,fmcg,alimentare_confezionato,43,5.03,4.99,0.0082,0,0.999,0.9292,1005.0,3.42
P0028,fmcg,alimentare_confezionato,44,5.07,4.99,0.0161,0,1.043,0.9342,869.0,3.42
P0028,fmcg,alimentare_confezionato,45,5.08,4.99,0.0189,0,0.9391,0.9401,850.2,3.42
P0028,fmcg,alimentare_confezionato,46,5.12,4.99,0.0263,0,1.0244,0.947,971.3,3.42
P0028,fmcg,alimentare_confezionato,47,5.27,4.99,0.0556,0,0.9898,0.9546,976.8,3.42
P0028,fmcg,alimentare_confezionato,48,5.03,4.99,0.009,0,0.9718,0.9628,1018.3,3.42
P0028,fmcg,alimentare_confezionato,49,4.35,4.99,-0.1276,1,0.9471,0.9716,1718.1,3.42
P0028,fmcg,alimentare_confezionato,50,5.08,4.99,0.0173,0,1.0495,0.9809,965.9,3.42
P0028,fmcg,alimentare_confezionato,51,4.5,4.99,-0.0985,1,1.1306,0.9904,1977.6,3.42
P0028,fmcg,alimentare_confezionato,52,5.04,4.99,0.0097,0,0.8513,1.0,993.2,3.42
P0028,fmcg,alimentare_confezionato,53,4.96,4.99,-0.0064,0,0.977,1.0096,1003.5,3.42
P0028,fmcg,alimentare_confezionato,54,4.79,4.99,-0.0402,0,1.0594,1.0191,1133.6,3.42
P0028,fmcg,alimentare_confezionato,55,5.19,4.99,0.0394,0,0.9227,1.0284,881.6,3.42
P0028,fmcg,alimentare_confezionato,56,5.36,4.99,0.075,0,0.9657,1.0372,674.1,3.42
P0028,fmcg,alimentare_confezionato,57,4.51,4.99,-0.0969,1,1.0392,1.0454,2241.5,3.42
P0028,fmcg,alimentare_confezionato,58,5.02,4.99,0.0066,0,0.9554,1.053,1271.1,3.42
P0028,fmcg,alimentare_confezionato,59,4.88,4.99,-0.023,0,0.9791,1.0599,976.7,3.42
P0028,fmcg,alimentare_confezionato,60,4.95,4.99,-0.0082,0,1.0365,1.0658,1048.8,3.42
P0028,fmcg,alimentare_confezionato,61,4.67,4.99,-0.0632,1,1.0105,1.0708,1607.4,3.42
P0028,fmcg,alimentare_confezionato,62,4.91,4.99,-0.0164,0,1.0194,1.0748,1336.9,3.42
P0028,fmcg,alimentare_confezionato,63,5.01,4.99,0.0031,0,1.0479,1.0777,983.8,3.42
P0028,fmcg,alimentare_confezionato,64,4.98,4.99,-0.0013,0,0.9344,1.0794,1116.1,3.42
P0028,fmcg,alimentare_confezionato,65,5.09,4.99,0.0194,0,0.9407,1.08,1040.4,3.42
P0028,fmcg,alimentare_confezionato,66,5.35,4.99,0.0727,0,1.064,1.0794,793.2,3.42
P0028,fmcg,alimentare_confezionato,67,4.91,4.99,-0.0169,0,1.0142,1.0777,1035.6,3.42
P0028,fmcg,alimentare_confezionato,68,4.93,4.99,-0.0121,0,1.0361,1.0748,1158.5,3.42
P0028,fmcg,alimentare_confezionato,69,5.03,4.99,0.0076,0,1.0202,1.0708,1130.7,3.42
P0028,fmcg,alimentare_confezionato,70,5.0,4.99,0.0029,0,1.0872,1.0658,1086.9,3.42
P0028,fmcg,alimentare_confezionato,71,4.56,4.99,-0.0862,1,0.9891,1.0599,1593.6,3.42
P0028,fmcg,alimentare_confezionato,72,4.9,4.99,-0.0177,0,0.9927,1.053,1011.7,3.42
P0028,fmcg,alimentare_confezionato,73,4.57,4.99,-0.0849,1,0.9894,1.0454,1296.9,3.42
P0028,fmcg,alimentare_confezionato,74,5.01,4.99,0.0042,0,0.9503,1.0372,1137.2,3.42
P0028,fmcg,alimentare_confezionato,75,5.17,4.99,0.0366,0,0.9971,1.0284,722.6,3.42
P0028,fmcg,alimentare_confezionato,76,4.51,4.99,-0.0955,1,0.9722,1.0191,1516.3,3.42
P0028,fmcg,alimentare_confezionato,77,4.91,4.99,-0.017,0,0.9072,1.0096,1240.1,3.42
P0028,fmcg,alimentare_confezionato,78,4.86,4.99,-0.0256,0,0.9436,1.0,1182.6,3.42
P0028,fmcg,alimentare_confezionato,79,5.01,4.99,0.0047,0,0.9708,0.9904,928.1,3.42
P0028,fmcg,alimentare_confezionato,80,4.88,4.99,-0.0217,0,1.0004,0.9809,1076.8,3.42
P0028,fmcg,alimentare_confezionato,81,4.97,4.99,-0.0032,0,1.0444,0.9716,810.2,3.42
P0028,fmcg,alimentare_confezionato,82,4.28,4.99,-0.1421,1,0.9474,0.9628,1844.7,3.42
P0028,fmcg,alimentare_confezionato,83,4.78,4.99,-0.0426,0,1.0662,0.9546,1201.2,3.42
P0028,fmcg,alimentare_confezionato,84,4.73,4.99,-0.0516,0,1.0297,0.947,1056.1,3.42
P0028,fmcg,alimentare_confezionato,85,5.1,4.99,0.0216,0,1.015,0.9401,795.9,3.42
P0028,fmcg,alimentare_confezionato,86,4.77,4.99,-0.0447,0,1.0653,0.9342,1113.4,3.42
P0028,fmcg,alimentare_confezionato,87,4.65,4.99,-0.069,1,1.1121,0.9292,1368.1,3.42
P0028,fmcg,alimentare_confezionato,88,4.91,4.99,-0.0151,0,1.0043,0.9252,810.2,3.42
P0028,fmcg,alimentare_confezionato,89,4.37,4.99,-0.1242,1,1.0899,0.9223,1311.0,3.42
P0028,fmcg,alimentare_confezionato,90,5.21,4.99,0.0451,0,0.9879,0.9206,815.1,3.42
P0028,fmcg,alimentare_confezionato,91,4.83,4.99,-0.0326,0,0.9087,0.92,936.6,3.42
P0028,fmcg,alimentare_confezionato,92,5.01,4.99,0.0041,0,0.9606,0.9206,868.6,3.42
P0028,fmcg,alimentare_confezionato,93,4.98,4.99,-0.0017,0,0.9736,0.9223,823.5,3.42
P0028,fmcg,alimentare_confezionato,94,4.34,4.99,-0.1294,1,1.0064,0.9252,1538.9,3.42
P0028,fmcg,alimentare_confezionato,95,4.63,4.99,-0.0718,0,0.993,0.9292,1078.8,3.42
P0028,fmcg,alimentare_confezionato,96,4.34,4.99,-0.1297,1,0.9795,0.9342,1884.9,3.42
P0028,fmcg,alimentare_confezionato,97,4.83,4.99,-0.0325,0,0.9741,0.9401,972.5,3.42
P0028,fmcg,alimentare_confezionato,98,5.02,4.99,0.0051,0,1.0046,0.947,1006.9,3.42
P0028,fmcg,alimentare_confezionato,99,5.23,4.99,0.0477,0,0.9999,0.9546,773.5,3.42
P0028,fmcg,alimentare_confezionato,100,5.21,4.99,0.0431,0,0.9787,0.9628,979.8,3.42
P0028,fmcg,alimentare_confezionato,101,4.86,4.99,-0.0268,0,1.033,0.9716,946.1,3.42
P0028,fmcg,alimentare_confezionato,102,4.51,4.99,-0.0954,1,0.9563,0.9809,1580.3,3.42
P0028,fmcg,alimentare_confezionato,103,5.05,4.99,0.0122,0,1.0944,0.9904,927.8,3.42
P0029,fmcg,alimentare_confezionato,0,4.6,4.6,0.0009,0,1.0012,1.0,3722.8,3.19
P0029,fmcg,alimentare_confezionato,1,4.65,4.6,0.0117,0,0.9856,1.0096,3356.4,3.19
P0029,fmcg,alimentare_confezionato,2,4.62,4.6,0.0035,0,0.9886,1.0191,4518.5,3.19
P0029,fmcg,alimentare_confezionato,3,4.8,4.6,0.0445,0,0.956,1.0284,3636.1,3.19
P0029,fmcg,alimentare_confezionato,4,4.45,4.6,-0.0323,0,1.0657,1.0372,5311.3,3.19
P0029,fmcg,alimentare_confezionato,5,4.65,4.6,0.0117,0,1.0028,1.0454,4767.9,3.19
P0029,fmcg,alimentare_confezionato,6,4.66,4.6,0.0132,0,0.9636,1.053,2931.5,3.19
P0029,fmcg,alimentare_confezionato,7,4.9,4.6,0.0647,0,0.9672,1.0599,3847.4,3.19
P0029,fmcg,alimentare_confezionato,8,4.6,4.6,-0.0004,0,1.006,1.0658,3303.7,3.19
P0029,fmcg,alimentare_confezionato,9,4.13,4.6,-0.103,1,1.003,1.0708,6806.9,3.19
P0029,fmcg,alimentare_confezionato,10,4.95,4.6,0.0767,0,0.9785,1.0748,4194.1,3.19
P0029,fmcg,alimentare_confezionato,11,4.87,4.6,0.0593,0,0.9388,1.0777,3679.5,3.19
P0029,fmcg,alimentare_confezionato,12,4.62,4.6,0.0049,0,1.0611,1.0794,4250.7,3.19
P0029,fmcg,alimentare_confezionato,13,4.49,4.6,-0.0235,0,0.9589,1.08,4344.3,3.19
P0029,fmcg,alimentare_confezionato,14,4.57,4.6,-0.0065,0,0.9521,1.0794,4812.8,3.19
P0029,fmcg,alimentare_confezionato,15,4.83,4.6,0.0499,0,1.0006,1.0777,3969.3,3.19
P0029,fmcg,alimentare_confezionato,16,4.47,4.6,-0.0288,0,1.0184,1.0748,5507.2,3.19
P0029,fmcg,alimentare_confezionato,17,4.75,4.6,0.0315,0,1.0347,1.0708,3940.1,3.19
P0029,fmcg,alimentare_confezionato,18,4.69,4.6,0.0192,0,1.0382,1.0658,3302.8,3.19
P0029,fmcg,alimentare_confezionato,19,4.57,4.6,-0.0064,0,0.9804,1.0599,4780.5,3.19
P0029,fmcg,alimentare_confezionato,20,4.38,4.6,-0.0488,0,1.0398,1.053,3784.0,3.19
P0029,fmcg,alimentare_confezionato,21,4.22,4.6,-0.0833,1,1.0079,1.0454,6408.2,3.19
P0029,fmcg,alimentare_confezionato,22,4.38,4.6,-0.0485,0,0.9407,1.0372,4273.9,3.19
P0029,fmcg,alimentare_confezionato,23,4.65,4.6,0.0107,0,0.9769,1.0284,3904.8,3.19
P0029,fmcg,alimentare_confezionato,24,4.06,4.6,-0.1175,1,1.025,1.0191,6172.7,3.19
P0029,fmcg,alimentare_confezionato,25,4.26,4.6,-0.0739,1,0.8786,1.0096,6174.5,3.19
P0029,fmcg,alimentare_confezionato,26,4.69,4.6,0.0197,0,0.9357,1.0,3504.6,3.19
P0029,fmcg,alimentare_confezionato,27,4.72,4.6,0.0261,0,0.9297,0.9904,3179.9,3.19
P0029,fmcg,alimentare_confezionato,28,4.5,4.6,-0.022,0,0.9536,0.9809,4376.0,3.19
P0029,fmcg,alimentare_confezionato,29,4.23,4.6,-0.0803,1,1.0424,0.9716,5432.0,3.19
P0029,fmcg,alimentare_confezionato,30,4.5,4.6,-0.0227,0,1.0084,0.9628,3621.7,3.19
P0029,fmcg,alimentare_confezionato,31,4.7,4.6,0.021,0,1.0592,0.9546,3634.5,3.19
P0029,fmcg,alimentare_confezionato,32,4.49,4.6,-0.0247,0,0.9081,0.947,4154.1,3.19
P0029,fmcg,alimentare_confezionato,33,3.98,4.6,-0.1357,1,0.9115,0.9401,5584.2,3.19
P0029,fmcg,alimentare_confezionato,34,4.53,4.6,-0.0152,0,0.9803,0.9342,3719.6,3.19
P0029,fmcg,alimentare_confezionato,35,4.71,4.6,0.0237,0,0.9189,0.9292,3606.4,3.19
P0029,fmcg,alimentare_confezionato,36,4.58,4.6,-0.0034,0,0.9989,0.9252,3635.7,3.19
P0029,fmcg,alimentare_confezionato,37,4.57,4.6,-0.0064,0,1.0592,0.9223,3272.0,3.19
P0029,fmcg,alimentare_confezionato,38,4.59,4.6,-0.0022,0,0.9435,0.9206,2862.4,3.19
P0029,fmcg,alimentare_confezionato,39,4.83,4.6,0.0507,0,0.9981,0.92,3197.3,3.19
P0029,fmcg,alimentare_confezionato,40,4.67,4.6,0.0153,0,1.0047,0.9206,3124.4,3.19
P0029,fmcg,alimentare_confezionato,41,4.63,4.6,0.006,0,0.947,0.9223,3603.0,3.19
P0029,fmcg,alimentare_confezionato,42,4.56,4.6,-0.008,0,0.9566,0.9252,3508.9,3.19
P0029,fmcg,alimentare_confezionato,43,4.4,4.6,-0.0429,0,1.0289,0.9292,3599.2,3.19
P0029,fmcg,alimentare_confezionato,44,4.51,4.6,-0.0198,0,0.9716,0.9342,4464.1,3.19
P0029,fmcg,alimentare_confezionato,45,4.68,4.6,0.017,0,1.0866,0.9401,3738.2,3.19
P0029,fmcg,alimentare_confezionato,46,4.39,4.6,-0.0449,0,0.9624,0.947,4073.8,3.19
P0029,fmcg,alimentare_confezionato,47,4.4,4.6,-0.0445,0,0.9564,0.9546,3652.6,3.19
P0029,fmcg,alimentare_confezionato,48,4.3,4.6,-0.0649,1,0.9533,0.9628,4740.8,3.19
P0029,fmcg,alimentare_confezionato,49,4.7,4.6,0.0222,0,0.9979,0.9716,3158.5,3.19
P0029,fmcg,alimentare_confezionato,50,4.34,4.6,-0.0571,1,1.0148,0.9809,7355.0,3.19
P0029,fmcg,alimentare_confezionato,51,4.59,4.6,-0.0033,0,0.9668,0.9904,3230.8,3.19
P0029,fmcg,alimentare_confezionato,52,4.71,4.6,0.0238,0,0.9767,1.0,4173.0,3.19
P0029,fmcg,alimentare_confezionato,53,3.96,4.6,-0.1393,1,1.0148,1.0096,6600.9,3.19
P0029,fmcg,alimentare_confezionato,54,4.58,4.6,-0.0051,0,1.0421,1.0191,3690.6,3.19
P0029,fmcg,alimentare_confezionato,55,4.43,4.6,-0.0379,0,1.039,1.0284,4433.7,3.19
P0029,fmcg,alimentare_confezionato,56,4.56,4.6,-0.0078,0,1.0466,1.0372,3453.8,3.19
P0029,fmcg,alimentare_confezionato,57,4.59,4.6,-0.0024,0,1.1067,1.0454,3689.5,3.19
P0029,fmcg,alimentare_confezionato,58,4.64,4.6,0.0091,0,0.9705,1.053,4001.8,3.19
P0029,fmcg,alimentare_confezionato,59,4.54,4.6,-0.0125,0,0.9169,1.0599,4137.1,3.19
P0029,fmcg,alimentare_confezionato,60,4.61,4.6,0.002,0,1.0545,1.0658,4327.9,3.19
P0029,fmcg,alimentare_confezionato,61,4.5,4.6,-0.022,0,0.9757,1.0708,3591.3,3.19
P0029,fmcg,alimentare_confezionato,62,4.2,4.6,-0.0864,1,1.0858,1.0748,6682.9,3.19
P0029,fmcg,alimentare_confezionato,63,4.37,4.6,-0.0504,0,0.9897,1.0777,5080.9,3.19
P0029,fmcg,alimentare_confezionato,64,4.69,4.6,0.019,0,0.9909,1.0794,4289.4,3.19
P0029,fmcg,alimentare_confezionato,65,4.86,4.6,0.0561,0,0.9444,1.08,3993.9,3.19
P0029,fmcg,alimentare_confezionato,66,4.58,4.6,-0.0041,0,0.9879,1.0794,4273.9,3.19
P0029,fmcg,alimentare_confezionato,67,4.77,4.6,0.037,0,1.0704,1.0777,3929.5,3.19
P0029,fmcg,alimentare_confezionato,68,4.61,4.6,0.0033,0,1.0539,1.0748,4273.6,3.19
P0029,fmcg,alimentare_confezionato,69,3.98,4.6,-0.1343,1,1.0252,1.0708,7032.4,3.19
P0029,fmcg,alimentare_confezionato,70,4.74,4.6,0.0303,0,0.9988,1.0658,2662.3,3.19
P0029,fmcg,alimentare_confezionato,71,4.55,4.6,-0.0104,0,0.9588,1.0599,3608.2,3.19
P0029,fmcg,alimentare_confezionato,72,4.51,4.6,-0.0197,0,0.9631,1.053,3861.7,3.19
P0029,fmcg,alimentare_confezionato,73,4.19,4.6,-0.0882,1,1.041,1.0454,7012.2,3.19
P0029,fmcg,alimentare_confezionato,74,4.02,4.6,-0.1254,1,0.9934,1.0372,6764.8,3.19
P0029,fmcg,alimentare_confezionato,75,3.95,4.6,-0.1423,1,0.9787,1.0284,7670.1,3.19
P0029,fmcg,alimentare_confezionato,76,4.61,4.6,0.0024,0,0.9402,1.0191,3722.5,3.19
P0029,fmcg,alimentare_confezionato,77,4.61,4.6,0.0026,0,1.0128,1.0096,3696.5,3.19
P0029,fmcg,alimentare_confezionato,78,4.67,4.6,0.0146,0,1.0128,1.0,3187.6,3.19
P0029,fmcg,alimentare_confezionato,79,4.27,4.6,-0.0725,1,1.0789,0.9904,5405.8,3.19
P0029,fmcg,alimentare_confezionato,80,4.74,4.6,0.0307,0,0.9902,0.9809,3999.5,3.19
P0029,fmcg,alimentare_confezionato,81,4.23,4.6,-0.0813,1,1.0229,0.9716,7431.1,3.19
P0029,fmcg,alimentare_confezionato,82,4.94,4.6,0.0743,0,1.0384,0.9628,3657.7,3.19
P0029,fmcg,alimentare_confezionato,83,4.74,4.6,0.0296,0,1.0713,0.9546,2984.1,3.19
P0029,fmcg,alimentare_confezionato,84,4.26,4.6,-0.0749,0,0.9911,0.947,3896.9,3.19
P0029,fmcg,alimentare_confezionato,85,5.07,4.6,0.1023,0,1.0859,0.9401,2284.1,3.19
P0029,fmcg,alimentare_confezionato,86,4.73,4.6,0.028,0,0.9831,0.9342,3411.3,3.19
P0029,fmcg,alimentare_confezionato,87,4.38,4.6,-0.0471,0,0.9484,0.9292,4025.9,3.19
P0029,fmcg,alimentare_confezionato,88,4.49,4.6,-0.0248,0,0.9603,0.9252,3686.1,3.19
P0029,fmcg,alimentare_confezionato,89,4.59,4.6,-0.0027,0,1.0811,0.9223,3247.7,3.19
P0029,fmcg,alimentare_confezionato,90,4.54,4.6,-0.0124,0,1.0294,0.9206,3280.3,3.19
P0029,fmcg,alimentare_confezionato,91,4.33,4.6,-0.0592,0,1.0858,0.92,4062.3,3.19
P0029,fmcg,alimentare_confezionato,92,3.95,4.6,-0.1423,1,1.0429,0.9206,5677.8,3.19
P0029,fmcg,alimentare_confezionato,93,4.9,4.6,0.0654,0,0.9556,0.9223,3920.6,3.19
P0029,fmcg,alimentare_confezionato,94,4.53,4.6,-0.0152,0,0.9553,0.9252,3547.7,3.19
P0029,fmcg,alimentare_confezionato,95,4.53,4.6,-0.0145,0,0.9869,0.9292,3212.3,3.19
P0029,fmcg,alimentare_confezionato,96,4.56,4.6,-0.0077,0,0.9682,0.9342,3478.1,3.19
P0029,fmcg,alimentare_confezionato,97,4.61,4.6,0.0026,0,0.965,0.9401,3610.2,3.19
P0029,fmcg,alimentare_confezionato,98,4.02,4.6,-0.126,1,0.9856,0.947,6549.0,3.19
P0029,fmcg,alimentare_confezionato,99,4.56,4.6,-0.008,0,1.0338,0.9546,3288.5,3.19
P0029,fmcg,alimentare_confezionato,100,4.56,4.6,-0.0088,0,1.0749,0.9628,3811.2,3.19
P0029,fmcg,alimentare_confezionato,101,4.85,4.6,0.054,0,0.9857,0.9716,4290.7,3.19
P0029,fmcg,alimentare_confezionato,102,4.08,4.6,-0.1131,1,0.9917,0.9809,5940.3,3.19
P0029,fmcg,alimentare_confezionato,103,5.02,4.6,0.0911,0,1.0159,0.9904,3181.7,3.19
P0030,fmcg,cura_persona,0,5.79,5.91,-0.0202,0,1.0513,1.0,2095.1,4.04
P0030,fmcg,cura_persona,1,5.64,5.91,-0.0448,0,0.9876,1.0096,3146.6,4.04
P0030,fmcg,cura_persona,2,6.0,5.91,0.0146,0,1.0014,1.0191,2911.7,4.04
P0030,fmcg,cura_persona,3,6.06,5.91,0.0258,0,0.9901,1.0284,2769.2,4.04
P0030,fmcg,cura_persona,4,5.92,5.91,0.0009,0,0.9949,1.0372,2290.0,4.04
P0030,fmcg,cura_persona,5,5.79,5.91,-0.0203,0,1.0065,1.0454,2446.0,4.04
P0030,fmcg,cura_persona,6,5.52,5.91,-0.066,0,0.9815,1.053,3251.0,4.04
P0030,fmcg,cura_persona,7,5.89,5.91,-0.003,0,1.0122,1.0599,2402.0,4.04
P0030,fmcg,cura_persona,8,6.34,5.91,0.0724,0,1.0082,1.0658,3303.8,4.04
P0030,fmcg,cura_persona,9,5.65,5.91,-0.0438,0,0.9645,1.0708,2760.0,4.04
P0030,fmcg,cura_persona,10,5.85,5.91,-0.0098,0,0.957,1.0748,2437.5,4.04
P0030,fmcg,cura_persona,11,5.09,5.91,-0.1392,1,0.9757,1.0777,3274.0,4.04
P0030,fmcg,cura_persona,12,6.27,5.91,0.0602,0,1.0344,1.0794,2508.9,4.04
P0030,fmcg,cura_persona,13,6.32,5.91,0.0685,0,0.9982,1.08,2459.7,4.04
P0030,fmcg,cura_persona,14,5.85,5.91,-0.01,0,0.9257,1.0794,2280.5,4.04
P0030,fmcg,cura_persona,15,6.13,5.91,0.038,0,0.9219,1.0777,3230.6,4.04
P0030,fmcg,cura_persona,16,6.27,5.91,0.0608,0,0.9817,1.0748,2052.5,4.04
P0030,fmcg,cura_persona,17,6.2,5.91,0.0491,0,0.9547,1.0708,2406.9,4.04
P0030,fmcg,cura_persona,18,5.89,5.91,-0.0042,0,1.0054,1.0658,2561.8,4.04
P0030,fmcg,cura_persona,19,5.79,5.91,-0.0203,0,1.0352,1.0599,2648.3,4.04
P0030,fmcg,cura_persona,20,5.72,5.91,-0.0326,0,0.9695,1.053,3249.1,4.04
P0030,fmcg,cura_persona,21,6.06,5.91,0.0252,0,1.0024,1.0454,2596.4,4.04
P0030,fmcg,cura_persona,22,5.84,5.91,-0.0123,0,0.9997,1.0372,2469.5,4.04
P0030,fmcg,cura_persona,23,5.35,5.91,-0.0947,1,1.1086,1.0284,3783.2,4.04
P0030,fmcg,cura_persona,24,6.15,5.91,0.0407,0,0.9898,1.0191,3067.1,4.04
P0030,fmcg,cura_persona,25,5.81,5.91,-0.0177,0,1.0361,1.0096,2400.3,4.04
P0030,fmcg,cura_persona,26,6.05,5.91,0.0237,0,1.0557,1.0,2690.6,4.04
P0030,fmcg,cura_persona,27,5.53,5.91,-0.0638,1,0.9817,0.9904,2778.3,4.04
P0030,fmcg,cura_persona,28,6.21,5.91,0.0516,0,0.9962,0.9809,2330.9,4.04
P0030,fmcg,cura_persona,29,5.82,5.91,-0.0158,0,0.9606,0.9716,2618.3,4.04
P0030,fmcg,cura_persona,30,6.0,5.91,0.0152,0,1.017,0.9628,2235.3,4.04
P0030,fmcg,cura_persona,31,5.59,5.91,-0.0541,0,1.1513,0.9546,3060.1,4.04
P0030,fmcg,cura_persona,32,5.77,5.91,-0.0236,0,1.0005,0.947,2209.9,4.04
P0030,fmcg,cura_persona,33,5.05,5.91,-0.1447,1,1.0663,0.9401,3991.0,4.04
P0030,fmcg,cura_persona,34,5.84,5.91,-0.011,0,1.0375,0.9342,2207.0,4.04
P0030,fmcg,cura_persona,35,5.99,5.91,0.0141,0,1.0195,0.9292,2344.1,4.04
P0030,fmcg,cura_persona,36,5.8,5.91,-0.0193,0,0.9433,0.9252,1962.7,4.04
P0030,fmcg,cura_persona,37,6.08,5.91,0.0286,0,0.931,0.9223,2288.4,4.04
P0030,fmcg,cura_persona,38,5.53,5.91,-0.0643,0,0.9865,0.9206,3055.0,4.04
P0030,fmcg,cura_persona,39,5.52,5.91,-0.0655,0,1.0329,0.92,2294.6,4.04
P0030,fmcg,cura_persona,40,5.77,5.91,-0.0242,0,0.9973,0.9206,2222.9,4.04
P0030,fmcg,cura_persona,41,5.79,5.91,-0.0199,0,0.9888,0.9223,2050.9,4.04
P0030,fmcg,cura_persona,42,5.95,5.91,0.0061,0,0.9192,0.9252,2577.3,4.04
P0030,fmcg,cura_persona,43,5.94,5.91,0.0057,0,1.0382,0.9292,2391.4,4.04
P0030,fmcg,cura_persona,44,5.85,5.91,-0.0103,0,1.0517,0.9342,2396.2,4.04
P0030,fmcg,cura_persona,45,5.04,5.91,-0.1477,1,1.062,0.9401,3952.5,4.04
P0030,fmcg,cura_persona,46,5.78,5.91,-0.0224,0,0.9975,0.947,2221.1,4.04
P0030,fmcg,cura_persona,47,5.47,5.91,-0.0745,0,0.9225,0.9546,3347.9,4.04
P0030,fmcg,cura_persona,48,6.3,5.91,0.0666,0,1.0202,0.9628,2189.6,4.04
P0030,fmcg,cura_persona,49,5.32,5.91,-0.1,1,1.0946,0.9716,4199.9,4.04
P0030,fmcg,cura_persona,50,5.67,5.91,-0.0402,0,0.9521,0.9809,2331.5,4.04
P0030,fmcg,cura_persona,51,6.25,5.91,0.0571,0,1.0098,0.9904,2211.0,4.04
P0030,fmcg,cura_persona,52,5.07,5.91,-0.1424,1,1.0026,1.0,4042.1,4.04
P0030,fmcg,cura_persona,53,5.78,5.91,-0.0223,0,0.9643,1.0096,3074.3,4.04
P0030,fmcg,cura_persona,54,5.93,5.91,0.004,0,0.9866,1.0191,2351.7,4.04
P0030,fmcg,cura_persona,55,5.34,5.91,-0.0966,1,0.9951,1.0284,3855.7,4.04
P0030,fmcg,cura_persona,56,5.87,5.91,-0.0066,0,0.9907,1.0372,2511.2,4.04
P0030,fmcg,cura_persona,57,6.07,5.91,0.0267,0,0.9115,1.0454,3039.8,4.04
P0030,fmcg,cura_persona,58,6.04,5.91,0.0214,0,1.0363,1.053,2344.5,4.04
P0030,fmcg,cura_persona,59,5.7,5.91,-0.0361,0,0.9876,1.0599,3017.9,4.04
P0030,fmcg,cura_persona,60,6.04,5.91,0.0213,0,0.8816,1.0658,2466.8,4.04
P0030,fmcg,cura_persona,61,5.87,5.91,-0.006,0,0.9585,1.0708,2487.1,4.04
P0030,fmcg,cura_persona,62,5.7,5.91,-0.0354,0,1.0529,1.0748,2621.5,4.04
P0030,fmcg,cura_persona,63,5.43,5.91,-0.0816,0,0.9185,1.0777,3471.2,4.04
P0030,fmcg,cura_persona,64,5.64,5.91,-0.0454,0,0.9685,1.0794,2852.8,4.04
P0030,fmcg,cura_persona,65,5.5,5.91,-0.0701,0,0.992,1.08,3177.3,4.04
P0030,fmcg,cura_persona,66,6.09,5.91,0.0306,0,0.9223,1.0794,2603.0,4.04
P0030,fmcg,cura_persona,67,5.47,5.91,-0.0738,1,0.9894,1.0777,3436.2,4.04
P0030,fmcg,cura_persona,68,6.15,5.91,0.0407,0,1.0165,1.0748,2126.4,4.04
P0030,fmcg,cura_persona,69,5.82,5.91,-0.0157,0,0.9791,1.0708,2486.2,4.04
P0030,fmcg,cura_persona,70,5.74,5.91,-0.028,0,0.9452,1.0658,3161.0,4.04
P0030,fmcg,cura_persona,71,5.88,5.91,-0.0052,0,1.0346,1.0599,2455.7,4.04
P0030,fmcg,cura_persona,72,5.97,5.91,0.0107,0,0.9229,1.053,2657.9,4.04
P0030,fmcg,cura_persona,73,6.09,5.91,0.0299,0,1.0273,1.0454,2633.7,4.04
P0030,fmcg,cura_persona,74,5.89,5.91,-0.0036,0,0.9411,1.0372,2586.7,4.04
P0030,fmcg,cura_persona,75,5.59,5.91,-0.0539,0,1.0595,1.0284,2885.2,4.04
P0030,fmcg,cura_persona,76,5.72,5.91,-0.0318,0,0.9458,1.0191,2717.0,4.04
P0030,fmcg,cura_persona,77,6.23,5.91,0.0541,0,0.9908,1.0096,2362.9,4.04
P0030,fmcg,cura_persona,78,5.84,5.91,-0.0126,0,1.0088,1.0,2424.6,4.04
P0030,fmcg,cura_persona,79,5.98,5.91,0.0114,0,1.0757,0.9904,2474.5,4.04
P0030,fmcg,cura_persona,80,6.04,5.91,0.0218,0,1.0542,0.9809,2208.5,4.04
P0030,fmcg,cura_persona,81,5.87,5.91,-0.0071,0,1.0273,0.9716,2689.3,4.04
P0030,fmcg,cura_persona,82,5.48,5.91,-0.0722,1,0.9718,0.9628,3687.0,4.04
P0030,fmcg,cura_persona,83,6.05,5.91,0.0237,0,1.0067,0.9546,2512.7,4.04
P0030,fmcg,cura_persona,84,5.95,5.91,0.0069,0,1.015,0.947,1994.2,4.04
P0030,fmcg,cura_persona,85,5.65,5.91,-0.0437,0,0.9786,0.9401,2499.4,4.04
P0030,fmcg,cura_persona,86,5.32,5.91,-0.099,1,1.0033,0.9342,3031.2,4.04
P0030,fmcg,cura_persona,87,5.75,5.91,-0.0267,0,1.1144,0.9292,2370.2,4.04
P0030,fmcg,cura_persona,88,5.54,5.91,-0.0633,1,0.9414,0.9252,2795.2,4.04
P0030,fmcg,cura_persona,89,5.08,5.91,-0.1403,1,0.9318,0.9223,3894.8,4.04
P0030,fmcg,cura_persona,90,6.05,5.91,0.0229,0,1.0468,0.9206,2301.5,4.04
P0030,fmcg,cura_persona,91,5.55,5.91,-0.0604,0,0.9591,0.92,2416.5,4.04
P0030,fmcg,cura_persona,92,6.28,5.91,0.0629,0,1.0644,0.9206,1923.5,4.04
P0030,fmcg,cura_persona,93,5.74,5.91,-0.029,0,0.9608,0.9223,2860.4,4.04
P0030,fmcg,cura_persona,94,5.89,5.91,-0.0039,0,1.0387,0.9252,1899.0,4.04
P0030,fmcg,cura_persona,95,5.68,5.91,-0.0384,0,0.9853,0.9292,2274.6,4.04
P0030,fmcg,cura_persona,96,5.96,5.91,0.0079,0,1.0111,0.9342,2244.6,4.04
P0030,fmcg,cura_persona,97,5.42,5.91,-0.0823,1,1.0341,0.9401,3204.3,4.04
P0030,fmcg,cura_persona,98,5.75,5.91,-0.0278,0,0.9879,0.947,3068.0,4.04
P0030,fmcg,cura_persona,99,5.67,5.91,-0.0401,0,1.0459,0.9546,2374.5,4.04
P0030,fmcg,cura_persona,100,5.78,5.91,-0.0212,0,1.064,0.9628,2300.8,4.04
P0030,fmcg,cura_persona,101,5.69,5.91,-0.0367,0,0.9854,0.9716,3011.8,4.04
P0030,fmcg,cura_persona,102,6.38,5.91,0.0795,0,0.9865,0.9809,2277.6,4.04
P0030,fmcg,cura_persona,103,5.6,5.91,-0.053,0,0.9181,0.9904,2413.0,4.04
P0031,fmcg,alimentare_confezionato,0,8.29,9.22,-0.1011,1,1.0299,1.0,4979.8,5.26
P0031,fmcg,alimentare_confezionato,1,8.02,9.22,-0.1302,1,1.0182,1.0096,5889.1,5.26
P0031,fmcg,alimentare_confezionato,2,9.07,9.22,-0.0161,0,0.9428,1.0191,3034.1,5.26
P0031,fmcg,alimentare_confezionato,3,9.28,9.22,0.0061,0,0.8932,1.0284,3069.1,5.26
P0031,fmcg,alimentare_confezionato,4,9.4,9.22,0.0192,0,1.0813,1.0372,3176.5,5.26
P0031,fmcg,alimentare_confezionato,5,8.63,9.22,-0.0636,0,1.0344,1.0454,3277.1,5.26
P0031,fmcg,alimentare_confezionato,6,9.67,9.22,0.0489,0,0.9228,1.053,3203.7,5.26
P0031,fmcg,alimentare_confezionato,7,9.55,9.22,0.0357,0,0.8952,1.0599,2785.2,5.26
P0031,fmcg,alimentare_confezionato,8,9.39,9.22,0.0183,0,1.0207,1.0658,2312.8,5.26
P0031,fmcg,alimentare_confezionato,9,9.48,9.22,0.028,0,1.0074,1.0708,3214.6,5.26
P0031,fmcg,alimentare_confezionato,10,8.88,9.22,-0.0371,0,0.9991,1.0748,3581.3,5.26
P0031,fmcg,alimentare_confezionato,11,8.22,9.22,-0.1086,1,1.0043,1.0777,5831.3,5.26
P0031,fmcg,alimentare_confezionato,12,8.75,9.22,-0.0505,0,1.0239,1.0794,3720.4,5.26
P0031,fmcg,alimentare_confezionato,13,8.81,9.22,-0.0443,0,1.0895,1.08,3946.4,5.26
P0031,fmcg,alimentare_confezionato,14,9.54,9.22,0.0343,0,0.9856,1.0794,2815.3,5.26
P0031,fmcg,alimentare_confezionato,15,8.03,9.22,-0.1291,1,1.1131,1.0777,4950.0,5.26
P0031,fmcg,alimentare_confezionato,16,9.16,9.22,-0.0065,0,1.079,1.0748,3083.2,5.26
P0031,fmcg,alimentare_confezionato,17,8.25,9.22,-0.1054,1,1.0331,1.0708,5761.1,5.26
P0031,fmcg,alimentare_confezionato,18,9.25,9.22,0.003,0,1.0624,1.0658,3017.6,5.26
P0031,fmcg,alimentare_confezionato,19,9.15,9.22,-0.0077,0,1.0103,1.0599,3361.8,5.26
P0031,fmcg,alimentare_confezionato,20,9.14,9.22,-0.0091,0,1.0072,1.053,3274.4,5.26
P0031,fmcg,alimentare_confezionato,21,9.55,9.22,0.0353,0,1.0145,1.0454,2778.8,5.26
P0031,fmcg,alimentare_confezionato,22,9.86,9.22,0.0691,0,0.9495,1.0372,2894.0,5.26
P0031,fmcg,alimentare_confezionato,23,9.12,9.22,-0.0109,0,0.9499,1.0284,2955.7,5.26
P0031,fmcg,alimentare_confezionato,24,8.99,9.22,-0.0248,0,1.0664,1.0191,3296.6,5.26
P0031,fmcg,alimentare_confezionato,25,9.25,9.22,0.0037,0,1.0334,1.0096,2980.8,5.26
P0031,fmcg,alimentare_confezionato,26,8.81,9.22,-0.0445,0,1.0586,1.0,3353.3,5.26
P0031,fmcg,alimentare_confezionato,27,9.0,9.22,-0.0243,0,0.9386,0.9904,2622.9,5.26
P0031,fmcg,alimentare_confezionato,28,8.22,9.22,-0.1084,1,0.9519,0.9809,3862.9,5.26
P0031,fmcg,alimentare_confezionato,29,9.1,9.22,-0.0135,0,0.9827,0.9716,3035.2,5.26
P0031,fmcg,alimentare_confezionato,30,8.52,9.22,-0.0764,1,1.1003,0.9628,3530.2,5.26
P0031,fmcg,alimentare_confezionato,31,9.45,9.22,0.0244,0,0.9773,0.9546,3141.3,5.26
P0031,fmcg,alimentare_confezionato,32,9.73,9.22,0.0553,0,1.0521,0.947,3029.1,5.26
P0031,fmcg,alimentare_confezionato,33,9.19,9.22,-0.0034,0,0.9847,0.9401,2445.3,5.26
P0031,fmcg,alimentare_confezionato,34,9.46,9.22,0.0261,0,0.9827,0.9342,3233.2,5.26
P0031,fmcg,alimentare_confezionato,35,8.63,9.22,-0.0643,0,1.0504,0.9292,2776.6,5.26
P0031,fmcg,alimentare_confezionato,36,9.29,9.22,0.0072,0,1.0193,0.9252,3132.8,5.26
P0031,fmcg,alimentare_confezionato,37,9.4,9.22,0.0192,0,0.9605,0.9223,2861.4,5.26
P0031,fmcg,alimentare_confezionato,38,9.72,9.22,0.0547,0,0.9299,0.9206,2489.6,5.26
P0031,fmcg,alimentare_confezionato,39,8.57,9.22,-0.0706,1,1.0007,0.92,3805.0,5.26
P0031,fmcg,alimentare_confezionato,40,9.29,9.22,0.0079,0,0.9769,0.9206,2767.1,5.26
P0031,fmcg,alimentare_confezionato,41,9.51,9.22,0.0318,0,0.9431,0.9223,2490.9,5.26
P0031,fmcg,alimentare_confezionato,42,9.33,9.22,0.0124,0,0.9475,0.9252,3067.9,5.26
P0031,fmcg,alimentare_confezionato,43,9.64,9.22,0.0456,0,1.0265,0.9292,2321.9,5.26
P0031,fmcg,alimentare_confezionato,44,9.04,9.22,-0.0191,0,1.008,0.9342,2921.6,5.26
P0031,fmcg,alimentare_confezionato,45,8.77,9.22,-0.0488,0,1.0275,0.9401,3292.4,5.26
P0031,fmcg,alimentare_confezionato,46,9.31,9.22,0.0095,0,0.9691,0.947,2949.0,5.26
P0031,fmcg,alimentare_confezionato,47,8.57,9.22,-0.0704,1,1.1269,0.9546,4841.5,5.26
P0031,fmcg,alimentare_confezionato,48,9.05,9.22,-0.0183,0,0.857,0.9628,3503.0,5.26
P0031,fmcg,alimentare_confezionato,49,8.23,9.22,-0.1077,1,0.9284,0.9716,4006.0,5.26
P0031,fmcg,alimentare_confezionato,50,9.19,9.22,-0.0031,0,1.0346,0.9809,3086.8,5.26
P0031,fmcg,alimentare_confezionato,51,9.34,9.22,0.0129,0,1.0414,0.9904,2333.5,5.26
P0031,fmcg,alimentare_confezionato,52,9.1,9.22,-0.0128,0,1.054,1.0,3970.6,5.26
P0031,fmcg,alimentare_confezionato,53,8.49,9.22,-0.0792,1,0.9023,1.0096,5016.7,5.26
P0031,fmcg,alimentare_confezionato,54,10.17,9.22,0.1035,0,0.963,1.0191,3221.3,5.26
P0031,fmcg,alimentare_confezionato,55,8.89,9.22,-0.036,0,1.0116,1.0284,3728.1,5.26
P0031,fmcg,alimentare_confezionato,56,9.49,9.22,0.0293,0,1.0408,1.0372,3278.9,5.26
P0031,fmcg,alimentare_confezionato,57,8.84,9.22,-0.0411,0,0.9962,1.0454,3562.2,5.26
P0031,fmcg,alimentare_confezionato,58,9.27,9.22,0.0059,0,0.9952,1.053,2762.7,5.26
P0031,fmcg,alimentare_confezionato,59,9.12,9.22,-0.0109,0,1.0965,1.0599,3436.8,5.26
P0031,fmcg,alimentare_confezionato,60,9.18,9.22,-0.0041,0,0.9063,1.0658,3605.0,5.26
P0031,fmcg,alimentare_confezionato,61,9.11,9.22,-0.0117,0,0.9474,1.0708,3416.5,5.26
P0031,fmcg,alimentare_confezionato,62,9.52,9.22,0.0326,0,1.0793,1.0748,3870.0,5.26
P0031,fmcg,alimentare_confezionato,63,8.83,9.22,-0.0418,0,0.9096,1.0777,3883.2,5.26
P0031,fmcg,alimentare_confezionato,64,9.06,9.22,-0.0171,0,0.9892,1.0794,3609.0,5.26
P0031,fmcg,alimentare_confezionato,65,8.81,9.22,-0.0441,0,1.0001,1.08,4183.0,5.26
P0031,fmcg,alimentare_confezionato,66,8.96,9.22,-0.0277,0,0.8926,1.0794,3939.2,5.26
P0031,fmcg,alimentare_confezionato,67,8.85,9.22,-0.0402,0,0.9142,1.0777,3019.7,5.26
P0031,fmcg,alimentare_confezionato,68,9.14,9.22,-0.0084,0,0.9396,1.0748,3455.0,5.26
P0031,fmcg,alimentare_confezionato,69,8.5,9.22,-0.0778,1,0.9148,1.0708,4877.7,5.26
P0031,fmcg,alimentare_confezionato,70,8.89,9.22,-0.0361,0,1.0048,1.0658,3863.7,5.26
P0031,fmcg,alimentare_confezionato,71,8.47,9.22,-0.0812,1,0.8911,1.0599,4307.9,5.26
P0031,fmcg,alimentare_confezionato,72,9.51,9.22,0.0319,0,1.027,1.053,3577.6,5.26
P0031,fmcg,alimentare_confezionato,73,9.48,9.22,0.0278,0,1.0532,1.0454,2850.2,5.26
P0031,fmcg,alimentare_confezionato,74,8.32,9.22,-0.0978,1,0.8904,1.0372,5043.1,5.26
P0031,fmcg,alimentare_confezionato,75,8.27,9.22,-0.1035,1,1.0274,1.0284,4495.9,5.26
P0031,fmcg,alimentare_confezionato,76,9.52,9.22,0.0329,0,0.9586,1.0191,2927.3,5.26
P0031,fmcg,alimentare_confezionato,77,9.1,9.22,-0.0127,0,0.9833,1.0096,3213.2,5.26
P0031,fmcg,alimentare_confezionato,78,8.5,9.22,-0.0781,0,1.012,1.0,2817.2,5.26
P0031,fmcg,alimentare_confezionato,79,8.65,9.22,-0.062,0,0.9176,0.9904,3615.4,5.26
P0031,fmcg,alimentare_confezionato,80,8.67,9.22,-0.0595,1,0.9342,0.9809,3912.3,5.26
P0031,fmcg,alimentare_confezionato,81,9.2,9.22,-0.0018,0,1.0411,0.9716,3390.0,5.26
P0031,fmcg,alimentare_confezionato,82,8.62,9.22,-0.0648,0,0.9622,0.9628,3318.3,5.26
P0031,fmcg,alimentare_confezionato,83,8.88,9.22,-0.0369,0,1.0035,0.9546,4229.9,5.26
P0031,fmcg,alimentare_confezionato,84,9.22,9.22,-0.0001,0,0.9344,0.947,3405.7,5.26
P0031,fmcg,alimentare_confezionato,85,9.48,9.22,0.0282,0,1.068,0.9401,2633.6,5.26
P0031,fmcg,alimentare_confezionato,86,9.77,9.22,0.0598,0,1.0316,0.9342,2000.5,5.26
P0031,fmcg,alimentare_confezionato,87,9.03,9.22,-0.0204,0,1.0449,0.9292,3134.4,5.26
P0031,fmcg,alimentare_confezionato,88,9.31,9.22,0.0094,0,1.0105,0.9252,2944.3,5.26
P0031,fmcg,alimentare_confezionato,89,9.7,9.22,0.0524,0,1.0207,0.9223,2617.5,5.26
P0031,fmcg,alimentare_confezionato,90,9.94,9.22,0.0785,0,1.0458,0.9206,2557.3,5.26
P0031,fmcg,alimentare_confezionato,91,9.3,9.22,0.009,0,1.0009,0.92,3637.3,5.26
P0031,fmcg,alimentare_confezionato,92,9.59,9.22,0.0404,0,0.9937,0.9206,2225.8,5.26
P0031,fmcg,alimentare_confezionato,93,9.04,9.22,-0.0191,0,1.0289,0.9223,2988.7,5.26
P0031,fmcg,alimentare_confezionato,94,9.69,9.22,0.0515,0,1.0545,0.9252,3172.1,5.26
P0031,fmcg,alimentare_confezionato,95,8.42,9.22,-0.0872,1,1.0352,0.9292,3943.9,5.26
P0031,fmcg,alimentare_confezionato,96,9.16,9.22,-0.0061,0,0.9269,0.9342,2970.3,5.26
P0031,fmcg,alimentare_confezionato,97,8.2,9.22,-0.1108,1,1.0182,0.9401,5219.2,5.26
P0031,fmcg,alimentare_confezionato,98,9.11,9.22,-0.0118,0,0.9617,0.947,2711.2,5.26
P0031,fmcg,alimentare_confezionato,99,9.16,9.22,-0.0069,0,1.0293,0.9546,3110.3,5.26
P0031,fmcg,alimentare_confezionato,100,9.64,9.22,0.0453,0,1.0472,0.9628,2474.9,5.26
P0031,fmcg,alimentare_confezionato,101,9.33,9.22,0.0114,0,0.9922,0.9716,3079.1,5.26
P0031,fmcg,alimentare_confezionato,102,9.4,9.22,0.0191,0,1.0094,0.9809,2821.7,5.26
P0031,fmcg,alimentare_confezionato,103,9.39,9.22,0.0185,0,0.9813,0.9904,3260.6,5.26
P0032,fmcg,bevande,0,11.44,12.46,-0.0822,1,1.0511,1.0,3561.6,8.81
P0032,fmcg,bevande,1,12.4,12.46,-0.0048,0,1.0842,1.0096,2247.1,8.81
P0032,fmcg,bevande,2,11.92,12.46,-0.0433,0,1.0363,1.0191,2463.0,8.81
P0032,fmcg,bevande,3,12.23,12.46,-0.0181,0,1.0031,1.0284,2195.1,8.81
P0032,fmcg,bevande,4,12.66,12.46,0.016,0,0.8943,1.0372,2690.2,8.81
P0032,fmcg,bevande,5,11.54,12.46,-0.0739,1,1.065,1.0454,3567.3,8.81
P0032,fmcg,bevande,6,12.26,12.46,-0.016,0,0.8818,1.053,2577.4,8.81
P0032,fmcg,bevande,7,12.69,12.46,0.0187,0,0.9742,1.0599,2569.6,8.81
P0032,fmcg,bevande,8,12.42,12.46,-0.003,0,1.1313,1.0658,2421.1,8.81
P0032,fmcg,bevande,9,12.79,12.46,0.0267,0,0.965,1.0708,2340.8,8.81
P0032,fmcg,bevande,10,11.35,12.46,-0.0889,1,1.0509,1.0748,3847.3,8.81
P0032,fmcg,bevande,11,11.75,12.46,-0.0573,0,1.0328,1.0777,2963.6,8.81
P0032,fmcg,bevande,12,12.62,12.46,0.0126,0,0.9795,1.0794,2367.1,8.81
P0032,fmcg,bevande,13,12.26,12.46,-0.0162,0,1.109,1.08,2978.8,8.81
P0032,fmcg,bevande,14,13.35,12.46,0.0713,0,0.9784,1.0794,2318.9,8.81
P0032,fmcg,bevande,15,11.6,12.46,-0.0689,0,0.9881,1.0777,2729.7,8.81
P0032,fmcg,bevande,16,12.62,12.46,0.013,0,0.9961,1.0748,2491.8,8.81
P0032,fmcg,bevande,17,12.59,12.46,0.0106,0,1.0021,1.0708,2575.2,8.81
P0032,fmcg,bevande,18,12.54,12.46,0.006,0,0.9743,1.0658,2017.7,8.81
P0032,fmcg,bevande,19,12.26,12.46,-0.0163,0,0.9946,1.0599,2451.7,8.81
P0032,fmcg,bevande,20,12.21,12.46,-0.0199,0,0.9543,1.053,2819.7,8.81
P0032,fmcg,bevande,21,11.98,12.46,-0.0388,0,1.0122,1.0454,2138.5,8.81
P0032,fmcg,bevande,22,11.84,12.46,-0.05,1,1.0025,1.0372,3168.3,8.81
P0032,fmcg,bevande,23,12.12,12.46,-0.0273,0,0.9592,1.0284,2602.5,8.81
P0032,fmcg,bevande,24,12.12,12.46,-0.0275,0,1.0993,1.0191,2488.5,8.81
P0032,fmcg,bevande,25,12.28,12.46,-0.0141,0,1.022,1.0096,2884.0,8.81
P0032,fmcg,bevande,26,12.13,12.46,-0.0267,0,1.055,1.0,2688.9,8.81
P0032,fmcg,bevande,27,12.42,12.46,-0.0032,0,0.9906,0.9904,2679.2,8.81
P0032,fmcg,bevande,28,13.14,12.46,0.0548,0,1.0099,0.9809,2127.9,8.81
P0032,fmcg,bevande,29,11.76,12.46,-0.0564,0,0.9803,0.9716,2258.4,8.81
P0032,fmcg,bevande,30,11.89,12.46,-0.0459,0,0.9749,0.9628,2371.3,8.81
P0032,fmcg,bevande,31,12.19,12.46,-0.0213,0,1.0226,0.9546,2437.1,8.81
P0032,fmcg,bevande,32,12.83,12.46,0.0298,0,0.9983,0.947,1768.0,8.81
P0032,fmcg,bevande,33,12.45,12.46,-0.0007,0,1.0143,0.9401,2071.7,8.81
P0032,fmcg,bevande,34,12.47,12.46,0.0005,0,0.954,0.9342,2124.6,8.81
P0032,fmcg,bevande,35,12.75,12.46,0.0233,0,1.0524,0.9292,1896.8,8.81
P0032,fmcg,bevande,36,12.16,12.46,-0.0238,0,1.0092,0.9252,2269.7,8.81
P0032,fmcg,bevande,37,12.3,12.46,-0.0127,0,0.9603,0.9223,2218.2,8.81
P0032,fmcg,bevande,38,11.8,12.46,-0.053,0,1.0173,0.9206,2864.2,8.81
P0032,fmcg,bevande,39,12.23,12.46,-0.0185,0,1.0462,0.92,2029.0,8.81
P0032,fmcg,bevande,40,12.01,12.46,-0.0364,0,0.9065,0.9206,2314.4,8.81
P0032,fmcg,bevande,41,12.45,12.46,-0.0004,0,1.0558,0.9223,2772.7,8.81
P0032,fmcg,bevande,42,12.9,12.46,0.0357,0,1.0199,0.9252,2002.7,8.81
P0032,fmcg,bevande,43,13.17,12.46,0.0569,0,0.9475,0.9292,2402.1,8.81
P0032,fmcg,bevande,44,12.03,12.46,-0.0342,0,1.0156,0.9342,3077.3,8.81
P0032,fmcg,bevande,45,12.24,12.46,-0.0179,0,0.9644,0.9401,2359.3,8.81
P0032,fmcg,bevande,46,12.98,12.46,0.042,0,1.037,0.947,1733.9,8.81
P0032,fmcg,bevande,47,12.38,12.46,-0.0063,0,1.0019,0.9546,2390.4,8.81
P0032,fmcg,bevande,48,12.89,12.46,0.0342,0,0.9625,0.9628,2172.1,8.81
P0032,fmcg,bevande,49,11.73,12.46,-0.0589,0,0.9945,0.9716,3230.3,8.81
P0032,fmcg,bevande,50,12.45,12.46,-0.0008,0,0.9972,0.9809,2445.1,8.81
P0032,fmcg,bevande,51,11.84,12.46,-0.0499,0,0.9311,0.9904,3046.4,8.81
P0032,fmcg,bevande,52,12.24,12.46,-0.0175,0,1.1052,1.0,2268.6,8.81
P0032,fmcg,bevande,53,12.92,12.46,0.0372,0,1.0508,1.0096,1945.4,8.81
P0032,fmcg,bevande,54,12.59,12.46,0.0106,0,1.0965,1.0191,2197.4,8.81
P0032,fmcg,bevande,55,12.64,12.46,0.0147,0,1.031,1.0284,2618.1,8.81
P0032,fmcg,bevande,56,12.23,12.46,-0.0186,0,1.0108,1.0372,2995.8,8.81
P0032,fmcg,bevande,57,12.45,12.46,-0.0008,0,0.9487,1.0454,3148.2,8.81
P0032,fmcg,bevande,58,12.93,12.46,0.0377,0,1.0015,1.053,2403.2,8.81
P0032,fmcg,bevande,59,11.52,12.46,-0.0753,0,1.0626,1.0599,2936.6,8.81
P0032,fmcg,bevande,60,11.92,12.46,-0.0437,0,0.9548,1.0658,3140.1,8.81
P0032,fmcg,bevande,61,12.19,12.46,-0.0217,0,1.0336,1.0708,2734.3,8.81
P0032,fmcg,bevande,62,13.27,12.46,0.0648,0,0.9773,1.0748,2697.6,8.81
P0032,fmcg,bevande,63,12.06,12.46,-0.0322,0,1.0191,1.0777,2733.5,8.81
P0032,fmcg,bevande,64,12.59,12.46,0.0102,0,0.9952,1.0794,3011.2,8.81
P0032,fmcg,bevande,65,12.98,12.46,0.0421,0,0.8056,1.08,2553.9,8.81
P0032,fmcg,bevande,66,11.07,12.46,-0.1119,1,1.0305,1.0794,4091.5,8.81
P0032,fmcg,bevande,67,12.34,12.46,-0.0094,0,1.0749,1.0777,2891.2,8.81
P0032,fmcg,bevande,68,12.68,12.46,0.0173,0,1.0579,1.0748,2838.4,8.81
P0032,fmcg,bevande,69,12.89,12.46,0.0347,0,1.0087,1.0708,3059.8,8.81
P0032,fmcg,bevande,70,12.19,12.46,-0.0219,0,1.1165,1.0658,2067.6,8.81
P0032,fmcg,bevande,71,12.16,12.46,-0.0244,0,1.0941,1.0599,2739.2,8.81
P0032,fmcg,bevande,72,12.34,12.46,-0.0093,0,0.9643,1.053,2480.1,8.81
P0032,fmcg,bevande,73,12.13,12.46,-0.0263,0,1.0135,1.0454,2756.3,8.81
P0032,fmcg,bevande,74,11.74,12.46,-0.058,0,1.0155,1.0372,2941.3,8.81
P0032,fmcg,bevande,75,12.7,12.46,0.0193,0,1.0786,1.0284,2698.8,8.81
P0032,fmcg,bevande,76,13.81,12.46,0.1085,0,0.9121,1.0191,1474.5,8.81
P0032,fmcg,bevande,77,12.68,12.46,0.0176,0,0.9962,1.0096,2564.9,8.81
P0032,fmcg,bevande,78,12.16,12.46,-0.0243,0,0.9729,1.0,2447.3,8.81
P0032,fmcg,bevande,79,12.25,12.46,-0.017,0,0.9856,0.9904,2625.4,8.81
P0032,fmcg,bevande,80,12.95,12.46,0.0391,0,0.954,0.9809,1929.0,8.81
P0032,fmcg,bevande,81,12.64,12.46,0.0142,0,0.9568,0.9716,2681.0,8.81
P0032,fmcg,bevande,82,12.19,12.46,-0.022,0,1.0744,0.9628,1806.3,8.81
P0032,fmcg,bevande,83,12.09,12.46,-0.03,0,1.0488,0.9546,2153.5,8.81
P0032,fmcg,bevande,84,12.11,12.46,-0.0284,0,0.9893,0.947,2977.7,8.81
P0032,fmcg,bevande,85,13.38,12.46,0.0739,0,0.9807,0.9401,2397.2,8.81
P0032,fmcg,bevande,86,12.34,12.46,-0.01,0,0.9732,0.9342,2748.1,8.81
P0032,fmcg,bevande,87,11.2,12.46,-0.1013,1,0.9345,0.9292,2962.6,8.81
P0032,fmcg,bevande,88,12.81,12.46,0.0282,0,0.985,0.9252,1987.6,8.81
P0032,fmcg,bevande,89,11.97,12.46,-0.0395,0,1.0229,0.9223,2483.0,8.81
P0032,fmcg,bevande,90,12.63,12.46,0.0139,0,1.0051,0.9206,2295.7,8.81
P0032,fmcg,bevande,91,12.73,12.46,0.0215,0,1.0513,0.92,2218.1,8.81
P0032,fmcg,bevande,92,12.41,12.46,-0.0038,0,1.0446,0.9206,2245.8,8.81
P0032,fmcg,bevande,93,12.82,12.46,0.0287,0,0.9183,0.9223,2187.4,8.81
P0032,fmcg,bevande,94,12.26,12.46,-0.0157,0,1.0086,0.9252,2098.7,8.81
P0032,fmcg,bevande,95,12.48,12.46,0.002,0,0.9691,0.9292,2614.9,8.81
P0032,fmcg,bevande,96,11.12,12.46,-0.1072,1,1.0708,0.9342,4023.9,8.81
P0032,fmcg,bevande,97,12.33,12.46,-0.0106,0,0.9285,0.9401,2359.7,8.81
P0032,fmcg,bevande,98,12.61,12.46,0.0124,0,0.8278,0.947,2475.7,8.81
P0032,fmcg,bevande,99,12.33,12.46,-0.0105,0,1.0494,0.9546,2519.9,8.81
P0032,fmcg,bevande,100,13.01,12.46,0.0445,0,0.9366,0.9628,2136.4,8.81
P0032,fmcg,bevande,101,10.66,12.46,-0.1443,1,1.0152,0.9716,4448.3,8.81
P0032,fmcg,bevande,102,12.78,12.46,0.0253,0,0.9152,0.9809,1926.2,8.81
P0032,fmcg,bevande,103,12.45,12.46,-0.0012,0,0.9751,0.9904,2999.5,8.81
P0033,fmcg,bevande,0,4.72,5.02,-0.0592,1,1.0494,1.0,3789.8,3.37
P0033,fmcg,bevande,1,4.85,5.02,-0.0329,0,0.9697,1.0096,2571.1,3.37
P0033,fmcg,bevande,2,5.16,5.02,0.0281,0,0.9728,1.0191,2320.5,3.37
P0033,fmcg,bevande,3,5.08,5.02,0.0127,0,1.0705,1.0284,2657.1,3.37
P0033,fmcg,bevande,4,5.07,5.02,0.0105,0,0.9688,1.0372,2664.2,3.37
P0033,fmcg,bevande,5,5.11,5.02,0.0173,0,1.0381,1.0454,3036.4,3.37
P0033,fmcg,bevande,6,5.0,5.02,-0.0045,0,1.0776,1.053,3155.5,3.37
P0033,fmcg,bevande,7,5.27,5.02,0.0508,0,0.9937,1.0599,2685.3,3.37
P0033,fmcg,bevande,8,4.82,5.02,-0.0402,0,0.9437,1.0658,2640.0,3.37
P0033,fmcg,bevande,9,4.96,5.02,-0.0117,0,0.9282,1.0708,2977.5,3.37
P0033,fmcg,bevande,10,4.45,5.02,-0.1135,1,1.1006,1.0748,4809.9,3.37
P0033,fmcg,bevande,11,5.13,5.02,0.0226,0,1.0005,1.0777,2672.5,3.37
P0033,fmcg,bevande,12,4.94,5.02,-0.0162,0,0.9911,1.0794,3276.8,3.37
P0033,fmcg,bevande,13,5.34,5.02,0.0639,0,1.0337,1.08,2681.5,3.37
P0033,fmcg,bevande,14,4.84,5.02,-0.0363,0,0.9715,1.0794,2849.9,3.37
P0033,fmcg,bevande,15,4.84,5.02,-0.0353,0,1.0801,1.0777,3227.9,3.37
P0033,fmcg,bevande,16,5.09,5.02,0.0139,0,0.9023,1.0748,2886.2,3.37
P0033,fmcg,bevande,17,5.0,5.02,-0.0042,0,0.9114,1.0708,2741.9,3.37
P0033,fmcg,bevande,18,5.07,5.02,0.0091,0,0.9291,1.0658,3711.5,3.37
P0033,fmcg,bevande,19,4.28,5.02,-0.1466,1,0.9481,1.0599,4276.3,3.37
P0033,fmcg,bevande,20,5.13,5.02,0.0223,0,1.0645,1.053,2567.9,3.37
P0033,fmcg,bevande,21,5.1,5.02,0.0168,0,1.0254,1.0454,2778.1,3.37
P0033,fmcg,bevande,22,5.0,5.02,-0.0039,0,1.0049,1.0372,2729.1,3.37
P0033,fmcg,bevande,23,5.41,5.02,0.078,0,1.009,1.0284,2362.1,3.37
P0033,fmcg,bevande,24,4.9,5.02,-0.023,0,1.0382,1.0191,3002.9,3.37
P0033,fmcg,bevande,25,4.75,5.02,-0.0536,1,1.0009,1.0096,3343.8,3.37
P0033,fmcg,bevande,26,5.06,5.02,0.0083,0,1.048,1.0,2900.3,3.37
P0033,fmcg,bevande,27,4.94,5.02,-0.0165,0,1.0001,0.9904,2853.1,3.37
P0033,fmcg,bevande,28,5.07,5.02,0.0105,0,0.9955,0.9809,2889.0,3.37
P0033,fmcg,bevande,29,5.46,5.02,0.0868,0,1.0382,0.9716,1887.6,3.37
P0033,fmcg,bevande,30,5.16,5.02,0.027,0,0.9825,0.9628,2036.4,3.37
P0033,fmcg,bevande,31,5.12,5.02,0.019,0,0.9123,0.9546,2062.1,3.37
P0033,fmcg,bevande,32,4.59,5.02,-0.0859,1,0.9652,0.947,3557.0,3.37
P0033,fmcg,bevande,33,5.11,5.02,0.017,0,0.9597,0.9401,2275.1,3.37
P0033,fmcg,bevande,34,4.97,5.02,-0.009,0,0.9648,0.9342,1998.7,3.37
P0033,fmcg,bevande,35,5.03,5.02,0.0028,0,0.9741,0.9292,2177.1,3.37
P0033,fmcg,bevande,36,4.41,5.02,-0.122,1,1.0049,0.9252,4862.9,3.37
P0033,fmcg,bevande,37,5.0,5.02,-0.0038,0,1.0369,0.9223,2494.0,3.37
P0033,fmcg,bevande,38,5.25,5.02,0.0454,0,0.9551,0.9206,2255.6,3.37
P0033,fmcg,bevande,39,4.65,5.02,-0.0729,1,0.9815,0.92,2905.8,3.37
P0033,fmcg,bevande,40,5.38,5.02,0.0727,0,1.0154,0.9206,1992.4,3.37
P0033,fmcg,bevande,41,4.85,5.02,-0.0332,0,0.9834,0.9223,2350.5,3.37
P0033,fmcg,bevande,42,4.65,5.02,-0.0737,0,0.9201,0.9252,3248.4,3.37
P0033,fmcg,bevande,43,5.11,5.02,0.0187,0,1.0478,0.9292,2394.4,3.37
P0033,fmcg,bevande,44,4.66,5.02,-0.0726,1,0.9792,0.9342,4181.3,3.37
P0033,fmcg,bevande,45,5.27,5.02,0.0507,0,0.8924,0.9401,2157.6,3.37
P0033,fmcg,bevande,46,4.35,5.02,-0.133,1,0.9136,0.947,3401.5,3.37
P0033,fmcg,bevande,47,4.92,5.02,-0.0196,0,0.9256,0.9546,2320.4,3.37
P0033,fmcg,bevande,48,4.88,5.02,-0.0288,0,1.0121,0.9628,2420.8,3.37
P0033,fmcg,bevande,49,5.27,5.02,0.0499,0,1.0199,0.9716,2261.5,3.37
P0033,fmcg,bevande,50,5.28,5.02,0.0513,0,1.0296,0.9809,2719.6,3.37
P0033,fmcg,bevande,51,5.03,5.02,0.0018,0,1.0201,0.9904,2465.1,3.37
P0033,fmcg,bevande,52,4.37,5.02,-0.13,1,1.02,1.0,3752.5,3.37
P0033,fmcg,bevande,53,5.07,5.02,0.0109,0,0.9898,1.0096,2782.9,3.37
P0033,fmcg,bevande,54,4.9,5.02,-0.0235,0,1.0272,1.0191,3058.6,3.37
P0033,fmcg,bevande,55,4.5,5.02,-0.103,1,0.9909,1.0284,3983.4,3.37
P0033,fmcg,bevande,56,5.08,5.02,0.0111,0,1.0007,1.0372,2420.9,3.37
P0033,fmcg,bevande,57,4.91,5.02,-0.0214,0,0.9674,1.0454,3194.9,3.37
P0033,fmcg,bevande,58,4.58,5.02,-0.0876,0,0.9921,1.053,3422.0,3.37
P0033,fmcg,bevande,59,5.05,5.02,0.0056,0,0.9095,1.0599,1991.3,3.37
P0033,fmcg,bevande,60,5.07,5.02,0.0099,0,0.8388,1.0658,2520.5,3.37
P0033,fmcg,bevande,61,4.98,5.02,-0.0085,0,1.0979,1.0708,2831.3,3.37
P0033,fmcg,bevande,62,5.17,5.02,0.0294,0,1.0011,1.0748,2638.8,3.37
P0033,fmcg,bevande,63,5.1,5.02,0.0165,0,1.0144,1.0777,2737.6,3.37
P0033,fmcg,bevande,64,5.18,5.02,0.0321,0,0.9832,1.0794,3135.8,3.37
P0033,fmcg,bevande,65,5.27,5.02,0.0502,0,1.0236,1.08,2327.9,3.37
P0033,fmcg,bevande,66,4.91,5.02,-0.0228,0,1.0017,1.0794,2843.9,3.37
P0033,fmcg,bevande,67,5.19,5.02,0.033,0,1.0259,1.0777,2355.7,3.37
P0033,fmcg,bevande,68,4.56,5.02,-0.0917,1,1.0172,1.0748,4001.8,3.37
P0033,fmcg,bevande,69,5.16,5.02,0.0285,0,0.9687,1.0708,2478.1,3.37
P0033,fmcg,bevande,70,4.96,5.02,-0.0116,0,1.0628,1.0658,3275.7,3.37
P0033,fmcg,bevande,71,5.14,5.02,0.0237,0,1.0411,1.0599,2718.4,3.37
P0033,fmcg,bevande,72,4.31,5.02,-0.1413,1,1.0244,1.053,4328.5,3.37
P0033,fmcg,bevande,73,4.48,5.02,-0.1077,1,0.9647,1.0454,3663.5,3.37
P0033,fmcg,bevande,74,5.08,5.02,0.0121,0,0.933,1.0372,2625.1,3.37
P0033,fmcg,bevande,75,5.05,5.02,0.0064,0,0.9459,1.0284,2303.3,3.37
P0033,fmcg,bevande,76,4.75,5.02,-0.0537,0,0.9884,1.0191,2917.8,3.37
P0033,fmcg,bevande,77,4.4,5.02,-0.1231,1,1.0799,1.0096,3607.3,3.37
P0033,fmcg,bevande,78,4.58,5.02,-0.0879,0,1.0697,1.0,2506.7,3.37
P0033,fmcg,bevande,79,4.95,5.02,-0.0136,0,1.0645,0.9904,3092.9,3.37
P0033,fmcg,bevande,80,4.96,5.02,-0.0126,0,0.9581,0.9809,2949.8,3.37
P0033,fmcg,bevande,81,4.88,5.02,-0.0287,0,1.0269,0.9716,2466.3,3.37
P0033,fmcg,bevande,82,5.04,5.02,0.0037,0,0.9679,0.9628,2404.0,3.37
P0033,fmcg,bevande,83,4.98,5.02,-0.0071,0,0.982,0.9546,2529.8,3.37
P0033,fmcg,bevande,84,4.84,5.02,-0.0362,0,1.0214,0.947,2803.3,3.37
P0033,fmcg,bevande,85,5.34,5.02,0.0628,0,1.073,0.9401,2019.3,3.37
P0033,fmcg,bevande,86,5.06,5.02,0.008,0,0.9287,0.9342,2890.0,3.37
P0033,fmcg,bevande,87,5.3,5.02,0.0568,0,0.9588,0.9292,2192.2,3.37
P0033,fmcg,bevande,88,4.96,5.02,-0.0113,0,1.0136,0.9252,2878.9,3.37
P0033,fmcg,bevande,89,4.45,5.02,-0.1141,1,0.9271,0.9223,4196.0,3.37
P0033,fmcg,bevande,90,4.57,5.02,-0.0889,1,0.9863,0.9206,3111.1,3.37
P0033,fmcg,bevande,91,5.52,5.02,0.1004,0,1.0263,0.92,1962.4,3.37
P0033,fmcg,bevande,92,4.77,5.02,-0.0501,0,0.9603,0.9206,3353.2,3.37
P0033,fmcg,bevande,93,4.69,5.02,-0.0662,1,0.9387,0.9223,3312.6,3.37
P0033,fmcg,bevande,94,5.38,5.02,0.0717,0,0.9906,0.9252,1865.4,3.37
P0033,fmcg,bevande,95,5.07,5.02,0.0093,0,0.936,0.9292,2554.7,3.37
P0033,fmcg,bevande,96,5.04,5.02,0.0049,0,0.9601,0.9342,2317.0,3.37
P0033,fmcg,bevande,97,5.0,5.02,-0.0047,0,1.0155,0.9401,2273.7,3.37
P0033,fmcg,bevande,98,4.49,5.02,-0.1064,1,0.9104,0.947,3192.0,3.37
P0033,fmcg,bevande,99,4.77,5.02,-0.0507,1,1.0445,0.9546,4289.2,3.37
P0033,fmcg,bevande,100,4.98,5.02,-0.0073,0,0.9376,0.9628,2718.6,3.37
P0033,fmcg,bevande,101,4.98,5.02,-0.0082,0,1.0809,0.9716,2595.7,3.37
P0033,fmcg,bevande,102,4.74,5.02,-0.0556,0,1.1344,0.9809,2803.4,3.37
P0033,fmcg,bevande,103,5.17,5.02,0.0303,0,0.9751,0.9904,2747.6,3.37
P0034,fmcg,bevande,0,7.17,7.9,-0.0923,1,0.9649,1.0,2317.3,4.72
P0034,fmcg,bevande,1,8.29,7.9,0.0488,0,1.0351,1.0096,1346.4,4.72
P0034,fmcg,bevande,2,7.33,7.9,-0.0716,0,0.9692,1.0191,1851.7,4.72
P0034,fmcg,bevande,3,7.96,7.9,0.007,0,1.0729,1.0284,1677.3,4.72
P0034,fmcg,bevande,4,7.86,7.9,-0.0049,0,1.0204,1.0372,1482.4,4.72
P0034,fmcg,bevande,5,7.59,7.9,-0.0388,0,1.0158,1.0454,1857.8,4.72
P0034,fmcg,bevande,6,7.75,7.9,-0.0189,0,0.9962,1.053,1805.7,4.72
P0034,fmcg,bevande,7,6.98,7.9,-0.1167,1,1.0575,1.0599,2719.4,4.72
P0034,fmcg,bevande,8,8.11,7.9,0.0266,0,1.109,1.0658,1716.9,4.72
P0034,fmcg,bevande,9,8.03,7.9,0.0165,0,0.9721,1.0708,1460.2,4.72
P0034,fmcg,bevande,10,7.82,7.9,-0.01,0,1.0273,1.0748,1626.5,4.72
P0034,fmcg,bevande,11,7.48,7.9,-0.0533,0,1.1056,1.0777,1884.6,4.72
P0034,fmcg,bevande,12,8.03,7.9,0.0162,0,1.1095,1.0794,1675.5,4.72
P0034,fmcg,bevande,13,8.63,7.9,0.0928,0,0.9075,1.08,1254.5,4.72
P0034,fmcg,bevande,14,7.7,7.9,-0.0259,0,1.0142,1.0794,1330.4,4.72
P0034,fmcg,bevande,15,8.22,7.9,0.0402,0,0.9578,1.0777,1248.9,4.72
P0034,fmcg,bevande,16,7.81,7.9,-0.0118,0,0.9702,1.0748,1427.3,4.72
P0034,fmcg,bevande,17,8.06,7.9,0.0208,0,0.9467,1.0708,1366.7,4.72
P0034,fmcg,bevande,18,7.63,7.9,-0.0338,0,1.0089,1.0658,2044.6,4.72
P0034,fmcg,bevande,19,7.56,7.9,-0.0425,0,1.0196,1.0599,1702.1,4.72
P0034,fmcg,bevande,20,8.03,7.9,0.0166,0,1.0346,1.053,1522.2,4.72
P0034,fmcg,bevande,21,7.99,7.9,0.0112,0,1.1032,1.0454,1758.4,4.72
P0034,fmcg,bevande,22,7.94,7.9,0.0046,0,0.9497,1.0372,1754.2,4.72
P0034,fmcg,bevande,23,7.74,7.9,-0.0202,0,0.9878,1.0284,1428.8,4.72
P0034,fmcg,bevande,24,8.09,7.9,0.0239,0,1.0091,1.0191,1436.9,4.72
P0034,fmcg,bevande,25,7.31,7.9,-0.0746,0,0.9294,1.0096,1632.2,4.72
P0034,fmcg,bevande,26,7.04,7.9,-0.1084,1,1.0406,1.0,2360.0,4.72
P0034,fmcg,bevande,27,7.68,7.9,-0.0274,0,0.9932,0.9904,1560.7,4.72
P0034,fmcg,bevande,28,7.93,7.9,0.0037,0,1.0067,0.9809,1190.4,4.72
P0034,fmcg,bevande,29,7.36,7.9,-0.0678,1,0.8962,0.9716,2482.3,4.72
P0034,fmcg,bevande,30,7.69,7.9,-0.0262,0,0.9584,0.9628,1911.3,4.72
P0034,fmcg,bevande,31,7.87,7.9,-0.0042,0,1.0067,0.9546,1330.2,4.72
P0034,fmcg,bevande,32,7.45,7.9,-0.0574,1,0.9961,0.947,2497.1,4.72
P0034,fmcg,bevande,33,6.79,7.9,-0.1403,1,0.9317,0.9401,2476.9,4.72
P0034,fmcg,bevande,34,7.97,7.9,0.0086,0,0.919,0.9342,1486.2,4.72
P0034,fmcg,bevande,35,7.91,7.9,0.0016,0,0.9831,0.9292,1698.0,4.72
P0034,fmcg,bevande,36,8.44,7.9,0.0681,0,1.028,0.9252,1418.6,4.72
P0034,fmcg,bevande,37,8.0,7.9,0.0121,0,1.0609,0.9223,1494.4,4.72
P0034,fmcg,bevande,38,7.81,7.9,-0.0115,0,0.9921,0.9206,1614.8,4.72
P0034,fmcg,bevande,39,7.74,7.9,-0.0208,0,0.9628,0.92,1289.4,4.72
P0034,fmcg,bevande,40,7.64,7.9,-0.0325,0,1.0409,0.9206,1576.5,4.72
P0034,fmcg,bevande,41,8.33,7.9,0.0547,0,0.9269,0.9223,1495.0,4.72
P0034,fmcg,bevande,42,7.19,7.9,-0.0902,1,1.0796,0.9252,2384.2,4.72
P0034,fmcg,bevande,43,7.63,7.9,-0.0338,0,0.9215,0.9292,1997.0,4.72
P0034,fmcg,bevande,44,7.55,7.9,-0.0442,0,1.0134,0.9342,1264.1,4.72
P0034,fmcg,bevande,45,8.18,7.9,0.0348,0,1.0232,0.9401,1242.8,4.72
P0034,fmcg,bevande,46,7.06,7.9,-0.106,1,0.9969,0.947,2059.1,4.72
P0034,fmcg,bevande,47,7.73,7.9,-0.0214,0,0.9637,0.9546,1692.5,4.72
P0034,fmcg,bevande,48,7.64,7.9,-0.0326,0,0.9403,0.9628,1515.8,4.72
P0034,fmcg,bevande,49,7.62,7.9,-0.036,0,0.9919,0.9716,1587.4,4.72
P0034,fmcg,bevande,50,7.77,7.9,-0.016,0,1.0578,0.9809,1601.2,4.72
P0034,fmcg,bevande,51,8.06,7.9,0.0206,0,1.0447,0.9904,1709.3,4.72
P0034,fmcg,bevande,52,8.54,7.9,0.0814,0,1.0609,1.0,1156.8,4.72
P0034,fmcg,bevande,53,8.1,7.9,0.0249,0,1.096,1.0096,1271.4,4.72
P0034,fmcg,bevande,54,7.19,7.9,-0.0898,1,1.0256,1.0191,2275.2,4.72
P0034,fmcg,bevande,55,7.01,7.9,-0.1127,1,1.0397,1.0284,2552.6,4.72
P0034,fmcg,bevande,56,8.44,7.9,0.0683,0,0.9809,1.0372,1396.0,4.72
P0034,fmcg,bevande,57,7.95,7.9,0.0069,0,1.1111,1.0454,1548.5,4.72
P0034,fmcg,bevande,58,6.89,7.9,-0.1277,1,0.9846,1.053,2183.5,4.72
P0034,fmcg,bevande,59,7.56,7.9,-0.0436,0,0.91,1.0599,1669.1,4.72
P0034,fmcg,bevande,60,8.23,7.9,0.0413,0,1.0315,1.0658,1561.5,4.72
P0034,fmcg,bevande,61,8.14,7.9,0.031,0,1.0696,1.0708,1567.4,4.72
P0034,fmcg,bevande,62,7.55,7.9,-0.0443,0,1.0527,1.0748,2192.3,4.72
P0034,fmcg,bevande,63,7.74,7.9,-0.0208,0,0.9919,1.0777,1600.8,4.72
P0034,fmcg,bevande,64,8.08,7.9,0.0227,0,1.014,1.0794,1730.1,4.72
P0034,fmcg,bevande,65,7.66,7.9,-0.0302,0,0.975,1.08,1610.8,4.72
P0034,fmcg,bevande,66,7.1,7.9,-0.1013,1,1.0977,1.0794,2811.0,4.72
P0034,fmcg,bevande,67,7.52,7.9,-0.0477,0,1.011,1.0777,1627.3,4.72
P0034,fmcg,bevande,68,7.46,7.9,-0.0562,0,1.0192,1.0748,1638.6,4.72
P0034,fmcg,bevande,69,8.08,7.9,0.0233,0,1.0511,1.0708,1508.4,4.72
P0034,fmcg,bevande,70,7.49,7.9,-0.0523,1,1.0123,1.0658,2521.4,4.72
P0034,fmcg,bevande,71,7.75,7.9,-0.0185,0,0.986,1.0599,1861.0,4.72
P0034,fmcg,bevande,72,7.64,7.9,-0.0331,0,1.0301,1.053,1604.2,4.72
P0034,fmcg,bevande,73,7.31,7.9,-0.075,1,0.9473,1.0454,2026.3,4.72
P0034,fmcg,bevande,74,7.73,7.9,-0.0217,0,0.9851,1.0372,1460.1,4.72
P0034,fmcg,bevande,75,7.93,7.9,0.0039,0,1.0492,1.0284,1414.3,4.72
P0034,fmcg,bevande,76,7.37,7.9,-0.0667,0,0.9207,1.0191,2182.0,4.72
P0034,fmcg,bevande,77,7.99,7.9,0.0119,0,1.0216,1.0096,1572.2,4.72
P0034,fmcg,bevande,78,7.63,7.9,-0.0338,0,1.0409,1.0,1741.3,4.72
P0034,fmcg,bevande,79,8.39,7.9,0.0617,0,1.0165,0.9904,1119.0,4.72
P0034,fmcg,bevande,80,7.62,7.9,-0.0356,0,1.0169,0.9809,1536.3,4.72
P0034,fmcg,bevande,81,8.11,7.9,0.0268,0,1.0122,0.9716,1455.6,4.72
P0034,fmcg,bevande,82,7.85,7.9,-0.0061,0,0.9615,0.9628,1421.7,4.72
P0034,fmcg,bevande,83,8.41,7.9,0.0646,0,0.987,0.9546,962.8,4.72
P0034,fmcg,bevande,84,8.02,7.9,0.0157,0,0.9934,0.947,1295.9,4.72
P0034,fmcg,bevande,85,8.44,7.9,0.0678,0,1.0026,0.9401,986.7,4.72
P0034,fmcg,bevande,86,8.23,7.9,0.0422,0,1.0078,0.9342,1143.0,4.72
P0034,fmcg,bevande,87,7.65,7.9,-0.0321,0,1.0761,0.9292,1476.2,4.72
P0034,fmcg,bevande,88,8.01,7.9,0.0134,0,1.0071,0.9252,1270.6,4.72
P0034,fmcg,bevande,89,7.61,7.9,-0.0372,0,1.0543,0.9223,1540.3,4.72
P0034,fmcg,bevande,90,7.97,7.9,0.0086,0,1.0164,0.9206,1274.6,4.72
P0034,fmcg,bevande,91,8.22,7.9,0.0408,0,1.0707,0.92,1086.5,4.72
P0034,fmcg,bevande,92,8.13,7.9,0.0294,0,1.0941,0.9206,1597.0,4.72
P0034,fmcg,bevande,93,8.25,7.9,0.0446,0,1.0029,0.9223,1418.2,4.72
P0034,fmcg,bevande,94,7.55,7.9,-0.0442,0,1.0275,0.9252,1719.5,4.72
P0034,fmcg,bevande,95,7.83,7.9,-0.0086,0,0.9214,0.9292,1533.8,4.72
P0034,fmcg,bevande,96,7.07,7.9,-0.1046,1,0.9837,0.9342,2259.7,4.72
P0034,fmcg,bevande,97,7.9,7.9,0.0001,0,0.9125,0.9401,1649.1,4.72
P0034,fmcg,bevande,98,7.6,7.9,-0.0385,0,0.877,0.947,1741.8,4.72
P0034,fmcg,bevande,99,7.96,7.9,0.0074,0,1.0432,0.9546,1554.3,4.72
P0034,fmcg,bevande,100,7.32,7.9,-0.0731,1,0.9791,0.9628,2229.4,4.72
P0034,fmcg,bevande,101,7.87,7.9,-0.0036,0,1.0738,0.9716,1528.3,4.72
P0034,fmcg,bevande,102,8.57,7.9,0.0842,0,1.0826,0.9809,1485.0,4.72
P0034,fmcg,bevande,103,8.51,7.9,0.0767,0,0.9959,0.9904,1223.6,4.72
P0035,fmcg,alimentare_confezionato,0,9.84,9.73,0.0114,0,0.9458,1.0,1096.2,6.95
P0035,fmcg,alimentare_confezionato,1,10.34,9.73,0.0629,0,1.0276,1.0096,1245.4,6.95
P0035,fmcg,alimentare_confezionato,2,10.26,9.73,0.0542,0,0.9099,1.0191,997.9,6.95
P0035,fmcg,alimentare_confezionato,3,8.79,9.73,-0.097,1,0.9742,1.0284,1533.1,6.95
P0035,fmcg,alimentare_confezionato,4,9.58,9.73,-0.0155,0,1.0058,1.0372,1318.9,6.95
P0035,fmcg,alimentare_confezionato,5,9.05,9.73,-0.0701,1,0.9261,1.0454,1550.7,6.95
P0035,fmcg,alimentare_confezionato,6,9.85,9.73,0.012,0,0.9569,1.053,1228.0,6.95
P0035,fmcg,alimentare_confezionato,7,9.47,9.73,-0.0272,0,1.0243,1.0599,1203.5,6.95
P0035,fmcg,alimentare_confezionato,8,9.54,9.73,-0.0195,0,0.9465,1.0658,1133.9,6.95
P0035,fmcg,alimentare_confezionato,9,9.81,9.73,0.0086,0,1.0479,1.0708,1196.4,6.95
P0035,fmcg,alimentare_confezionato,10,9.17,9.73,-0.0577,0,0.9537,1.0748,1204.8,6.95
P0035,fmcg,alimentare_confezionato,11,10.06,9.73,0.0343,0,1.0485,1.0777,1398.0,6.95
P0035,fmcg,alimentare_confezionato,12,10.27,9.73,0.0559,0,1.0796,1.0794,999.0,6.95
P0035,fmcg,alimentare_confezionato,13,10.15,9.73,0.0434,0,0.9971,1.08,1037.3,6.95
P0035,fmcg,alimentare_confezionato,14,8.51,9.73,-0.125,1,0.9686,1.0794,1447.8,6.95
P0035,fmcg,alimentare_confezionato,15,9.49,9.73,-0.0248,0,0.9462,1.0777,1279.7,6.95
P0035,fmcg,alimentare_confezionato,16,8.92,9.73,-0.0832,1,1.0242,1.0748,1650.1,6.95
P0035,fmcg,alimentare_confezionato,17,9.32,9.73,-0.0417,0,1.0375,1.0708,1283.2,6.95
P0035,fmcg,alimentare_confezionato,18,9.9,9.73,0.0176,0,0.9679,1.0658,915.1,6.95
P0035,fmcg,alimentare_confezionato,19,9.96,9.73,0.0241,0,0.9732,1.0599,1131.3,6.95
P0035,fmcg,alimentare_confezionato,20,10.12,9.73,0.0399,0,0.9718,1.053,866.2,6.95
P0035,fmcg,alimentare_confezionato,21,9.62,9.73,-0.0109,0,1.0731,1.0454,1048.9,6.95
P0035,fmcg,alimentare_confezionato,22,9.52,9.73,-0.0216,0,0.9734,1.0372,1160.9,6.95
P0035,fmcg,alimentare_confezionato,23,10.1,9.73,0.038,0,0.9928,1.0284,1367.2,6.95
P0035,fmcg,alimentare_confezionato,24,8.63,9.73,-0.1129,1,1.0696,1.0191,1676.9,6.95
P0035,fmcg,alimentare_confezionato,25,9.42,9.73,-0.0322,0,0.9545,1.0096,1158.4,6.95
P0035,fmcg,alimentare_confezionato,26,9.18,9.73,-0.0561,0,1.1147,1.0,1173.3,6.95
P0035,fmcg,alimentare_confezionato,27,9.52,9.73,-0.0219,0,0.9866,0.9904,1064.1,6.95
P0035,fmcg,alimentare_confezionato,28,8.76,9.73,-0.0999,1,1.0402,0.9809,1688.8,6.95
P0035,fmcg,alimentare_confezionato,29,9.73,9.73,-0.0003,0,1.0116,0.9716,1010.2,6.95
P0035,fmcg,alimentare_confezionato,30,9.84,9.73,0.0113,0,0.9921,0.9628,982.8,6.95
P0035,fmcg,alimentare_confezionato,31,9.74,9.73,0.0011,0,0.9972,0.9546,952.5,6.95
P0035,fmcg,alimentare_confezionato,32,10.01,9.73,0.029,0,1.0892,0.947,886.0,6.95
P0035,fmcg,alimentare_confezionato,33,9.08,9.73,-0.0668,0,1.0415,0.9401,979.2,6.95
P0035,fmcg,alimentare_confezionato,34,9.84,9.73,0.0116,0,0.9689,0.9342,889.8,6.95
P0035,fmcg,alimentare_confezionato,35,9.98,9.73,0.0255,0,0.9534,0.9292,935.3,6.95
P0035,fmcg,alimentare_confezionato,36,10.01,9.73,0.0287,0,1.0424,0.9252,747.2,6.95
P0035,fmcg,alimentare_confezionato,37,9.52,9.73,-0.0214,0,1.0118,0.9223,923.1,6.95
P0035,fmcg,alimentare_confezionato,38,10.6,9.73,0.0893,0,1.0064,0.9206,757.8,6.95
P0035,fmcg,alimentare_confezionato,39,8.63,9.73,-0.1135,1,1.0724,0.92,1653.5,6.95
P0035,fmcg,alimentare_confezionato,40,8.58,9.73,-0.1181,1,1.0008,0.9206,1802.4,6.95
P0035,fmcg,alimentare_confezionato,41,10.11,9.73,0.039,0,0.9954,0.9223,812.8,6.95
P0035,fmcg,alimentare_confezionato,42,10.33,9.73,0.0612,0,0.9306,0.9252,797.9,6.95
P0035,fmcg,alimentare_confezionato,43,9.19,9.73,-0.0553,1,0.9604,0.9292,1575.6,6.95
P0035,fmcg,alimentare_confezionato,44,9.84,9.73,0.0116,0,0.9694,0.9342,922.5,6.95
P0035,fmcg,alimentare_confezionato,45,9.28,9.73,-0.0459,0,1.0664,0.9401,1363.8,6.95
P0035,fmcg,alimentare_confezionato,46,9.85,9.73,0.0125,0,1.0593,0.947,1247.0,6.95
P0035,fmcg,alimentare_confezionato,47,9.14,9.73,-0.0607,0,0.9842,0.9546,1240.1,6.95
P0035,fmcg,alimentare_confezionato,48,10.34,9.73,0.0624,0,1.0815,0.9628,820.0,6.95
P0035,fmcg,alimentare_confezionato,49,9.47,9.73,-0.0262,0,0.9902,0.9716,1070.8,6.95
P0035,fmcg,alimentare_confezionato,50,9.43,9.73,-0.0311,0,0.8692,0.9809,926.0,6.95
P0035,fmcg,alimentare_confezionato,51,9.51,9.73,-0.0229,0,1.0094,0.9904,978.0,6.95
P0035,fmcg,alimentare_confezionato,52,8.98,9.73,-0.0775,1,0.9442,1.0,1487.1,6.95
P0035,fmcg,alimentare_confezionato,53,9.17,9.73,-0.0574,1,0.9505,1.0096,1467.9,6.95
P0035,fmcg,alimentare_confezionato,54,8.83,9.73,-0.0923,1,0.9923,1.0191,1902.2,6.95
P0035,fmcg,alimentare_confezionato,55,9.71,9.73,-0.0017,0,0.9712,1.0284,952.9,6.95
P0035,fmcg,alimentare_confezionato,56,8.87,9.73,-0.0881,1,0.9574,1.0372,1664.1,6.95
P0035,fmcg,alimentare_confezionato,57,9.23,9.73,-0.0511,0,0.9606,1.0454,1185.4,6.95
P0035,fmcg,alimentare_confezionato,58,9.65,9.73,-0.0079,0,0.9176,1.053,1062.7,6.95
P0035,fmcg,alimentare_confezionato,59,9.27,9.73,-0.0475,0,0.9822,1.0599,1303.4,6.95
P0035,fmcg,alimentare_confezionato,60,9.85,9.73,0.012,0,0.9239,1.0658,1236.2,6.95
P0035,fmcg,alimentare_confezionato,61,9.75,9.73,0.0019,0,1.0562,1.0708,1096.3,6.95
P0035,fmcg,alimentare_confezionato,62,10.2,9.73,0.048,0,1.092,1.0748,956.4,6.95
P0035,fmcg,alimentare_confezionato,63,10.09,9.73,0.0366,0,0.9961,1.0777,1146.0,6.95
P0035,fmcg,alimentare_confezionato,64,9.54,9.73,-0.0197,0,1.021,1.0794,1203.8,6.95
P0035,fmcg,alimentare_confezionato,65,9.19,9.73,-0.0559,1,0.9674,1.08,1825.8,6.95
P0035,fmcg,alimentare_confezionato,66,9.99,9.73,0.0262,0,1.022,1.0794,1147.5,6.95
P0035,fmcg,alimentare_confezionato,67,9.87,9.73,0.0143,0,1.0238,1.0777,944.7,6.95
P0035,fmcg,alimentare_confezionato,68,9.38,9.73,-0.036,0,1.0554,1.0748,1516.6,6.95
P0035,fmcg,alimentare_confezionato,69,8.73,9.73,-0.103,1,1.0043,1.0708,2041.2,6.95
P0035,fmcg,alimentare_confezionato,70,10.22,9.73,0.0504,0,1.0105,1.0658,871.0,6.95
P0035,fmcg,alimentare_confezionato,71,9.91,9.73,0.018,0,0.9892,1.0599,1180.5,6.95
P0035,fmcg,alimentare_confezionato,72,9.53,9.73,-0.0208,0,0.9457,1.053,1124.2,6.95
P0035,fmcg,alimentare_confezionato,73,9.06,9.73,-0.0686,0,0.961,1.0454,1024.7,6.95
P0035,fmcg,alimentare_confezionato,74,9.19,9.73,-0.0554,1,0.9407,1.0372,1704.8,6.95
P0035,fmcg,alimentare_confezionato,75,10.23,9.73,0.0509,0,1.0067,1.0284,1096.1,6.95
P0035,fmcg,alimentare_confezionato,76,9.19,9.73,-0.0551,0,1.0014,1.0191,1291.1,6.95
P0035,fmcg,alimentare_confezionato,77,9.54,9.73,-0.0199,0,1.0097,1.0096,1149.1,6.95
P0035,fmcg,alimentare_confezionato,78,9.71,9.73,-0.0025,0,0.9573,1.0,1112.0,6.95
P0035,fmcg,alimentare_confezionato,79,9.58,9.73,-0.0154,0,1.0333,0.9904,1238.8,6.95
P0035,fmcg,alimentare_confezionato,80,9.37,9.73,-0.0365,0,1.005,0.9809,1018.4,6.95
P0035,fmcg,alimentare_confezionato,81,9.42,9.73,-0.0318,0,1.0639,0.9716,1223.4,6.95
P0035,fmcg,alimentare_confezionato,82,10.09,9.73,0.0368,0,0.9865,0.9628,905.5,6.95
P0035,fmcg,alimentare_confezionato,83,9.67,9.73,-0.0058,0,0.9323,0.9546,1166.5,6.95
P0035,fmcg,alimentare_confezionato,84,10.24,9.73,0.0527,0,1.0121,0.947,904.9,6.95
P0035,fmcg,alimentare_confezionato,85,9.21,9.73,-0.0538,0,0.9707,0.9401,1017.8,6.95
P0035,fmcg,alimentare_confezionato,86,10.03,9.73,0.0306,0,0.9721,0.9342,1044.1,6.95
P0035,fmcg,alimentare_confezionato,87,9.94,9.73,0.0212,0,0.9772,0.9292,866.7,6.95
P0035,fmcg,alimentare_confezionato,88,10.04,9.73,0.0322,0,0.9975,0.9252,849.8,6.95
P0035,fmcg,alimentare_confezionato,89,9.8,9.73,0.0071,0,0.9723,0.9223,963.1,6.95
P0035,fmcg,alimentare_confezionato,90,9.58,9.73,-0.0156,0,1.0147,0.9206,1088.3,6.95
P0035,fmcg,alimentare_confezionato,91,8.56,9.73,-0.1199,1,1.0797,0.92,1466.2,6.95
P0035,fmcg,alimentare_confezionato,92,9.73,9.73,-0.0005,0,1.0429,0.9206,1072.2,6.95
P0035,fmcg,alimentare_confezionato,93,8.86,9.73,-0.0892,1,1.0626,0.9223,1568.5,6.95
P0035,fmcg,alimentare_confezionato,94,9.98,9.73,0.0253,0,1.0085,0.9252,981.7,6.95
P0035,fmcg,alimentare_confezionato,95,9.88,9.73,0.0151,0,0.9264,0.9292,946.0,6.95
P0035,fmcg,alimentare_confezionato,96,9.95,9.73,0.0227,0,1.0699,0.9342,820.3,6.95
P0035,fmcg,alimentare_confezionato,97,9.43,9.73,-0.0309,0,0.9773,0.9401,1130.0,6.95
P0035,fmcg,alimentare_confezionato,98,9.95,9.73,0.0228,0,1.0533,0.947,1101.3,6.95
P0035,fmcg,alimentare_confezionato,99,8.86,9.73,-0.0898,1,1.0733,0.9546,1881.4,6.95
P0035,fmcg,alimentare_confezionato,100,9.47,9.73,-0.0263,0,0.9508,0.9628,955.3,6.95
P0035,fmcg,alimentare_confezionato,101,10.02,9.73,0.0297,0,1.0653,0.9716,920.7,6.95
P0035,fmcg,alimentare_confezionato,102,8.89,9.73,-0.0866,1,0.9682,0.9809,1739.3,6.95
P0035,fmcg,alimentare_confezionato,103,9.78,9.73,0.005,0,1.0179,0.9904,1128.3,6.95
P0036,fmcg,alimentare_confezionato,0,3.88,4.0,-0.0293,0,1.0448,1.0,1027.7,2.22
P0036,fmcg,alimentare_confezionato,1,3.61,4.0,-0.0981,1,1.0172,1.0096,1645.7,2.22
P0036,fmcg,alimentare_confezionato,2,4.19,4.0,0.0464,0,1.0012,1.0191,829.2,2.22
P0036,fmcg,alimentare_confezionato,3,3.86,4.0,-0.035,0,0.913,1.0284,1124.2,2.22
P0036,fmcg,alimentare_confezionato,4,3.77,4.0,-0.0566,0,0.9525,1.0372,1194.0,2.22
P0036,fmcg,alimentare_confezionato,5,4.12,4.0,0.0292,0,0.9949,1.0454,869.8,2.22
P0036,fmcg,alimentare_confezionato,6,3.67,4.0,-0.0834,0,0.9428,1.053,1310.7,2.22
P0036,fmcg,alimentare_confezionato,7,4.2,4.0,0.0492,0,1.022,1.0599,695.4,2.22
P0036,fmcg,alimentare_confezionato,8,4.19,4.0,0.0464,0,1.0812,1.0658,1085.2,2.22
P0036,fmcg,alimentare_confezionato,9,3.82,4.0,-0.0457,0,0.998,1.0708,1104.2,2.22
P0036,fmcg,alimentare_confezionato,10,4.03,4.0,0.008,0,1.0008,1.0748,1006.2,2.22
P0036,fmcg,alimentare_confezionato,11,4.09,4.0,0.0219,0,0.9638,1.0777,858.2,2.22
P0036,fmcg,alimentare_confezionato,12,3.77,4.0,-0.0574,0,1.0819,1.0794,904.3,2.22
P0036,fmcg,alimentare_confezionato,13,3.72,4.0,-0.0699,1,1.0,1.08,1245.5,2.22
P0036,fmcg,alimentare_confezionato,14,4.01,4.0,0.0023,0,0.9892,1.0794,939.3,2.22
P0036,fmcg,alimentare_confezionato,15,3.62,4.0,-0.0957,1,1.1217,1.0777,1491.6,2.22
P0036,fmcg,alimentare_confezionato,16,3.41,4.0,-0.1465,1,1.0888,1.0748,1403.0,2.22
P0036,fmcg,alimentare_confezionato,17,3.97,4.0,-0.0084,0,0.9288,1.0708,929.0,2.22
P0036,fmcg,alimentare_confezionato,18,3.62,4.0,-0.0943,1,1.013,1.0658,1863.0,2.22
P0036,fmcg,alimentare_confezionato,19,3.8,4.0,-0.0509,0,0.9577,1.0599,1065.0,2.22
P0036,fmcg,alimentare_confezionato,20,4.02,4.0,0.0053,0,1.0156,1.053,1208.7,2.22
P0036,fmcg,alimentare_confezionato,21,3.84,4.0,-0.0403,0,1.0577,1.0454,1238.8,2.22
P0036,fmcg,alimentare_confezionato,22,3.97,4.0,-0.0086,0,1.0311,1.0372,968.3,2.22
P0036,fmcg,alimentare_confezionato,23,4.08,4.0,0.0197,0,1.0446,1.0284,1109.8,2.22
P0036,fmcg,alimentare_confezionato,24,3.92,4.0,-0.0192,0,0.9635,1.0191,1023.3,2.22
P0036,fmcg,alimentare_confezionato,25,4.01,4.0,0.003,0,1.0057,1.0096,950.0,2.22
P0036,fmcg,alimentare_confezionato,26,4.1,4.0,0.0259,0,1.061,1.0,819.6,2.22
P0036,fmcg,alimentare_confezionato,27,3.94,4.0,-0.0148,0,0.9717,0.9904,790.4,2.22
P0036,fmcg,alimentare_confezionato,28,3.74,4.0,-0.0653,1,0.9922,0.9809,1311.0,2.22
P0036,fmcg,alimentare_confezionato,29,4.2,4.0,0.0494,0,0.979,0.9716,725.9,2.22
P0036,fmcg,alimentare_confezionato,30,4.26,4.0,0.0659,0,0.942,0.9628,868.9,2.22
P0036,fmcg,alimentare_confezionato,31,3.67,4.0,-0.0828,0,1.0205,0.9546,1138.5,2.22
P0036,fmcg,alimentare_confezionato,32,3.91,4.0,-0.0226,0,0.9705,0.947,895.5,2.22
P0036,fmcg,alimentare_confezionato,33,3.93,4.0,-0.0172,0,0.9828,0.9401,1055.7,2.22
P0036,fmcg,alimentare_confezionato,34,3.76,4.0,-0.0612,0,1.0603,0.9342,969.2,2.22
P0036,fmcg,alimentare_confezionato,35,3.65,4.0,-0.0867,1,1.0105,0.9292,1219.8,2.22
P0036,fmcg,alimentare_confezionato,36,3.87,4.0,-0.0337,0,0.9849,0.9252,712.9,2.22
P0036,fmcg,alimentare_confezionato,37,3.98,4.0,-0.0062,0,1.0335,0.9223,930.8,2.22
P0036,fmcg,alimentare_confezionato,38,4.0,4.0,-0.0003,0,1.0194,0.9206,773.1,2.22
P0036,fmcg,alimentare_confezionato,39,3.99,4.0,-0.0035,0,0.966,0.92,1035.2,2.22
P0036,fmcg,alimentare_confezionato,40,3.9,4.0,-0.0251,0,0.9864,0.9206,924.5,2.22
P0036,fmcg,alimentare_confezionato,41,4.04,4.0,0.0095,0,1.0034,0.9223,722.2,2.22
P0036,fmcg,alimentare_confezionato,42,3.76,4.0,-0.059,1,1.028,0.9252,1170.2,2.22
P0036,fmcg,alimentare_confezionato,43,3.99,4.0,-0.0016,0,1.0679,0.9292,1008.1,2.22
P0036,fmcg,alimentare_confezionato,44,3.83,4.0,-0.0421,0,1.0009,0.9342,1105.6,2.22
P0036,fmcg,alimentare_confezionato,45,4.08,4.0,0.0194,0,0.9306,0.9401,1075.1,2.22
P0036,fmcg,alimentare_confezionato,46,3.72,4.0,-0.0698,0,0.9824,0.947,762.6,2.22
P0036,fmcg,alimentare_confezionato,47,4.36,4.0,0.0895,0,0.981,0.9546,629.0,2.22
P0036,fmcg,alimentare_confezionato,48,3.87,4.0,-0.0314,0,1.0432,0.9628,865.9,2.22
P0036,fmcg,alimentare_confezionato,49,3.84,4.0,-0.0401,0,1.13,0.9716,1050.7,2.22
P0036,fmcg,alimentare_confezionato,50,3.96,4.0,-0.0103,0,0.9723,0.9809,860.0,2.22
P0036,fmcg,alimentare_confezionato,51,4.23,4.0,0.0587,0,0.9724,0.9904,648.5,2.22
P0036,fmcg,alimentare_confezionato,52,4.13,4.0,0.0325,0,0.9874,1.0,872.6,2.22
P0036,fmcg,alimentare_confezionato,53,3.89,4.0,-0.0272,0,1.0316,1.0096,924.9,2.22
P0036,fmcg,alimentare_confezionato,54,3.95,4.0,-0.0137,0,0.9879,1.0191,1087.3,2.22
P0036,fmcg,alimentare_confezionato,55,4.02,4.0,0.0053,0,1.0374,1.0284,940.2,2.22
P0036,fmcg,alimentare_confezionato,56,4.22,4.0,0.056,0,1.0295,1.0372,840.9,2.22
P0036,fmcg,alimentare_confezionato,57,4.14,4.0,0.0359,0,1.0058,1.0454,903.3,2.22
P0036,fmcg,alimentare_confezionato,58,4.05,4.0,0.0118,0,0.9972,1.053,1120.9,2.22
P0036,fmcg,alimentare_confezionato,59,4.07,4.0,0.0186,0,1.0687,1.0599,965.1,2.22
P0036,fmcg,alimentare_confezionato,60,4.14,4.0,0.0352,0,1.051,1.0658,1049.7,2.22
P0036,fmcg,alimentare_confezionato,61,3.8,4.0,-0.051,1,0.973,1.0708,1366.7,2.22
P0036,fmcg,alimentare_confezionato,62,3.63,4.0,-0.0913,1,0.9006,1.0748,1789.2,2.22
P0036,fmcg,alimentare_confezionato,63,4.02,4.0,0.0059,0,0.9289,1.0777,1081.5,2.22
P0036,fmcg,alimentare_confezionato,64,3.84,4.0,-0.0398,0,1.0097,1.0794,1009.4,2.22
P0036,fmcg,alimentare_confezionato,65,4.02,4.0,0.006,0,1.04,1.08,911.8,2.22
P0036,fmcg,alimentare_confezionato,66,4.0,4.0,0.0008,0,1.027,1.0794,1210.0,2.22
P0036,fmcg,alimentare_confezionato,67,3.96,4.0,-0.0111,0,1.0588,1.0777,1313.9,2.22
P0036,fmcg,alimentare_confezionato,68,3.9,4.0,-0.0259,0,1.0191,1.0748,992.7,2.22
P0036,fmcg,alimentare_confezionato,69,4.03,4.0,0.0086,0,1.0775,1.0708,848.3,2.22
P0036,fmcg,alimentare_confezionato,70,3.92,4.0,-0.0201,0,1.0173,1.0658,1262.9,2.22
P0036,fmcg,alimentare_confezionato,71,3.96,4.0,-0.0104,0,1.0359,1.0599,997.4,2.22
P0036,fmcg,alimentare_confezionato,72,3.97,4.0,-0.0072,0,1.0431,1.053,850.6,2.22
P0036,fmcg,alimentare_confezionato,73,3.8,4.0,-0.0493,0,0.9972,1.0454,902.0,2.22
P0036,fmcg,alimentare_confezionato,74,3.72,4.0,-0.07,1,1.074,1.0372,1244.2,2.22
P0036,fmcg,alimentare_confezionato,75,4.03,4.0,0.0087,0,1.0843,1.0284,939.8,2.22
P0036,fmcg,alimentare_confezionato,76,4.18,4.0,0.0452,0,1.0439,1.0191,929.2,2.22
P0036,fmcg,alimentare_confezionato,77,4.06,4.0,0.016,0,0.932,1.0096,856.4,2.22
P0036,fmcg,alimentare_confezionato,78,4.18,4.0,0.0456,0,1.0219,1.0,686.9,2.22
P0036,fmcg,alimentare_confezionato,79,3.9,4.0,-0.0238,0,0.9914,0.9904,840.4,2.22
P0036,fmcg,alimentare_confezionato,80,4.25,4.0,0.0619,0,1.02,0.9809,846.7,2.22
P0036,fmcg,alimentare_confezionato,81,3.68,4.0,-0.0798,1,0.9386,0.9716,1094.7,2.22
P0036,fmcg,alimentare_confezionato,82,4.05,4.0,0.0134,0,0.9517,0.9628,900.2,2.22
P0036,fmcg,alimentare_confezionato,83,3.59,4.0,-0.1021,1,1.0385,0.9546,1349.5,2.22
P0036,fmcg,alimentare_confezionato,84,4.19,4.0,0.0473,0,0.8996,0.947,976.4,2.22
P0036,fmcg,alimentare_confezionato,85,3.93,4.0,-0.0187,0,0.9823,0.9401,953.8,2.22
P0036,fmcg,alimentare_confezionato,86,3.96,4.0,-0.01,0,1.0263,0.9342,920.7,2.22
P0036,fmcg,alimentare_confezionato,87,3.95,4.0,-0.0113,0,1.0347,0.9292,1015.3,2.22
P0036,fmcg,alimentare_confezionato,88,4.06,4.0,0.015,0,1.0469,0.9252,940.7,2.22
P0036,fmcg,alimentare_confezionato,89,3.54,4.0,-0.1153,1,0.9956,0.9223,1227.6,2.22
P0036,fmcg,alimentare_confezionato,90,3.95,4.0,-0.0116,0,1.0256,0.9206,815.1,2.22
P0036,fmcg,alimentare_confezionato,91,3.81,4.0,-0.0486,0,0.9184,0.92,937.1,2.22
P0036,fmcg,alimentare_confezionato,92,3.82,4.0,-0.044,0,0.9681,0.9206,861.9,2.22
P0036,fmcg,alimentare_confezionato,93,3.63,4.0,-0.0932,1,0.973,0.9223,1306.2,2.22
P0036,fmcg,alimentare_confezionato,94,4.21,4.0,0.0515,0,1.0074,0.9252,814.3,2.22
P0036,fmcg,alimentare_confezionato,95,4.07,4.0,0.0168,0,1.0195,0.9292,994.3,2.22
P0036,fmcg,alimentare_confezionato,96,3.97,4.0,-0.0082,0,1.017,0.9342,891.0,2.22
P0036,fmcg,alimentare_confezionato,97,3.82,4.0,-0.0455,0,1.0403,0.9401,883.2,2.22
P0036,fmcg,alimentare_confezionato,98,4.12,4.0,0.03,0,1.0229,0.947,831.9,2.22
P0036,fmcg,alimentare_confezionato,99,3.98,4.0,-0.004,0,1.0608,0.9546,746.4,2.22
P0036,fmcg,alimentare_confezionato,100,3.91,4.0,-0.022,0,0.9987,0.9628,891.2,2.22
P0036,fmcg,alimentare_confezionato,101,4.15,4.0,0.0381,0,1.0139,0.9716,912.0,2.22
P0036,fmcg,alimentare_confezionato,102,4.0,4.0,0.0003,0,0.9353,0.9809,816.2,2.22
P0036,fmcg,alimentare_confezionato,103,3.98,4.0,-0.0052,0,1.0116,0.9904,791.8,2.22
P0037,fmcg,cura_persona,0,10.52,10.85,-0.0306,0,0.9465,1.0,2057.4,6.66
P0037,fmcg,cura_persona,1,11.08,10.85,0.0212,0,0.9916,1.0096,2250.3,6.66
P0037,fmcg,cura_persona,2,10.7,10.85,-0.0142,0,1.0937,1.0191,1805.3,6.66
P0037,fmcg,cura_persona,3,11.48,10.85,0.0579,0,1.0383,1.0284,1876.0,6.66
P0037,fmcg,cura_persona,4,10.73,10.85,-0.0113,0,0.9647,1.0372,2119.5,6.66
P0037,fmcg,cura_persona,5,10.49,10.85,-0.0331,0,1.0555,1.0454,2122.8,6.66
P0037,fmcg,cura_persona,6,10.3,10.85,-0.0505,0,1.0015,1.053,2109.4,6.66
P0037,fmcg,cura_persona,7,10.81,10.85,-0.0038,0,1.0528,1.0599,2360.6,6.66
P0037,fmcg,cura_persona,8,9.51,10.85,-0.1238,1,0.9832,1.0658,3889.4,6.66
P0037,fmcg,cura_persona,9,11.17,10.85,0.0292,0,1.0618,1.0708,1929.5,6.66
P0037,fmcg,cura_persona,10,10.64,10.85,-0.0191,0,0.9267,1.0748,2206.1,6.66
P0037,fmcg,cura_persona,11,10.45,10.85,-0.0366,0,1.0663,1.0777,2293.9,6.66
P0037,fmcg,cura_persona,12,10.59,10.85,-0.0239,0,0.9928,1.0794,2119.7,6.66
P0037,fmcg,cura_persona,13,11.36,10.85,0.0468,0,1.0237,1.08,2363.1,6.66
P0037,fmcg,cura_persona,14,11.1,10.85,0.0229,0,0.9514,1.0794,1852.7,6.66
P0037,fmcg,cura_persona,15,10.94,10.85,0.008,0,1.0027,1.0777,2429.8,6.66
P0037,fmcg,cura_persona,16,11.41,10.85,0.0514,0,0.9405,1.0748,2469.8,6.66
P0037,fmcg,cura_persona,17,10.71,10.85,-0.0128,0,0.9166,1.0708,1947.4,6.66
P0037,fmcg,cura_persona,18,11.61,10.85,0.0705,0,1.0009,1.0658,1839.4,6.66
P0037,fmcg,cura_persona,19,10.35,10.85,-0.0463,0,1.0437,1.0599,2393.1,6.66
P0037,fmcg,cura_persona,20,11.09,10.85,0.022,0,1.0415,1.053,2064.7,6.66
P0037,fmcg,cura_persona,21,10.27,10.85,-0.0539,1,0.9315,1.0454,3375.5,6.66
P0037,fmcg,cura_persona,22,11.21,10.85,0.0333,0,1.0068,1.0372,1981.9,6.66
P0037,fmcg,cura_persona,23,10.96,10.85,0.0106,0,0.9891,1.0284,2359.9,6.66
P0037,fmcg,cura_persona,24,11.08,10.85,0.0216,0,1.082,1.0191,2127.1,6.66
P0037,fmcg,cura_persona,25,11.07,10.85,0.02,0,1.0949,1.0096,2138.2,6.66
P0037,fmcg,cura_persona,26,10.84,10.85,-0.0013,0,0.9613,1.0,1819.1,6.66
P0037,fmcg,cura_persona,27,10.47,10.85,-0.0353,0,1.0373,0.9904,2328.7,6.66
P0037,fmcg,cura_persona,28,10.65,10.85,-0.018,0,0.9605,0.9809,2224.5,6.66
P0037,fmcg,cura_persona,29,10.38,10.85,-0.0431,0,1.0969,0.9716,2005.3,6.66
P0037,fmcg,cura_persona,30,10.76,10.85,-0.0085,0,1.0626,0.9628,1581.5,6.66
P0037,fmcg,cura_persona,31,9.45,10.85,-0.1292,1,1.0132,0.9546,2953.3,6.66
P0037,fmcg,cura_persona,32,10.9,10.85,0.0044,0,0.9646,0.947,1901.6,6.66
P0037,fmcg,cura_persona,33,9.92,10.85,-0.0853,1,1.0219,0.9401,2889.5,6.66
P0037,fmcg,cura_persona,34,10.72,10.85,-0.0119,0,1.0303,0.9342,1847.7,6.66
P0037,fmcg,cura_persona,35,10.86,10.85,0.0011,0,0.9891,0.9292,2245.5,6.66
P0037,fmcg,cura_persona,36,10.59,10.85,-0.0236,0,1.0616,0.9252,2523.2,6.66
P0037,fmcg,cura_persona,37,10.87,10.85,0.0018,0,1.0229,0.9223,2128.0,6.66
P0037,fmcg,cura_persona,38,10.97,10.85,0.011,0,1.0463,0.9206,2001.9,6.66
P0037,fmcg,cura_persona,39,10.5,10.85,-0.0321,0,0.9835,0.92,1921.6,6.66
P0037,fmcg,cura_persona,40,10.22,10.85,-0.0578,0,0.9788,0.9206,2080.7,6.66
P0037,fmcg,cura_persona,41,11.06,10.85,0.0195,0,1.0094,0.9223,1813.2,6.66
P0037,fmcg,cura_persona,42,11.18,10.85,0.0307,0,0.9949,0.9252,1746.2,6.66
P0037,fmcg,cura_persona,43,10.57,10.85,-0.0256,0,0.9735,0.9292,1908.6,6.66
P0037,fmcg,cura_persona,44,11.1,10.85,0.023,0,1.0204,0.9342,2266.3,6.66
P0037,fmcg,cura_persona,45,11.59,10.85,0.0685,0,1.028,0.9401,1871.1,6.66
P0037,fmcg,cura_persona,46,11.16,10.85,0.0289,0,0.9672,0.947,1583.1,6.66
P0037,fmcg,cura_persona,47,10.38,10.85,-0.0437,0,1.0219,0.9546,1951.4,6.66
P0037,fmcg,cura_persona,48,11.33,10.85,0.0442,0,1.0265,0.9628,2172.2,6.66
P0037,fmcg,cura_persona,49,11.7,10.85,0.0782,0,1.0373,0.9716,1600.2,6.66
P0037,fmcg,cura_persona,50,10.79,10.85,-0.0053,0,0.9875,0.9809,1703.1,6.66
P0037,fmcg,cura_persona,51,10.32,10.85,-0.0485,0,0.8737,0.9904,2178.5,6.66
P0037,fmcg,cura_persona,52,9.3,10.85,-0.1426,1,0.8448,1.0,3114.9,6.66
P0037,fmcg,cura_persona,53,10.61,10.85,-0.0222,0,1.0194,1.0096,2605.9,6.66
P0037,fmcg,cura_persona,54,11.24,10.85,0.0359,0,1.0555,1.0191,1777.0,6.66
P0037,fmcg,cura_persona,55,11.23,10.85,0.0348,0,0.9782,1.0284,1846.3,6.66
P0037,fmcg,cura_persona,56,10.29,10.85,-0.0519,0,0.9456,1.0372,2208.7,6.66
P0037,fmcg,cura_persona,57,9.37,10.85,-0.1362,1,1.0516,1.0454,3186.0,6.66
P0037,fmcg,cura_persona,58,11.05,10.85,0.0183,0,0.9601,1.053,1989.7,6.66
P0037,fmcg,cura_persona,59,10.96,10.85,0.0102,0,1.0771,1.0599,1930.3,6.66
P0037,fmcg,cura_persona,60,10.83,10.85,-0.0021,0,0.9117,1.0658,2016.1,6.66
P0037,fmcg,cura_persona,61,10.73,10.85,-0.0111,0,1.021,1.0708,2861.2,6.66
P0037,fmcg,cura_persona,62,10.67,10.85,-0.017,0,0.9552,1.0748,1996.8,6.66
P0037,fmcg,cura_persona,63,10.85,10.85,0.0001,0,0.9093,1.0777,2265.9,6.66
P0037,fmcg,cura_persona,64,10.85,10.85,0.0004,0,1.0635,1.0794,2392.5,6.66
P0037,fmcg,cura_persona,65,10.65,10.85,-0.0185,0,1.0033,1.08,2506.5,6.66
P0037,fmcg,cura_persona,66,10.81,10.85,-0.0035,0,1.0109,1.0794,1945.9,6.66
P0037,fmcg,cura_persona,67,11.12,10.85,0.0248,0,1.0421,1.0777,2189.2,6.66
P0037,fmcg,cura_persona,68,11.04,10.85,0.0178,0,0.9883,1.0748,1887.9,6.66
P0037,fmcg,cura_persona,69,11.14,10.85,0.027,0,1.0899,1.0708,2779.2,6.66
P0037,fmcg,cura_persona,70,10.36,10.85,-0.045,0,0.8568,1.0658,2710.0,6.66
P0037,fmcg,cura_persona,71,10.89,10.85,0.0034,0,0.9387,1.0599,2186.9,6.66
P0037,fmcg,cura_persona,72,11.15,10.85,0.0274,0,1.0136,1.053,2280.3,6.66
P0037,fmcg,cura_persona,73,11.3,10.85,0.0414,0,1.0316,1.0454,1769.9,6.66
P0037,fmcg,cura_persona,74,11.32,10.85,0.0429,0,1.0233,1.0372,2088.5,6.66
P0037,fmcg,cura_persona,75,10.23,10.85,-0.0572,0,1.0621,1.0284,2263.1,6.66
P0037,fmcg,cura_persona,76,10.19,10.85,-0.0612,1,0.9379,1.0191,2818.0,6.66
P0037,fmcg,cura_persona,77,10.77,10.85,-0.0074,0,0.9689,1.0096,1990.6,6.66
P0037,fmcg,cura_persona,78,11.51,10.85,0.0613,0,0.893,1.0,2641.2,6.66
P0037,fmcg,cura_persona,79,9.94,10.85,-0.0842,1,0.9782,0.9904,3036.7,6.66
P0037,fmcg,cura_persona,80,10.24,10.85,-0.0564,1,0.9597,0.9809,3288.2,6.66
P0037,fmcg,cura_persona,81,11.02,10.85,0.0154,0,0.9815,0.9716,1767.8,6.66
P0037,fmcg,cura_persona,82,10.49,10.85,-0.0334,0,0.9435,0.9628,2098.6,6.66
P0037,fmcg,cura_persona,83,9.77,10.85,-0.0999,1,1.0078,0.9546,3106.2,6.66
P0037,fmcg,cura_persona,84,10.58,10.85,-0.0246,0,1.0322,0.947,2049.3,6.66
P0037,fmcg,cura_persona,85,11.41,10.85,0.0518,0,0.9939,0.9401,2055.3,6.66
P0037,fmcg,cura_persona,86,11.34,10.85,0.0451,0,1.0346,0.9342,1811.9,6.66
P0037,fmcg,cura_persona,87,10.76,10.85,-0.0085,0,0.8917,0.9292,2157.9,6.66
P0037,fmcg,cura_persona,88,11.16,10.85,0.0289,0,0.9941,0.9252,1998.5,6.66
P0037,fmcg,cura_persona,89,10.41,10.85,-0.0409,0,0.8762,0.9223,2051.4,6.66
P0037,fmcg,cura_persona,90,10.51,10.85,-0.0316,0,1.0167,0.9206,1943.5,6.66
P0037,fmcg,cura_persona,91,11.82,10.85,0.0891,0,0.9981,0.92,1423.6,6.66
P0037,fmcg,cura_persona,92,10.78,10.85,-0.0061,0,0.9912,0.9206,2282.8,6.66
P0037,fmcg,cura_persona,93,11.55,10.85,0.0649,0,0.9784,0.9223,1820.9,6.66
P0037,fmcg,cura_persona,94,11.3,10.85,0.0418,0,1.0656,0.9252,1746.7,6.66
P0037,fmcg,cura_persona,95,9.91,10.85,-0.0868,0,0.9902,0.9292,2612.3,6.66
P0037,fmcg,cura_persona,96,10.82,10.85,-0.003,0,1.085,0.9342,1881.9,6.66
P0037,fmcg,cura_persona,97,10.67,10.85,-0.0164,0,0.9439,0.9401,2189.0,6.66
P0037,fmcg,cura_persona,98,9.76,10.85,-0.1007,1,0.9793,0.947,2979.6,6.66
P0037,fmcg,cura_persona,99,10.99,10.85,0.0132,0,1.0049,0.9546,1714.6,6.66
P0037,fmcg,cura_persona,100,10.75,10.85,-0.009,0,1.0882,0.9628,1807.6,6.66
P0037,fmcg,cura_persona,101,10.44,10.85,-0.0382,0,0.9721,0.9716,2258.8,6.66
P0037,fmcg,cura_persona,102,10.85,10.85,-0.0002,0,1.0166,0.9809,1940.4,6.66
P0037,fmcg,cura_persona,103,10.73,10.85,-0.0107,0,0.9951,0.9904,2212.0,6.66
P0038,fmcg,alimentare_confezionato,0,5.19,5.08,0.0225,0,1.0158,1.0,1527.6,3.37
P0038,fmcg,alimentare_confezionato,1,4.5,5.08,-0.115,1,0.9286,1.0096,1897.0,3.37
P0038,fmcg,alimentare_confezionato,2,4.69,5.08,-0.0774,0,1.0597,1.0191,1582.8,3.37
P0038,fmcg,alimentare_confezionato,3,4.69,5.08,-0.0771,0,0.9882,1.0284,2097.1,3.37
P0038,fmcg,alimentare_confezionato,4,5.02,5.08,-0.0118,0,0.9029,1.0372,1352.7,3.37
P0038,fmcg,alimentare_confezionato,5,4.46,5.08,-0.1224,1,0.9964,1.0454,2518.0,3.37
P0038,fmcg,alimentare_confezionato,6,5.15,5.08,0.0143,0,0.979,1.053,1596.6,3.37
P0038,fmcg,alimentare_confezionato,7,4.8,5.08,-0.0551,0,0.9786,1.0599,1884.9,3.37
P0038,fmcg,alimentare_confezionato,8,5.09,5.08,0.0011,0,1.0449,1.0658,1555.9,3.37
P0038,fmcg,alimentare_confezionato,9,4.99,5.08,-0.0168,0,1.0478,1.0708,1709.4,3.37
P0038,fmcg,alimentare_confezionato,10,4.82,5.08,-0.0521,0,1.0552,1.0748,1610.4,3.37
P0038,fmcg,alimentare_confezionato,11,4.82,5.08,-0.0513,1,1.0401,1.0777,2674.0,3.37
P0038,fmcg,alimentare_confezionato,12,5.27,5.08,0.0375,0,1.0013,1.0794,1589.8,3.37
P0038,fmcg,alimentare_confezionato,13,4.38,5.08,-0.1374,1,0.9861,1.08,2593.6,3.37
P0038,fmcg,alimentare_confezionato,14,5.24,5.08,0.0311,0,0.972,1.0794,1737.9,3.37
P0038,fmcg,alimentare_confezionato,15,5.18,5.08,0.0192,0,0.9678,1.0777,1708.0,3.37
P0038,fmcg,alimentare_confezionato,16,4.98,5.08,-0.0187,0,0.9807,1.0748,1501.0,3.37
P0038,fmcg,alimentare_confezionato,17,4.89,5.08,-0.0367,0,0.9866,1.0708,1780.1,3.37
P0038,fmcg,alimentare_confezionato,18,4.38,5.08,-0.1374,1,0.9879,1.0658,2638.9,3.37
P0038,fmcg,alimentare_confezionato,19,4.87,5.08,-0.042,0,0.9812,1.0599,1565.9,3.37
P0038,fmcg,alimentare_confezionato,20,5.23,5.08,0.03,0,1.013,1.053,1527.8,3.37
P0038,fmcg,alimentare_confezionato,21,5.09,5.08,0.0028,0,1.0257,1.0454,1510.7,3.37
P0038,fmcg,alimentare_confezionato,22,4.48,5.08,-0.1186,1,1.0049,1.0372,2749.5,3.37
P0038,fmcg,alimentare_confezionato,23,5.32,5.08,0.0465,0,1.0143,1.0284,1434.3,3.37
P0038,fmcg,alimentare_confezionato,24,4.76,5.08,-0.0633,0,0.9328,1.0191,1668.9,3.37
P0038,fmcg,alimentare_confezionato,25,5.33,5.08,0.0494,0,1.0657,1.0096,1285.9,3.37
P0038,fmcg,alimentare_confezionato,26,5.0,5.08,-0.0167,0,1.0341,1.0,1697.7,3.37
P0038,fmcg,alimentare_confezionato,27,4.99,5.08,-0.0172,0,1.0507,0.9904,1220.3,3.37
P0038,fmcg,alimentare_confezionato,28,5.08,5.08,-0.0009,0,0.9998,0.9809,1152.8,3.37
P0038,fmcg,alimentare_confezionato,29,4.6,5.08,-0.0951,1,0.9787,0.9716,2341.7,3.37
P0038,fmcg,alimentare_confezionato,30,5.27,5.08,0.0372,0,1.0096,0.9628,1214.1,3.37
P0038,fmcg,alimentare_confezionato,31,5.36,5.08,0.056,0,1.0249,0.9546,1288.2,3.37
P0038,fmcg,alimentare_confezionato,32,5.29,5.08,0.0406,0,1.0408,0.947,1379.7,3.37
P0038,fmcg,alimentare_confezionato,33,5.22,5.08,0.0267,0,0.8909,0.9401,1413.8,3.37
P0038,fmcg,alimentare_confezionato,34,4.99,5.08,-0.0175,0,0.9902,0.9342,1196.1,3.37
P0038,fmcg,alimentare_confezionato,35,5.3,5.08,0.0436,0,1.0231,0.9292,970.8,3.37
P0038,fmcg,alimentare_confezionato,36,5.24,5.08,0.0308,0,0.986,0.9252,1530.6,3.37
P0038,fmcg,alimentare_confezionato,37,4.56,5.08,-0.1018,1,0.9928,0.9223,1957.7,3.37
P0038,fmcg,alimentare_confezionato,38,4.36,5.08,-0.1425,1,0.9597,0.9206,2062.7,3.37
P0038,fmcg,alimentare_confezionato,39,5.27,5.08,0.0365,0,1.0257,0.92,1421.1,3.37
P0038,fmcg,alimentare_confezionato,40,5.19,5.08,0.0211,0,0.9926,0.9206,1263.7,3.37
P0038,fmcg,alimentare_confezionato,41,4.82,5.08,-0.0515,1,0.9063,0.9223,1975.5,3.37
P0038,fmcg,alimentare_confezionato,42,4.82,5.08,-0.0503,0,0.9473,0.9252,1352.3,3.37
P0038,fmcg,alimentare_confezionato,43,5.3,5.08,0.0424,0,1.082,0.9292,1073.8,3.37
P0038,fmcg,alimentare_confezionato,44,4.82,5.08,-0.0502,0,1.0644,0.9342,1603.7,3.37
P0038,fmcg,alimentare_confezionato,45,5.12,5.08,0.008,0,0.9972,0.9401,1215.2,3.37
P0038,fmcg,alimentare_confezionato,46,4.58,5.08,-0.0991,1,0.94,0.947,2261.1,3.37
P0038,fmcg,alimentare_confezionato,47,5.12,5.08,0.008,0,0.9938,0.9546,1571.1,3.37
P0038,fmcg,alimentare_confezionato,48,4.92,5.08,-0.0309,0,1.0161,0.9628,1586.5,3.37
P0038,fmcg,alimentare_confezionato,49,5.26,5.08,0.0363,0,0.9692,0.9716,1486.8,3.37
P0038,fmcg,alimentare_confezionato,50,5.06,5.08,-0.0042,0,0.9863,0.9809,1761.1,3.37
P0038,fmcg,alimentare_confezionato,51,4.73,5.08,-0.069,1,0.9119,0.9904,2003.3,3.37
P0038,fmcg,alimentare_confezionato,52,5.52,5.08,0.0866,0,0.9667,1.0,1294.9,3.37
P0038,fmcg,alimentare_confezionato,53,4.8,5.08,-0.0556,0,0.9737,1.0096,1747.2,3.37
P0038,fmcg,alimentare_confezionato,54,4.67,5.08,-0.0805,0,0.9717,1.0191,1985.3,3.37
P0038,fmcg,alimentare_confezionato,55,5.3,5.08,0.0426,0,0.9507,1.0284,1676.5,3.37
P0038,fmcg,alimentare_confezionato,56,4.38,5.08,-0.1387,1,1.0002,1.0372,1948.7,3.37
P0038,fmcg,alimentare_confezionato,57,5.0,5.08,-0.0155,0,0.9812,1.0454,1350.7,3.37
P0038,fmcg,alimentare_confezionato,58,4.99,5.08,-0.0182,0,1.0788,1.053,1545.1,3.37
P0038,fmcg,alimentare_confezionato,59,5.31,5.08,0.0462,0,0.9963,1.0599,1462.1,3.37
P0038,fmcg,alimentare_confezionato,60,5.0,5.08,-0.016,0,1.0214,1.0658,1403.9,3.37
P0038,fmcg,alimentare_confezionato,61,5.01,5.08,-0.0147,0,1.0033,1.0708,1964.4,3.37
P0038,fmcg,alimentare_confezionato,62,4.96,5.08,-0.0242,0,1.1373,1.0748,1592.7,3.37
P0038,fmcg,alimentare_confezionato,63,4.4,5.08,-0.1342,1,0.9862,1.0777,2590.1,3.37
P0038,fmcg,alimentare_confezionato,64,5.15,5.08,0.0141,0,1.0539,1.0794,1791.2,3.37
P0038,fmcg,alimentare_confezionato,65,4.53,5.08,-0.1083,1,1.0554,1.08,2142.9,3.37
P0038,fmcg,alimentare_confezionato,66,4.99,5.08,-0.0179,0,0.9825,1.0794,1441.5,3.37
P0038,fmcg,alimentare_confezionato,67,5.25,5.08,0.0341,0,1.1135,1.0777,1426.8,3.37
P0038,fmcg,alimentare_confezionato,68,5.12,5.08,0.0077,0,1.05,1.0748,2075.4,3.37
P0038,fmcg,alimentare_confezionato,69,4.72,5.08,-0.0714,1,1.0264,1.0708,2446.8,3.37
P0038,fmcg,alimentare_confezionato,70,4.89,5.08,-0.0384,0,0.9601,1.0658,1956.6,3.37
P0038,fmcg,alimentare_confezionato,71,5.04,5.08,-0.0073,0,1.0131,1.0599,1856.1,3.37
P0038,fmcg,alimentare_confezionato,72,5.0,5.08,-0.0156,0,1.1009,1.053,1679.3,3.37
P0038,fmcg,alimentare_confezionato,73,5.1,5.08,0.0041,0,1.0511,1.0454,1146.3,3.37
P0038,fmcg,alimentare_confezionato,74,5.01,5.08,-0.013,0,0.9179,1.0372,1604.3,3.37
P0038,fmcg,alimentare_confezionato,75,5.08,5.08,-0.0008,0,0.9826,1.0284,1365.3,3.37
P0038,fmcg,alimentare_confezionato,76,4.96,5.08,-0.0242,0,1.043,1.0191,1635.9,3.37
P0038,fmcg,alimentare_confezionato,77,4.9,5.08,-0.0364,0,0.9813,1.0096,1758.2,3.37
P0038,fmcg,alimentare_confezionato,78,5.0,5.08,-0.0167,0,0.8694,1.0,1421.3,3.37
P0038,fmcg,alimentare_confezionato,79,4.92,5.08,-0.0317,0,0.9793,0.9904,1727.3,3.37
P0038,fmcg,alimentare_confezionato,80,5.26,5.08,0.0346,0,0.9246,0.9809,1339.0,3.37
P0038,fmcg,alimentare_confezionato,81,5.0,5.08,-0.0149,0,0.9477,0.9716,1741.2,3.37
P0038,fmcg,alimentare_confezionato,82,5.26,5.08,0.0355,0,0.9785,0.9628,1204.6,3.37
P0038,fmcg,alimentare_confezionato,83,5.13,5.08,0.0093,0,1.0905,0.9546,1480.1,3.37
P0038,fmcg,alimentare_confezionato,84,5.05,5.08,-0.0066,0,0.9984,0.947,1829.9,3.37
P0038,fmcg,alimentare_confezionato,85,5.13,5.08,0.0091,0,1.0055,0.9401,1438.5,3.37
P0038,fmcg,alimentare_confezionato,86,5.01,5.08,-0.0145,0,0.9578,0.9342,1623.4,3.37
P0038,fmcg,alimentare_confezionato,87,5.25,5.08,0.0332,0,1.0823,0.9292,1403.7,3.37
P0038,fmcg,alimentare_confezionato,88,5.65,5.08,0.112,0,1.0104,0.9252,942.1,3.37
P0038,fmcg,alimentare_confezionato,89,5.36,5.08,0.0543,0,0.9353,0.9223,1156.4,3.37
P0038,fmcg,alimentare_confezionato,90,5.03,5.08,-0.0095,0,0.9945,0.9206,1594.4,3.37
P0038,fmcg,alimentare_confezionato,91,4.61,5.08,-0.0917,1,0.9306,0.92,2169.1,3.37
P0038,fmcg,alimentare_confezionato,92,4.96,5.08,-0.0242,0,0.9421,0.9206,1391.2,3.37
P0038,fmcg,alimentare_confezionato,93,4.93,5.08,-0.0293,0,0.9669,0.9223,1258.9,3.37
P0038,fmcg,alimentare_confezionato,94,5.14,5.08,0.0118,0,1.1058,0.9252,1395.6,3.37
P0038,fmcg,alimentare_confezionato,95,5.23,5.08,0.0302,0,1.0348,0.9292,1236.4,3.37
P0038,fmcg,alimentare_confezionato,96,5.08,5.08,-0.0009,0,1.0118,0.9342,1497.8,3.37
P0038,fmcg,alimentare_confezionato,97,4.83,5.08,-0.0502,1,0.9705,0.9401,2107.8,3.37
P0038,fmcg,alimentare_confezionato,98,4.57,5.08,-0.1008,1,0.9893,0.947,2030.0,3.37
P0038,fmcg,alimentare_confezionato,99,5.14,5.08,0.0125,0,0.959,0.9546,1646.7,3.37
P0038,fmcg,alimentare_confezionato,100,5.07,5.08,-0.0026,0,0.9766,0.9628,1513.9,3.37
P0038,fmcg,alimentare_confezionato,101,4.8,5.08,-0.0558,0,1.0188,0.9716,1732.6,3.37
P0038,fmcg,alimentare_confezionato,102,5.11,5.08,0.0069,0,1.0347,0.9809,1558.2,3.37
P0038,fmcg,alimentare_confezionato,103,5.02,5.08,-0.0115,0,0.948,0.9904,1219.0,3.37
P0039,fmcg,alimentare_confezionato,0,3.4,3.32,0.0246,0,1.0584,1.0,3459.4,1.86
P0039,fmcg,alimentare_confezionato,1,3.15,3.32,-0.0526,0,0.9565,1.0096,4395.8,1.86
P0039,fmcg,alimentare_confezionato,2,3.52,3.32,0.0588,0,0.988,1.0191,3285.9,1.86
P0039,fmcg,alimentare_confezionato,3,3.24,3.32,-0.0241,0,1.1111,1.0284,4601.3,1.86
P0039,fmcg,alimentare_confezionato,4,3.29,3.32,-0.0084,0,0.9999,1.0372,4490.2,1.86
P0039,fmcg,alimentare_confezionato,5,3.29,3.32,-0.0102,0,0.9663,1.0454,3956.0,1.86
P0039,fmcg,alimentare_confezionato,6,3.01,3.32,-0.0948,1,1.0143,1.053,6291.8,1.86
P0039,fmcg,alimentare_confezionato,7,3.22,3.32,-0.029,0,1.0052,1.0599,4109.5,1.86
P0039,fmcg,alimentare_confezionato,8,3.1,3.32,-0.0676,1,0.9374,1.0658,7612.0,1.86
P0039,fmcg,alimentare_confezionato,9,3.37,3.32,0.0144,0,0.9624,1.0708,4711.1,1.86
P0039,fmcg,alimentare_confezionato,10,3.27,3.32,-0.0138,0,0.9712,1.0748,4180.2,1.86
P0039,fmcg,alimentare_confezionato,11,3.34,3.32,0.006,0,0.998,1.0777,3847.3,1.86
P0039,fmcg,alimentare_confezionato,12,3.27,3.32,-0.0161,0,1.023,1.0794,4712.4,1.86
P0039,fmcg,alimentare_confezionato,13,3.03,3.32,-0.0875,1,1.0192,1.08,6032.0,1.86
P0039,fmcg,alimentare_confezionato,14,3.29,3.32,-0.0076,0,0.9812,1.0794,3788.2,1.86
P0039,fmcg,alimentare_confezionato,15,3.34,3.32,0.0047,0,0.9433,1.0777,3855.8,1.86
P0039,fmcg,alimentare_confezionato,16,3.13,3.32,-0.0561,0,0.9908,1.0748,4031.6,1.86
P0039,fmcg,alimentare_confezionato,17,3.04,3.32,-0.0856,1,0.9506,1.0708,6516.4,1.86
P0039,fmcg,alimentare_confezionato,18,3.42,3.32,0.0295,0,1.0512,1.0658,3382.4,1.86
P0039,fmcg,alimentare_confezionato,19,3.37,3.32,0.0164,0,1.0436,1.0599,5002.1,1.86
P0039,fmcg,alimentare_confezionato,20,3.42,3.32,0.0314,0,1.1317,1.053,3977.3,1.86
P0039,fmcg,alimentare_confezionato,21,3.34,3.32,0.0062,0,0.9542,1.0454,4096.9,1.86
P0039,fmcg,alimentare_confezionato,22,3.08,3.32,-0.0714,1,0.9942,1.0372,6438.0,1.86
P0039,fmcg,alimentare_confezionato,23,3.21,3.32,-0.0337,0,1.1038,1.0284,4347.3,1.86
P0039,fmcg,alimentare_confezionato,24,3.13,3.32,-0.0566,0,0.969,1.0191,4992.0,1.86
P0039,fmcg,alimentare_confezionato,25,2.83,3.32,-0.1489,1,1.0114,1.0096,5422.2,1.86
P0039,fmcg,alimentare_confezionato,26,3.48,3.32,0.0493,0,1.0543,1.0,3575.9,1.86
P0039,fmcg,alimentare_confezionato,27,3.17,3.32,-0.0441,0,0.9514,0.9904,5234.5,1.86
P0039,fmcg,alimentare_confezionato,28,3.29,3.32,-0.0101,0,0.9972,0.9809,3554.6,1.86
P0039,fmcg,alimentare_confezionato,29,3.34,3.32,0.0069,0,1.001,0.9716,3282.4,1.86
P0039,fmcg,alimentare_confezionato,30,3.26,3.32,-0.0185,0,0.9507,0.9628,4537.7,1.86
P0039,fmcg,alimentare_confezionato,31,3.55,3.32,0.068,0,1.0325,0.9546,3261.0,1.86
P0039,fmcg,alimentare_confezionato,32,2.87,3.32,-0.1347,1,0.979,0.947,6894.5,1.86
P0039,fmcg,alimentare_confezionato,33,3.29,3.32,-0.0104,0,1.0401,0.9401,3392.6,1.86
P0039,fmcg,alimentare_confezionato,34,3.39,3.32,0.0208,0,1.0759,0.9342,3036.9,1.86
P0039,fmcg,alimentare_confezionato,35,3.21,3.32,-0.0331,0,0.9231,0.9292,3232.6,1.86
P0039,fmcg,alimentare_confezionato,36,3.46,3.32,0.0432,0,0.9844,0.9252,3403.5,1.86
P0039,fmcg,alimentare_confezionato,37,3.39,3.32,0.0222,0,1.0938,0.9223,3141.2,1.86
P0039,fmcg,alimentare_confezionato,38,3.36,3.32,0.0128,0,1.0008,0.9206,3714.9,1.86
P0039,fmcg,alimentare_confezionato,39,3.54,3.32,0.065,0,1.026,0.92,3478.3,1.86
P0039,fmcg,alimentare_confezionato,40,3.42,3.32,0.0294,0,0.9522,0.9206,3493.4,1.86
P0039,fmcg,alimentare_confezionato,41,3.03,3.32,-0.0876,0,1.0117,0.9223,4345.8,1.86
P0039,fmcg,alimentare_confezionato,42,3.0,3.32,-0.0962,1,1.0046,0.9252,5196.7,1.86
P0039,fmcg,alimentare_confezionato,43,3.26,3.32,-0.0171,0,1.1011,0.9292,3640.6,1.86
P0039,fmcg,alimentare_confezionato,44,3.07,3.32,-0.0751,1,0.9819,0.9342,4806.4,1.86
P0039,fmcg,alimentare_confezionato,45,3.41,3.32,0.0257,0,1.021,0.9401,3131.1,1.86
P0039,fmcg,alimentare_confezionato,46,3.52,3.32,0.059,0,0.9618,0.947,3656.8,1.86
P0039,fmcg,alimentare_confezionato,47,3.44,3.32,0.0353,0,0.9657,0.9546,3155.3,1.86
P0039,fmcg,alimentare_confezionato,48,3.26,3.32,-0.0194,0,1.0202,0.9628,3936.0,1.86
P0039,fmcg,alimentare_confezionato,49,3.32,3.32,-0.001,0,0.9428,0.9716,4128.1,1.86
P0039,fmcg,alimentare_confezionato,50,3.32,3.32,-0.0008,0,1.0136,0.9809,4759.1,1.86
P0039,fmcg,alimentare_confezionato,51,3.21,3.32,-0.033,0,1.029,0.9904,3585.9,1.86
P0039,fmcg,alimentare_confezionato,52,3.25,3.32,-0.021,0,0.9649,1.0,3944.6,1.86
P0039,fmcg,alimentare_confezionato,53,3.45,3.32,0.0387,0,1.0463,1.0096,3879.7,1.86
P0039,fmcg,alimentare_confezionato,54,3.05,3.32,-0.0825,0,1.0184,1.0191,3503.6,1.86
P0039,fmcg,alimentare_confezionato,55,3.3,3.32,-0.0057,0,1.0132,1.0284,3860.8,1.86
P0039,fmcg,alimentare_confezionato,56,2.83,3.32,-0.1486,1,1.0231,1.0372,6424.0,1.86
P0039,fmcg,alimentare_confezionato,57,3.5,3.32,0.0548,0,1.0256,1.0454,3428.6,1.86
P0039,fmcg,alimentare_confezionato,58,3.15,3.32,-0.0506,0,0.9979,1.053,3968.0,1.86
P0039,fmcg,alimentare_confezionato,59,2.87,3.32,-0.1355,1,0.9008,1.0599,5669.0,1.86
P0039,fmcg,alimentare_confezionato,60,3.31,3.32,-0.0018,0,0.9753,1.0658,4063.6,1.86
P0039,fmcg,alimentare_confezionato,61,3.15,3.32,-0.0507,0,0.9733,1.0708,4462.0,1.86
P0039,fmcg,alimentare_confezionato,62,2.99,3.32,-0.099,1,1.0209,1.0748,6786.9,1.86
P0039,fmcg,alimentare_confezionato,63,3.14,3.32,-0.0552,0,1.0636,1.0777,4861.9,1.86
P0039,fmcg,alimentare_confezionato,64,3.35,3.32,0.0097,0,1.0534,1.0794,5134.1,1.86
P0039,fmcg,alimentare_confezionato,65,3.09,3.32,-0.0691,1,0.9395,1.08,5932.8,1.86
P0039,fmcg,alimentare_confezionato,66,3.36,3.32,0.012,0,1.0806,1.0794,4283.3,1.86
P0039,fmcg,alimentare_confezionato,67,3.17,3.32,-0.0442,0,1.0823,1.0777,4845.5,1.86
P0039,fmcg,alimentare_confezionato,68,3.28,3.32,-0.012,0,1.0134,1.0748,3823.7,1.86
P0039,fmcg,alimentare_confezionato,69,3.18,3.32,-0.0411,0,0.982,1.0708,4168.7,1.86
P0039,fmcg,alimentare_confezionato,70,3.28,3.32,-0.0121,0,0.9551,1.0658,4162.9,1.86
P0039,fmcg,alimentare_confezionato,71,3.53,3.32,0.0619,0,1.0152,1.0599,3927.6,1.86
P0039,fmcg,alimentare_confezionato,72,3.42,3.32,0.0305,0,1.0227,1.053,4072.3,1.86
P0039,fmcg,alimentare_confezionato,73,3.11,3.32,-0.0631,1,1.1045,1.0454,6906.8,1.86
P0039,fmcg,alimentare_confezionato,74,3.16,3.32,-0.0495,0,1.0605,1.0372,4070.6,1.86
P0039,fmcg,alimentare_confezionato,75,3.17,3.32,-0.0449,0,1.1113,1.0284,3660.7,1.86
P0039,fmcg,alimentare_confezionato,76,3.07,3.32,-0.0743,0,0.9979,1.0191,4313.1,1.86
P0039,fmcg,alimentare_confezionato,77,3.27,3.32,-0.0149,0,1.0569,1.0096,3592.9,1.86
P0039,fmcg,alimentare_confezionato,78,3.29,3.32,-0.0092,0,1.0248,1.0,4166.2,1.86
P0039,fmcg,alimentare_confezionato,79,3.14,3.32,-0.0536,1,1.0331,0.9904,4775.1,1.86
P0039,fmcg,alimentare_confezionato,80,3.51,3.32,0.0563,0,0.916,0.9809,3735.0,1.86
P0039,fmcg,alimentare_confezionato,81,3.49,3.32,0.0511,0,1.0363,0.9716,3559.6,1.86
P0039,fmcg,alimentare_confezionato,82,3.13,3.32,-0.0564,1,0.9806,0.9628,4425.8,1.86
P0039,fmcg,alimentare_confezionato,83,2.91,3.32,-0.1233,1,0.9542,0.9546,5999.9,1.86
P0039,fmcg,alimentare_confezionato,84,3.44,3.32,0.0347,0,0.9536,0.947,2414.4,1.86
P0039,fmcg,alimentare_confezionato,85,3.22,3.32,-0.031,0,1.0311,0.9401,4355.8,1.86
P0039,fmcg,alimentare_confezionato,86,3.52,3.32,0.0611,0,1.0618,0.9342,4107.8,1.86
P0039,fmcg,alimentare_confezionato,87,3.49,3.32,0.0513,0,0.998,0.9292,2880.4,1.86
P0039,fmcg,alimentare_confezionato,88,3.33,3.32,0.0022,0,1.0614,0.9252,3388.6,1.86
P0039,fmcg,alimentare_confezionato,89,3.04,3.32,-0.0856,0,0.9795,0.9223,4141.7,1.86
P0039,fmcg,alimentare_confezionato,90,3.44,3.32,0.0375,0,0.9453,0.9206,3684.4,1.86
P0039,fmcg,alimentare_confezionato,91,2.9,3.32,-0.127,1,1.0353,0.92,5333.7,1.86
P0039,fmcg,alimentare_confezionato,92,3.53,3.32,0.064,0,1.0369,0.9206,3258.0,1.86
P0039,fmcg,alimentare_confezionato,93,3.21,3.32,-0.0326,0,1.0316,0.9223,3988.6,1.86
P0039,fmcg,alimentare_confezionato,94,3.39,3.32,0.0221,0,0.9216,0.9252,4123.8,1.86
P0039,fmcg,alimentare_confezionato,95,3.27,3.32,-0.0162,0,1.0495,0.9292,3909.5,1.86
P0039,fmcg,alimentare_confezionato,96,2.87,3.32,-0.1364,1,1.0069,0.9342,5628.4,1.86
P0039,fmcg,alimentare_confezionato,97,3.52,3.32,0.0594,0,0.9749,0.9401,3631.2,1.86
P0039,fmcg,alimentare_confezionato,98,3.08,3.32,-0.0723,0,1.0104,0.947,4394.1,1.86
P0039,fmcg,alimentare_confezionato,99,3.15,3.32,-0.0524,0,1.0152,0.9546,4224.9,1.86
P0039,fmcg,alimentare_confezionato,100,3.16,3.32,-0.0474,0,0.9874,0.9628,4425.8,1.86
P0039,fmcg,alimentare_confezionato,101,3.14,3.32,-0.0528,0,1.0208,0.9716,3750.3,1.86
P0039,fmcg,alimentare_confezionato,102,3.42,3.32,0.031,0,0.9414,0.9809,3691.8,1.86
P0039,fmcg,alimentare_confezionato,103,3.17,3.32,-0.0446,0,1.0578,0.9904,5088.0,1.86
P0040,fmcg,bevande,0,12.28,12.43,-0.012,0,1.0517,1.0,3704.6,8.43
P0040,fmcg,bevande,1,12.39,12.43,-0.0035,0,1.0235,1.0096,4112.1,8.43
P0040,fmcg,bevande,2,12.31,12.43,-0.0094,0,1.0488,1.0191,3814.2,8.43
P0040,fmcg,bevande,3,12.97,12.43,0.0433,0,0.9893,1.0284,4003.6,8.43
P0040,fmcg,bevande,4,12.38,12.43,-0.0042,0,1.0255,1.0372,3830.7,8.43
P0040,fmcg,bevande,5,11.39,12.43,-0.0835,0,1.0762,1.0454,4707.0,8.43
P0040,fmcg,bevande,6,12.83,12.43,0.0325,0,1.0298,1.053,3529.7,8.43
P0040,fmcg,bevande,7,13.05,12.43,0.0501,0,1.0042,1.0599,4491.7,8.43
P0040,fmcg,bevande,8,11.73,12.43,-0.0562,0,1.0494,1.0658,3993.0,8.43
P0040,fmcg,bevande,9,13.01,12.43,0.0468,0,1.0794,1.0708,4041.0,8.43
P0040,fmcg,bevande,10,11.71,12.43,-0.0581,0,1.0748,1.0748,3724.4,8.43
P0040,fmcg,bevande,11,12.72,12.43,0.0234,0,0.9962,1.0777,4025.8,8.43
P0040,fmcg,bevande,12,12.34,12.43,-0.0071,0,1.0713,1.0794,4786.7,8.43
P0040,fmcg,bevande,13,12.17,12.43,-0.021,0,1.0653,1.08,3265.9,8.43
P0040,fmcg,bevande,14,10.64,12.43,-0.1443,1,0.9586,1.0794,7550.8,8.43
P0040,fmcg,bevande,15,11.69,12.43,-0.0599,1,1.0482,1.0777,4924.1,8.43
P0040,fmcg,bevande,16,11.57,12.43,-0.0694,0,1.0143,1.0748,4586.4,8.43
P0040,fmcg,bevande,17,12.6,12.43,0.0136,0,0.996,1.0708,4384.9,8.43
P0040,fmcg,bevande,18,12.63,12.43,0.0158,0,1.0146,1.0658,3618.8,8.43
P0040,fmcg,bevande,19,12.54,12.43,0.0087,0,0.9913,1.0599,4410.6,8.43
P0040,fmcg,bevande,20,12.59,12.43,0.0132,0,0.9299,1.053,4258.6,8.43
P0040,fmcg,bevande,21,11.98,12.43,-0.0365,0,1.0823,1.0454,4516.7,8.43
P0040,fmcg,bevande,22,12.63,12.43,0.0159,0,0.9953,1.0372,3603.3,8.43
P0040,fmcg,bevande,23,12.92,12.43,0.0396,0,0.9966,1.0284,4534.3,8.43
P0040,fmcg,bevande,24,11.45,12.43,-0.0785,1,0.9139,1.0191,4500.0,8.43
P0040,fmcg,bevande,25,12.33,12.43,-0.0081,0,1.0341,1.0096,3783.3,8.43
P0040,fmcg,bevande,26,10.72,12.43,-0.1373,1,1.0007,1.0,5718.1,8.43
P0040,fmcg,bevande,27,11.76,12.43,-0.0536,0,1.0151,0.9904,3983.8,8.43
P0040,fmcg,bevande,28,12.42,12.43,-0.0007,0,1.0004,0.9809,3521.9,8.43
P0040,fmcg,bevande,29,12.43,12.43,0.0001,0,1.0985,0.9716,3716.0,8.43
P0040,fmcg,bevande,30,10.91,12.43,-0.1224,1,1.0282,0.9628,5321.8,8.43
P0040,fmcg,bevande,31,10.57,12.43,-0.1499,1,1.0163,0.9546,6273.8,8.43
P0040,fmcg,bevande,32,12.47,12.43,0.0033,0,1.0784,0.947,3665.0,8.43
P0040,fmcg,bevande,33,12.45,12.43,0.0017,0,1.0479,0.9401,3179.5,8.43
P0040,fmcg,bevande,34,12.12,12.43,-0.0246,0,1.0228,0.9342,3513.3,8.43
P0040,fmcg,bevande,35,12.33,12.43,-0.0082,0,0.9605,0.9292,3382.3,8.43
P0040,fmcg,bevande,36,12.63,12.43,0.0164,0,0.9356,0.9252,3787.7,8.43
P0040,fmcg,bevande,37,12.75,12.43,0.026,0,1.0277,0.9223,3501.4,8.43
P0040,fmcg,bevande,38,12.07,12.43,-0.029,0,1.0305,0.9206,4192.5,8.43
P0040,fmcg,bevande,39,12.11,12.43,-0.0261,0,0.9856,0.92,3724.1,8.43
P0040,fmcg,bevande,40,12.67,12.43,0.0193,0,0.9296,0.9206,3838.3,8.43
P0040,fmcg,bevande,41,13.26,12.43,0.067,0,1.0334,0.9223,2910.2,8.43
P0040,fmcg,bevande,42,12.53,12.43,0.0084,0,0.9985,0.9252,3887.2,8.43
P0040,fmcg,bevande,43,13.31,12.43,0.0707,0,1.0637,0.9292,2947.8,8.43
P0040,fmcg,bevande,44,12.09,12.43,-0.0274,0,1.0103,0.9342,3128.3,8.43
P0040,fmcg,bevande,45,11.71,12.43,-0.0577,0,0.928,0.9401,3610.9,8.43
P0040,fmcg,bevande,46,12.85,12.43,0.0334,0,1.0061,0.947,3721.6,8.43
P0040,fmcg,bevande,47,12.61,12.43,0.0148,0,1.0826,0.9546,3336.5,8.43
P0040,fmcg,bevande,48,11.24,12.43,-0.0956,1,1.037,0.9628,5466.2,8.43
P0040,fmcg,bevande,49,12.34,12.43,-0.007,0,1.0064,0.9716,3813.5,8.43
P0040,fmcg,bevande,50,12.3,12.43,-0.0101,0,1.0807,0.9809,3869.9,8.43
P0040,fmcg,bevande,51,12.66,12.43,0.0185,0,1.0504,0.9904,3885.8,8.43
P0040,fmcg,bevande,52,11.78,12.43,-0.0524,0,0.8754,1.0,4779.8,8.43
P0040,fmcg,bevande,53,11.65,12.43,-0.0624,1,1.0347,1.0096,6656.0,8.43
P0040,fmcg,bevande,54,12.85,12.43,0.0337,0,0.9557,1.0191,3235.2,8.43
P0040,fmcg,bevande,55,12.71,12.43,0.0222,0,1.0554,1.0284,4212.3,8.43
P0040,fmcg,bevande,56,12.36,12.43,-0.0054,0,0.9718,1.0372,3513.7,8.43
P0040,fmcg,bevande,57,12.0,12.43,-0.0342,0,1.0878,1.0454,3537.1,8.43
P0040,fmcg,bevande,58,11.59,12.43,-0.0678,0,1.0148,1.053,4454.0,8.43
P0040,fmcg,bevande,59,12.02,12.43,-0.0326,0,1.0001,1.0599,3915.3,8.43
P0040,fmcg,bevande,60,11.02,12.43,-0.1137,1,1.0086,1.0658,6615.2,8.43
P0040,fmcg,bevande,61,12.09,12.43,-0.0275,0,0.9989,1.0708,5645.1,8.43
P0040,fmcg,bevande,62,12.59,12.43,0.0127,0,0.9586,1.0748,2791.3,8.43
P0040,fmcg,bevande,63,13.47,12.43,0.0833,0,1.0298,1.0777,4137.6,8.43
P0040,fmcg,bevande,64,11.4,12.43,-0.0825,0,0.9446,1.0794,4936.9,8.43
P0040,fmcg,bevande,65,12.43,12.43,-0.0004,0,0.9735,1.08,4478.8,8.43
P0040,fmcg,bevande,66,12.56,12.43,0.0108,0,1.0098,1.0794,3746.2,8.43
P0040,fmcg,bevande,67,12.24,12.43,-0.015,0,1.0937,1.0777,4692.1,8.43
P0040,fmcg,bevande,68,12.09,12.43,-0.0275,0,0.9281,1.0748,4786.2,8.43
P0040,fmcg,bevande,69,12.49,12.43,0.0048,0,0.9815,1.0708,3295.6,8.43
P0040,fmcg,bevande,70,12.95,12.43,0.0415,0,0.966,1.0658,3332.8,8.43
P0040,fmcg,bevande,71,12.15,12.43,-0.0225,0,1.089,1.0599,4043.9,8.43
P0040,fmcg,bevande,72,12.45,12.43,0.0016,0,0.9807,1.053,4449.4,8.43
P0040,fmcg,bevande,73,12.9,12.43,0.0381,0,1.0092,1.0454,3412.7,8.43
P0040,fmcg,bevande,74,12.24,12.43,-0.0149,0,1.0733,1.0372,4456.0,8.43
P0040,fmcg,bevande,75,12.03,12.43,-0.0324,0,1.077,1.0284,4120.6,8.43
P0040,fmcg,bevande,76,13.1,12.43,0.0542,0,0.9745,1.0191,3284.3,8.43
P0040,fmcg,bevande,77,11.86,12.43,-0.0461,0,1.0158,1.0096,3731.4,8.43
P0040,fmcg,bevande,78,12.12,12.43,-0.0247,0,0.9706,1.0,3510.4,8.43
P0040,fmcg,bevande,79,12.36,12.43,-0.0054,0,1.0024,0.9904,4914.0,8.43
P0040,fmcg,bevande,80,12.69,12.43,0.0212,0,1.0359,0.9809,3463.2,8.43
P0040,fmcg,bevande,81,12.44,12.43,0.0007,0,1.0101,0.9716,3348.1,8.43
P0040,fmcg,bevande,82,12.44,12.43,0.0006,0,0.9014,0.9628,4260.7,8.43
P0040,fmcg,bevande,83,12.5,12.43,0.006,0,1.0333,0.9546,3978.2,8.43
P0040,fmcg,bevande,84,12.83,12.43,0.0325,0,0.9787,0.947,4342.7,8.43
P0040,fmcg,bevande,85,12.83,12.43,0.0318,0,0.9911,0.9401,4268.5,8.43
P0040,fmcg,bevande,86,12.94,12.43,0.0408,0,1.0313,0.9342,3364.6,8.43
P0040,fmcg,bevande,87,12.14,12.43,-0.0233,0,0.8707,0.9292,4093.1,8.43
P0040,fmcg,bevande,88,11.27,12.43,-0.0934,1,1.0176,0.9252,5959.0,8.43
P0040,fmcg,bevande,89,11.36,12.43,-0.0863,0,1.0307,0.9223,3890.0,8.43
P0040,fmcg,bevande,90,12.69,12.43,0.0207,0,1.0301,0.9206,3172.6,8.43
P0040,fmcg,bevande,91,12.24,12.43,-0.0152,0,0.91,0.92,3266.6,8.43
P0040,fmcg,bevande,92,10.65,12.43,-0.143,1,1.0058,0.9206,6091.7,8.43
P0040,fmcg,bevande,93,11.44,12.43,-0.0799,1,0.9526,0.9223,4814.4,8.43
P0040,fmcg,bevande,94,12.4,12.43,-0.0022,0,0.9239,0.9252,3741.6,8.43
P0040,fmcg,bevande,95,12.59,12.43,0.0132,0,1.0444,0.9292,3490.1,8.43
P0040,fmcg,bevande,96,11.53,12.43,-0.0723,0,0.9754,0.9342,4554.0,8.43
P0040,fmcg,bevande,97,13.23,12.43,0.0647,0,1.0852,0.9401,3202.4,8.43
P0040,fmcg,bevande,98,12.01,12.43,-0.0335,0,0.9762,0.947,3562.0,8.43
P0040,fmcg,bevande,99,12.03,12.43,-0.0321,0,1.0201,0.9546,4609.6,8.43
P0040,fmcg,bevande,100,12.29,12.43,-0.0113,0,1.0507,0.9628,3797.0,8.43
P0040,fmcg,bevande,101,12.39,12.43,-0.0036,0,0.99,0.9716,3916.3,8.43
P0040,fmcg,bevande,102,12.11,12.43,-0.0255,0,0.9612,0.9809,3956.8,8.43
P0040,fmcg,bevande,103,11.46,12.43,-0.0779,1,0.9434,0.9904,6213.9,8.43
P0041,durevoli,elettronica_consumo,0,977.38,1050.45,-0.0696,0,1.067,1.0,409.7,711.17
P0041,durevoli,elettronica_consumo,1,1092.3,1050.45,0.0398,0,1.0826,1.0096,353.9,711.17
P0041,durevoli,elettronica_consumo,2,970.46,1050.45,-0.0762,1,0.8987,1.0191,606.2,711.17
P0041,durevoli,elettronica_consumo,3,1020.5,1050.45,-0.0285,0,0.9865,1.0284,359.4,711.17
P0041,durevoli,elettronica_consumo,4,1089.97,1050.45,0.0376,0,1.0109,1.0372,315.4,711.17
P0041,durevoli,elettronica_consumo,5,997.71,1050.45,-0.0502,0,1.0274,1.0454,366.2,711.17
P0041,durevoli,elettronica_consumo,6,1055.91,1050.45,0.0052,0,1.0422,1.053,347.7,711.17
P0041,durevoli,elettronica_consumo,7,1040.19,1050.45,-0.0098,0,0.946,1.0599,405.7,711.17
P0041,durevoli,elettronica_consumo,8,1066.45,1050.45,0.0152,0,0.9965,1.0658,345.4,711.17
P0041,durevoli,elettronica_consumo,9,1088.02,1050.45,0.0358,0,1.0707,1.0708,351.7,711.17
P0041,durevoli,elettronica_consumo,10,1035.15,1050.45,-0.0146,0,0.99,1.0748,446.0,711.17
P0041,durevoli,elettronica_consumo,11,1039.77,1050.45,-0.0102,0,0.9477,1.0777,373.5,711.17
P0041,durevoli,elettronica_consumo,12,1113.85,1050.45,0.0604,0,1.038,1.0794,290.2,711.17
P0041,durevoli,elettronica_consumo,13,1021.83,1050.45,-0.0272,0,0.9721,1.08,394.2,711.17
P0041,durevoli,elettronica_consumo,14,1014.92,1050.45,-0.0338,0,1.1145,1.0794,365.6,711.17
P0041,durevoli,elettronica_consumo,15,1112.52,1050.45,0.0591,0,1.0661,1.0777,311.8,711.17
P0041,durevoli,elettronica_consumo,16,1065.4,1050.45,0.0142,0,1.0068,1.0748,305.9,711.17
P0041,durevoli,elettronica_consumo,17,1019.39,1050.45,-0.0296,0,1.0908,1.0708,501.4,711.17
P0041,durevoli,elettronica_consumo,18,1015.23,1050.45,-0.0335,0,1.0139,1.0658,425.8,711.17
P0041,durevoli,elettronica_consumo,19,957.54,1050.45,-0.0884,0,1.1579,1.0599,539.3,711.17
P0041,durevoli,elettronica_consumo,20,1024.03,1050.45,-0.0251,0,1.0494,1.053,413.7,711.17
P0041,durevoli,elettronica_consumo,21,1067.3,1050.45,0.016,0,0.9944,1.0454,363.0,711.17
P0041,durevoli,elettronica_consumo,22,1063.07,1050.45,0.012,0,1.0145,1.0372,410.0,711.17
P0041,durevoli,elettronica_consumo,23,1021.12,1050.45,-0.0279,0,1.0013,1.0284,351.5,711.17
P0041,durevoli,elettronica_consumo,24,1097.79,1050.45,0.0451,0,0.9926,1.0191,250.9,711.17
P0041,durevoli,elettronica_consumo,25,958.93,1050.45,-0.0871,1,1.002,1.0096,596.9,711.17
P0041,durevoli,elettronica_consumo,26,1045.35,1050.45,-0.0049,0,0.9403,1.0,332.0,711.17
P0041,durevoli,elettronica_consumo,27,1039.97,1050.45,-0.01,0,1.0346,0.9904,369.1,711.17
P0041,durevoli,elettronica_consumo,28,1036.33,1050.45,-0.0134,0,1.0754,0.9809,381.1,711.17
P0041,durevoli,elettronica_consumo,29,1072.63,1050.45,0.0211,0,0.9662,0.9716,246.3,711.17
P0041,durevoli,elettronica_consumo,30,1077.93,1050.45,0.0262,0,1.004,0.9628,305.1,711.17
P0041,durevoli,elettronica_consumo,31,978.54,1050.45,-0.0685,0,1.0712,0.9546,389.9,711.17
P0041,durevoli,elettronica_consumo,32,1025.76,1050.45,-0.0235,0,1.0627,0.947,387.9,711.17
P0041,durevoli,elettronica_consumo,33,924.35,1050.45,-0.12,1,0.9927,0.9401,533.7,711.17
P0041,durevoli,elettronica_consumo,34,1021.65,1050.45,-0.0274,0,0.934,0.9342,382.0,711.17
P0041,durevoli,elettronica_consumo,35,1073.14,1050.45,0.0216,0,1.0144,0.9292,323.6,711.17
P0041,durevoli,elettronica_consumo,36,1018.58,1050.45,-0.0303,0,1.0285,0.9252,298.2,711.17
P0041,durevoli,elettronica_consumo,37,999.32,1050.45,-0.0487,0,1.0008,0.9223,442.6,711.17
P0041,durevoli,elettronica_consumo,38,982.41,1050.45,-0.0648,0,1.0424,0.9206,474.6,711.17
P0041,durevoli,elettronica_consumo,39,1067.92,1050.45,0.0166,0,0.9318,0.92,320.2,711.17
P0041,durevoli,elettronica_consumo,40,1043.57,1050.45,-0.0065,0,1.0522,0.9206,292.7,711.17
P0041,durevoli,elettronica_consumo,41,958.92,1050.45,-0.0871,0,0.9525,0.9223,407.7,711.17
P0041,durevoli,elettronica_consumo,42,1002.63,1050.45,-0.0455,0,0.975,0.9252,377.3,711.17
P0041,durevoli,elettronica_consumo,43,958.98,1050.45,-0.0871,1,1.0366,0.9292,493.0,711.17
P0041,durevoli,elettronica_consumo,44,1014.08,1050.45,-0.0346,0,1.0964,0.9342,405.9,711.17
P0041,durevoli,elettronica_consumo,45,1039.81,1050.45,-0.0101,0,1.0103,0.9401,358.8,711.17
P0041,durevoli,elettronica_consumo,46,902.46,1050.45,-0.1409,1,1.0219,0.947,478.9,711.17
P0041,durevoli,elettronica_consumo,47,1103.9,1050.45,0.0509,0,0.9291,0.9546,237.9,711.17
P0041,durevoli,elettronica_consumo,48,1101.46,1050.45,0.0486,0,1.0163,0.9628,232.7,711.17
P0041,durevoli,elettronica_consumo,49,1054.04,1050.45,0.0034,0,0.941,0.9716,338.1,711.17
P0041,durevoli,elettronica_consumo,50,1032.44,1050.45,-0.0171,0,1.0907,0.9809,381.2,711.17
P0041,durevoli,elettronica_consumo,51,1084.3,1050.45,0.0322,0,0.9925,0.9904,306.7,711.17
P0041,durevoli,elettronica_consumo,52,1075.49,1050.45,0.0238,0,0.9675,1.0,398.7,711.17
P0041,durevoli,elettronica_consumo,53,900.39,1050.45,-0.1429,1,0.9885,1.0096,627.5,711.17
P0041,durevoli,elettronica_consumo,54,1034.31,1050.45,-0.0154,0,0.9848,1.0191,339.1,711.17
P0041,durevoli,elettronica_consumo,55,932.82,1050.45,-0.112,1,0.944,1.0284,582.5,711.17
P0041,durevoli,elettronica_consumo,56,1088.21,1050.45,0.0359,0,1.0012,1.0372,327.9,711.17
P0041,durevoli,elettronica_consumo,57,1031.98,1050.45,-0.0176,0,0.954,1.0454,314.4,711.17
P0041,durevoli,elettronica_consumo,58,1083.69,1050.45,0.0316,0,0.9788,1.053,320.8,711.17
P0041,durevoli,elettronica_consumo,59,1096.21,1050.45,0.0436,0,0.9536,1.0599,337.2,711.17
P0041,durevoli,elettronica_consumo,60,958.91,1050.45,-0.0871,1,1.0122,1.0658,593.5,711.17
P0041,durevoli,elettronica_consumo,61,1049.37,1050.45,-0.001,0,1.0872,1.0708,373.0,711.17
P0041,durevoli,elettronica_consumo,62,1073.92,1050.45,0.0223,0,1.0196,1.0748,351.1,711.17
P0041,durevoli,elettronica_consumo,63,972.7,1050.45,-0.074,0,0.9027,1.0777,558.9,711.17
P0041,durevoli,elettronica_consumo,64,1085.95,1050.45,0.0338,0,0.9198,1.0794,300.6,711.17
P0041,durevoli,elettronica_consumo,65,1046.68,1050.45,-0.0036,0,1.0269,1.08,376.2,711.17
P0041,durevoli,elettronica_consumo,66,1025.45,1050.45,-0.0238,0,0.9403,1.0794,471.1,711.17
P0041,durevoli,elettronica_consumo,67,1012.26,1050.45,-0.0364,0,0.9448,1.0777,394.8,711.17
P0041,durevoli,elettronica_consumo,68,1043.77,1050.45,-0.0064,0,1.025,1.0748,375.6,711.17
P0041,durevoli,elettronica_consumo,69,915.2,1050.45,-0.1288,1,0.9737,1.0708,818.3,711.17
P0041,durevoli,elettronica_consumo,70,1068.98,1050.45,0.0176,0,0.9037,1.0658,352.5,711.17
P0041,durevoli,elettronica_consumo,71,1051.19,1050.45,0.0007,0,0.9469,1.0599,400.2,711.17
P0041,durevoli,elettronica_consumo,72,1093.47,1050.45,0.041,0,0.9809,1.053,287.4,711.17
P0041,durevoli,elettronica_consumo,73,1115.01,1050.45,0.0615,0,1.0035,1.0454,324.4,711.17
P0041,durevoli,elettronica_consumo,74,1031.94,1050.45,-0.0176,0,1.0329,1.0372,371.3,711.17
P0041,durevoli,elettronica_consumo,75,1069.11,1050.45,0.0178,0,1.0174,1.0284,362.2,711.17
P0041,durevoli,elettronica_consumo,76,1016.85,1050.45,-0.032,0,0.9979,1.0191,383.7,711.17
P0041,durevoli,elettronica_consumo,77,1059.31,1050.45,0.0084,0,1.0454,1.0096,393.2,711.17
P0041,durevoli,elettronica_consumo,78,1098.58,1050.45,0.0458,0,0.9343,1.0,266.1,711.17
P0041,durevoli,elettronica_consumo,79,1053.4,1050.45,0.0028,0,0.9881,0.9904,317.8,711.17
P0041,durevoli,elettronica_consumo,80,921.95,1050.45,-0.1223,1,0.9335,0.9809,799.4,711.17
P0041,durevoli,elettronica_consumo,81,914.73,1050.45,-0.1292,1,0.971,0.9716,654.2,711.17
P0041,durevoli,elettronica_consumo,82,901.49,1050.45,-0.1418,1,0.9901,0.9628,758.4,711.17
P0041,durevoli,elettronica_consumo,83,1085.35,1050.45,0.0332,0,1.0059,0.9546,267.1,711.17
P0041,durevoli,elettronica_consumo,84,1118.42,1050.45,0.0647,0,0.8963,0.947,281.9,711.17
P0041,durevoli,elettronica_consumo,85,1066.69,1050.45,0.0155,0,1.0758,0.9401,364.5,711.17
P0041,durevoli,elettronica_consumo,86,1134.17,1050.45,0.0797,0,1.0468,0.9342,251.3,711.17
P0041,durevoli,elettronica_consumo,87,955.76,1050.45,-0.0901,1,0.9604,0.9292,493.6,711.17
P0041,durevoli,elettronica_consumo,88,1063.53,1050.45,0.0124,0,0.9903,0.9252,263.9,711.17
P0041,durevoli,elettronica_consumo,89,1035.58,1050.45,-0.0142,0,1.101,0.9223,343.5,711.17
P0041,durevoli,elettronica_consumo,90,1073.64,1050.45,0.0221,0,1.0658,0.9206,321.0,711.17
P0041,durevoli,elettronica_consumo,91,1090.64,1050.45,0.0383,0,1.1243,0.92,277.9,711.17
P0041,durevoli,elettronica_consumo,92,1050.26,1050.45,-0.0002,0,1.0253,0.9206,319.8,711.17
P0041,durevoli,elettronica_consumo,93,1043.09,1050.45,-0.007,0,1.05,0.9223,296.3,711.17
P0041,durevoli,elettronica_consumo,94,1057.2,1050.45,0.0064,0,0.9904,0.9252,350.2,711.17
P0041,durevoli,elettronica_consumo,95,949.08,1050.45,-0.0965,1,1.0508,0.9292,541.4,711.17
P0041,durevoli,elettronica_consumo,96,1036.55,1050.45,-0.0132,0,0.9098,0.9342,362.1,711.17
P0041,durevoli,elettronica_consumo,97,938.92,1050.45,-0.1062,1,1.0245,0.9401,618.3,711.17
P0041,durevoli,elettronica_consumo,98,1046.5,1050.45,-0.0038,0,0.9293,0.947,316.6,711.17
P0041,durevoli,elettronica_consumo,99,1090.64,1050.45,0.0383,0,1.0331,0.9546,291.4,711.17
P0041,durevoli,elettronica_consumo,100,1057.33,1050.45,0.0065,0,1.0555,0.9628,343.3,711.17
P0041,durevoli,elettronica_consumo,101,1054.3,1050.45,0.0037,0,0.9043,0.9716,366.1,711.17
P0041,durevoli,elettronica_consumo,102,1005.48,1050.45,-0.0428,0,1.0409,0.9809,408.1,711.17
P0041,durevoli,elettronica_consumo,103,1131.03,1050.45,0.0767,0,1.0317,0.9904,259.2,711.17
P0042,durevoli,elettrodomestici,0,390.25,394.2,-0.01,0,1.0633,1.0,302.4,265.41
P0042,durevoli,elettrodomestici,1,374.3,394.2,-0.0505,0,1.0031,1.0096,331.8,265.41
P0042,durevoli,elettrodomestici,2,391.14,394.2,-0.0078,0,1.0218,1.0191,295.8,265.41
P0042,durevoli,elettrodomestici,3,390.43,394.2,-0.0096,0,0.9766,1.0284,307.3,265.41
P0042,durevoli,elettrodomestici,4,388.52,394.2,-0.0144,0,0.9775,1.0372,309.8,265.41
P0042,durevoli,elettrodomestici,5,398.04,394.2,0.0098,0,1.0712,1.0454,330.3,265.41
P0042,durevoli,elettrodomestici,6,413.08,394.2,0.0479,0,1.0781,1.053,226.5,265.41
P0042,durevoli,elettrodomestici,7,411.01,394.2,0.0426,0,1.07,1.0599,242.3,265.41
P0042,durevoli,elettrodomestici,8,395.24,394.2,0.0026,0,1.0924,1.0658,254.1,265.41
P0042,durevoli,elettrodomestici,9,369.22,394.2,-0.0634,0,1.0072,1.0708,484.2,265.41
P0042,durevoli,elettrodomestici,10,395.59,394.2,0.0035,0,1.0275,1.0748,297.7,265.41
P0042,durevoli,elettrodomestici,11,399.61,394.2,0.0137,0,0.9577,1.0777,290.4,265.41
P0042,durevoli,elettrodomestici,12,407.01,394.2,0.0325,0,1.0649,1.0794,290.1,265.41
P0042,durevoli,elettrodomestici,13,404.55,394.2,0.0263,0,0.9703,1.08,263.0,265.41
P0042,durevoli,elettrodomestici,14,376.61,394.2,-0.0446,0,1.0203,1.0794,397.8,265.41
P0042,durevoli,elettrodomestici,15,400.2,394.2,0.0152,0,0.9685,1.0777,258.9,265.41
P0042,durevoli,elettrodomestici,16,380.37,394.2,-0.0351,0,0.936,1.0748,347.9,265.41
P0042,durevoli,elettrodomestici,17,348.5,394.2,-0.1159,1,1.1001,1.0708,498.6,265.41
P0042,durevoli,elettrodomestici,18,416.4,394.2,0.0563,0,1.047,1.0658,283.1,265.41
P0042,durevoli,elettrodomestici,19,409.73,394.2,0.0394,0,1.0402,1.0599,274.4,265.41
P0042,durevoli,elettrodomestici,20,395.67,394.2,0.0037,0,1.0824,1.053,259.2,265.41
P0042,durevoli,elettrodomestici,21,385.54,394.2,-0.022,0,0.9795,1.0454,316.3,265.41
P0042,durevoli,elettrodomestici,22,400.57,394.2,0.0161,0,1.003,1.0372,290.2,265.41
P0042,durevoli,elettrodomestici,23,352.68,394.2,-0.1053,1,1.0536,1.0284,459.5,265.41
P0042,durevoli,elettrodomestici,24,398.9,394.2,0.0119,0,0.9962,1.0191,296.1,265.41
P0042,durevoli,elettrodomestici,25,390.21,394.2,-0.0101,0,1.0764,1.0096,321.5,265.41
P0042,durevoli,elettrodomestici,26,403.75,394.2,0.0242,0,0.9647,1.0,343.2,265.41
P0042,durevoli,elettrodomestici,27,395.76,394.2,0.004,0,0.9857,0.9904,267.2,265.41
P0042,durevoli,elettrodomestici,28,337.67,394.2,-0.1434,1,1.0594,0.9809,476.4,265.41
P0042,durevoli,elettrodomestici,29,403.15,394.2,0.0227,0,0.981,0.9716,275.0,265.41
P0042,durevoli,elettrodomestici,30,349.08,394.2,-0.1145,1,0.9455,0.9628,529.8,265.41
P0042,durevoli,elettrodomestici,31,336.29,394.2,-0.1469,1,0.9804,0.9546,530.1,265.41
P0042,durevoli,elettrodomestici,32,370.1,394.2,-0.0611,0,1.0031,0.947,345.0,265.41
P0042,durevoli,elettrodomestici,33,418.61,394.2,0.0619,0,0.9498,0.9401,206.3,265.41
P0042,durevoli,elettrodomestici,34,370.47,394.2,-0.0602,1,0.9049,0.9342,428.2,265.41
P0042,durevoli,elettrodomestici,35,349.28,394.2,-0.1139,1,0.9942,0.9292,428.2,265.41
P0042,durevoli,elettrodomestici,36,348.41,394.2,-0.1162,1,1.0208,0.9252,584.7,265.41
P0042,durevoli,elettrodomestici,37,364.41,394.2,-0.0756,0,1.0143,0.9223,322.8,265.41
P0042,durevoli,elettrodomestici,38,399.08,394.2,0.0124,0,1.044,0.9206,232.5,265.41
P0042,durevoli,elettrodomestici,39,366.44,394.2,-0.0704,0,0.9667,0.92,318.2,265.41
P0042,durevoli,elettrodomestici,40,384.77,394.2,-0.0239,0,1.0284,0.9206,296.7,265.41
P0042,durevoli,elettrodomestici,41,405.47,394.2,0.0286,0,0.9672,0.9223,211.1,265.41
P0042,durevoli,elettrodomestici,42,386.04,394.2,-0.0207,0,0.8974,0.9252,261.7,265.41
P0042,durevoli,elettrodomestici,43,405.25,394.2,0.028,0,1.0263,0.9292,246.8,265.41
P0042,durevoli,elettrodomestici,44,379.57,394.2,-0.0371,0,0.9518,0.9342,339.4,265.41
P0042,durevoli,elettrodomestici,45,384.94,394.2,-0.0235,0,1.0276,0.9401,271.6,265.41
P0042,durevoli,elettrodomestici,46,374.12,394.2,-0.0509,1,1.0161,0.947,402.1,265.41
P0042,durevoli,elettrodomestici,47,390.2,394.2,-0.0102,0,0.9846,0.9546,331.9,265.41
P0042,durevoli,elettrodomestici,48,396.2,394.2,0.0051,0,0.9219,0.9628,244.2,265.41
P0042,durevoli,elettrodomestici,49,394.7,394.2,0.0013,0,0.9746,0.9716,333.0,265.41
P0042,durevoli,elettrodomestici,50,378.18,394.2,-0.0406,0,1.0122,0.9809,335.1,265.41
P0042,durevoli,elettrodomestici,51,370.26,394.2,-0.0607,0,0.9868,0.9904,398.2,265.41
P0042,durevoli,elettrodomestici,52,388.48,394.2,-0.0145,0,0.9915,1.0,268.0,265.41
P0042,durevoli,elettrodomestici,53,415.29,394.2,0.0535,0,1.0628,1.0096,244.7,265.41
P0042,durevoli,elettrodomestici,54,394.31,394.2,0.0003,0,1.069,1.0191,275.4,265.41
P0042,durevoli,elettrodomestici,55,389.23,394.2,-0.0126,0,0.986,1.0284,243.5,265.41
P0042,durevoli,elettrodomestici,56,401.18,394.2,0.0177,0,1.093,1.0372,238.1,265.41
P0042,durevoli,elettrodomestici,57,362.37,394.2,-0.0808,1,1.026,1.0454,421.8,265.41
P0042,durevoli,elettrodomestici,58,395.54,394.2,0.0034,0,1.0045,1.053,276.7,265.41
P0042,durevoli,elettrodomestici,59,388.67,394.2,-0.014,0,0.9053,1.0599,305.3,265.41
P0042,durevoli,elettrodomestici,60,398.92,394.2,0.012,0,1.0167,1.0658,349.3,265.41
P0042,durevoli,elettrodomestici,61,365.87,394.2,-0.0719,1,1.0773,1.0708,374.2,265.41
P0042,durevoli,elettrodomestici,62,411.16,394.2,0.043,0,1.0607,1.0748,291.4,265.41
P0042,durevoli,elettrodomestici,63,379.84,394.2,-0.0364,0,1.0687,1.0777,295.6,265.41
P0042,durevoli,elettrodomestici,64,399.55,394.2,0.0136,0,0.9753,1.0794,301.7,265.41
P0042,durevoli,elettrodomestici,65,418.73,394.2,0.0622,0,1.0217,1.08,237.9,265.41
P0042,durevoli,elettrodomestici,66,382.72,394.2,-0.0291,0,1.0457,1.0794,337.0,265.41
P0042,durevoli,elettrodomestici,67,344.55,394.2,-0.126,1,0.8875,1.0777,475.8,265.41
P0042,durevoli,elettrodomestici,68,378.36,394.2,-0.0402,0,1.0366,1.0748,318.9,265.41
P0042,durevoli,elettrodomestici,69,349.94,394.2,-0.1123,1,1.0822,1.0708,580.0,265.41
P0042,durevoli,elettrodomestici,70,348.77,394.2,-0.1152,1,0.9683,1.0658,617.9,265.41
P0042,durevoli,elettrodomestici,71,406.48,394.2,0.0311,0,0.9922,1.0599,260.6,265.41
P0042,durevoli,elettrodomestici,72,383.06,394.2,-0.0283,0,0.9541,1.053,340.0,265.41
P0042,durevoli,elettrodomestici,73,338.22,394.2,-0.142,1,1.0244,1.0454,514.2,265.41
P0042,durevoli,elettrodomestici,74,391.05,394.2,-0.008,0,0.9612,1.0372,271.2,265.41
P0042,durevoli,elettrodomestici,75,373.04,394.2,-0.0537,0,1.1012,1.0284,355.8,265.41
P0042,durevoli,elettrodomestici,76,406.18,394.2,0.0304,0,1.0308,1.0191,323.1,265.41
P0042,durevoli,elettrodomestici,77,392.04,394.2,-0.0055,0,0.9574,1.0096,237.6,265.41
P0042,durevoli,elettrodomestici,78,420.04,394.2,0.0655,0,0.9913,1.0,298.3,265.41
P0042,durevoli,elettrodomestici,79,435.52,394.2,0.1048,0,1.0953,0.9904,277.6,265.41
P0042,durevoli,elettrodomestici,80,397.35,394.2,0.008,0,1.0147,0.9809,271.9,265.41
P0042,durevoli,elettrodomestici,81,404.58,394.2,0.0263,0,0.9767,0.9716,216.4,265.41
P0042,durevoli,elettrodomestici,82,384.64,394.2,-0.0242,0,0.9705,0.9628,288.9,265.41
P0042,durevoli,elettrodomestici,83,409.52,394.2,0.0389,0,0.9917,0.9546,278.1,265.41
P0042,durevoli,elettrodomestici,84,392.98,394.2,-0.0031,0,1.0079,0.947,232.3,265.41
P0042,durevoli,elettrodomestici,85,405.92,394.2,0.0297,0,1.0495,0.9401,208.0,265.41
P0042,durevoli,elettrodomestici,86,386.79,394.2,-0.0188,0,1.0692,0.9342,288.0,265.41
P0042,durevoli,elettrodomestici,87,374.15,394.2,-0.0509,0,0.9658,0.9292,281.3,265.41
P0042,durevoli,elettrodomestici,88,408.17,394.2,0.0354,0,0.9475,0.9252,259.2,265.41
P0042,durevoli,elettrodomestici,89,377.92,394.2,-0.0413,0,0.9958,0.9223,309.0,265.41
P0042,durevoli,elettrodomestici,90,370.6,394.2,-0.0599,0,1.0066,0.9206,338.6,265.41
P0042,durevoli,elettrodomestici,91,384.97,394.2,-0.0234,0,0.9727,0.92,273.2,265.41
P0042,durevoli,elettrodomestici,92,395.54,394.2,0.0034,0,1.0302,0.9206,226.0,265.41
P0042,durevoli,elettrodomestici,93,383.96,394.2,-0.026,0,0.9928,0.9223,347.4,265.41
P0042,durevoli,elettrodomestici,94,390.34,394.2,-0.0098,0,0.9363,0.9252,275.3,265.41
P0042,durevoli,elettrodomestici,95,396.54,394.2,0.0059,0,0.9942,0.9292,303.9,265.41
P0042,durevoli,elettrodomestici,96,405.51,394.2,0.0287,0,1.0358,0.9342,172.6,265.41
P0042,durevoli,elettrodomestici,97,379.33,394.2,-0.0377,0,0.9585,0.9401,356.9,265.41
P0042,durevoli,elettrodomestici,98,420.31,394.2,0.0662,0,0.9296,0.947,195.1,265.41
P0042,durevoli,elettrodomestici,99,389.49,394.2,-0.0119,0,1.0154,0.9546,277.0,265.41
P0042,durevoli,elettrodomestici,100,371.16,394.2,-0.0584,1,1.009,0.9628,441.0,265.41
P0042,durevoli,elettrodomestici,101,360.35,394.2,-0.0859,1,0.9803,0.9716,422.4,265.41
P0042,durevoli,elettrodomestici,102,403.72,394.2,0.0242,0,0.905,0.9809,205.4,265.41
P0042,durevoli,elettrodomestici,103,397.38,394.2,0.0081,0,0.9983,0.9904,291.9,265.41
P0043,durevoli,elettronica_consumo,0,1202.37,1146.3,0.0489,0,1.0386,1.0,580.1,798.03
P0043,durevoli,elettronica_consumo,1,1080.15,1146.3,-0.0577,0,0.9957,1.0096,747.7,798.03
P0043,durevoli,elettronica_consumo,2,1077.49,1146.3,-0.06,0,0.987,1.0191,783.2,798.03
P0043,durevoli,elettronica_consumo,3,1193.89,1146.3,0.0415,0,1.0381,1.0284,596.0,798.03
P0043,durevoli,elettronica_consumo,4,1138.22,1146.3,-0.007,0,1.0073,1.0372,740.2,798.03
P0043,durevoli,elettronica_consumo,5,1160.82,1146.3,0.0127,0,1.0481,1.0454,707.3,798.03
P0043,durevoli,elettronica_consumo,6,1073.89,1146.3,-0.0632,1,1.0351,1.053,918.9,798.03
P0043,durevoli,elettronica_consumo,7,1165.11,1146.3,0.0164,0,1.0307,1.0599,781.3,798.03
P0043,durevoli,elettronica_consumo,8,1207.04,1146.3,0.053,0,1.0925,1.0658,650.2,798.03
P0043,durevoli,elettronica_consumo,9,1136.61,1146.3,-0.0085,0,1.0003,1.0708,757.8,798.03
P0043,durevoli,elettronica_consumo,10,1175.22,1146.3,0.0252,0,1.0313,1.0748,723.6,798.03
P0043,durevoli,elettronica_consumo,11,1105.2,1146.3,-0.0359,0,1.0416,1.0777,932.6,798.03
P0043,durevoli,elettronica_consumo,12,1206.46,1146.3,0.0525,0,0.9541,1.0794,613.5,798.03
P0043,durevoli,elettronica_consumo,13,1201.64,1146.3,0.0483,0,1.082,1.08,614.2,798.03
P0043,durevoli,elettronica_consumo,14,1212.52,1146.3,0.0578,0,0.9984,1.0794,618.5,798.03
P0043,durevoli,elettronica_consumo,15,1112.5,1146.3,-0.0295,0,1.0055,1.0777,951.0,798.03
P0043,durevoli,elettronica_consumo,16,1180.56,1146.3,0.0299,0,1.0262,1.0748,630.7,798.03
P0043,durevoli,elettronica_consumo,17,1216.62,1146.3,0.0613,0,1.0277,1.0708,652.9,798.03
P0043,durevoli,elettronica_consumo,18,1134.69,1146.3,-0.0101,0,0.9477,1.0658,860.8,798.03
P0043,durevoli,elettronica_consumo,19,1182.15,1146.3,0.0313,0,0.9619,1.0599,662.6,798.03
P0043,durevoli,elettronica_consumo,20,974.93,1146.3,-0.1495,1,0.9676,1.053,1082.4,798.03
P0043,durevoli,elettronica_consumo,21,1054.29,1146.3,-0.0803,0,0.942,1.0454,882.5,798.03
P0043,durevoli,elettronica_consumo,22,1103.2,1146.3,-0.0376,0,1.0274,1.0372,648.9,798.03
P0043,durevoli,elettronica_consumo,23,1141.66,1146.3,-0.004,0,0.9837,1.0284,655.5,798.03
P0043,durevoli,elettronica_consumo,24,1115.86,1146.3,-0.0266,0,1.0113,1.0191,758.8,798.03
P0043,durevoli,elettronica_consumo,25,1082.34,1146.3,-0.0558,0,0.9699,1.0096,802.0,798.03
P0043,durevoli,elettronica_consumo,26,1137.03,1146.3,-0.0081,0,1.0455,1.0,590.3,798.03
P0043,durevoli,elettronica_consumo,27,1041.58,1146.3,-0.0914,1,1.016,0.9904,1004.5,798.03
P0043,durevoli,elettronica_consumo,28,1100.35,1146.3,-0.0401,0,0.9904,0.9809,588.2,798.03
P0043,durevoli,elettronica_consumo,29,1205.75,1146.3,0.0519,0,0.984,0.9716,471.0,798.03
P0043,durevoli,elettronica_consumo,30,1081.67,1146.3,-0.0564,0,0.9352,0.9628,757.8,798.03
P0043,durevoli,elettronica_consumo,31,1158.83,1146.3,0.0109,0,1.0013,0.9546,558.4,798.03
P0043,durevoli,elettronica_consumo,32,1108.68,1146.3,-0.0328,0,1.042,0.947,598.8,798.03
P0043,durevoli,elettronica_consumo,33,1126.03,1146.3,-0.0177,0,1.0345,0.9401,666.8,798.03
P0043,durevoli,elettronica_consumo,34,1156.5,1146.3,0.0089,0,0.9128,0.9342,561.6,798.03
P0043,durevoli,elettronica_consumo,35,996.02,1146.3,-0.1311,1,1.025,0.9292,1103.5,798.03
P0043,durevoli,elettronica_consumo,36,1113.81,1146.3,-0.0283,0,0.9982,0.9252,523.2,798.03
P0043,durevoli,elettronica_consumo,37,1200.39,1146.3,0.0472,0,0.9247,0.9223,510.7,798.03
P0043,durevoli,elettronica_consumo,38,1226.75,1146.3,0.0702,0,0.9731,0.9206,477.8,798.03
P0043,durevoli,elettronica_consumo,39,1146.67,1146.3,0.0003,0,1.0135,0.92,528.0,798.03
P0043,durevoli,elettronica_consumo,40,1157.18,1146.3,0.0095,0,1.0426,0.9206,553.6,798.03
P0043,durevoli,elettronica_consumo,41,1137.75,1146.3,-0.0075,0,1.0729,0.9223,607.3,798.03
P0043,durevoli,elettronica_consumo,42,1127.92,1146.3,-0.016,0,0.9742,0.9252,630.2,798.03
P0043,durevoli,elettronica_consumo,43,1118.84,1146.3,-0.024,0,1.0063,0.9292,640.1,798.03
P0043,durevoli,elettronica_consumo,44,1077.79,1146.3,-0.0598,0,0.9538,0.9342,580.4,798.03
P0043,durevoli,elettronica_consumo,45,1110.15,1146.3,-0.0315,0,0.9752,0.9401,558.5,798.03
P0043,durevoli,elettronica_consumo,46,1101.2,1146.3,-0.0393,0,1.0379,0.947,700.1,798.03
P0043,durevoli,elettronica_consumo,47,1134.19,1146.3,-0.0106,0,0.8981,0.9546,590.8,798.03
P0043,durevoli,elettronica_consumo,48,1156.22,1146.3,0.0087,0,1.031,0.9628,627.3,798.03
P0043,durevoli,elettronica_consumo,49,1023.51,1146.3,-0.1071,1,0.9695,0.9716,1128.7,798.03
P0043,durevoli,elettronica_consumo,50,1136.39,1146.3,-0.0086,0,1.0923,0.9809,684.5,798.03
P0043,durevoli,elettronica_consumo,51,1035.9,1146.3,-0.0963,1,1.0663,0.9904,1014.0,798.03
P0043,durevoli,elettronica_consumo,52,1173.43,1146.3,0.0237,0,1.044,1.0,647.9,798.03
P0043,durevoli,elettronica_consumo,53,1164.41,1146.3,0.0158,0,1.0277,1.0096,570.5,798.03
P0043,durevoli,elettronica_consumo,54,1054.85,1146.3,-0.0798,1,1.0155,1.0191,832.9,798.03
P0043,durevoli,elettronica_consumo,55,1126.1,1146.3,-0.0176,0,0.9951,1.0284,637.9,798.03
P0043,durevoli,elettronica_consumo,56,1160.01,1146.3,0.012,0,0.9522,1.0372,643.0,798.03
P0043,durevoli,elettronica_consumo,57,1093.65,1146.3,-0.0459,0,0.9573,1.0454,821.5,798.03
P0043,durevoli,elettronica_consumo,58,1152.36,1146.3,0.0053,0,1.0511,1.053,604.4,798.03
P0043,durevoli,elettronica_consumo,59,1120.52,1146.3,-0.0225,0,0.9826,1.0599,836.0,798.03
P0043,durevoli,elettronica_consumo,60,1015.4,1146.3,-0.1142,1,0.9317,1.0658,1316.4,798.03
P0043,durevoli,elettronica_consumo,61,1133.19,1146.3,-0.0114,0,0.9193,1.0708,679.8,798.03
P0043,durevoli,elettronica_consumo,62,1156.45,1146.3,0.0089,0,0.9946,1.0748,558.0,798.03
P0043,durevoli,elettronica_consumo,63,1152.19,1146.3,0.0051,0,0.9504,1.0777,736.2,798.03
P0043,durevoli,elettronica_consumo,64,1125.09,1146.3,-0.0185,0,1.0363,1.0794,709.1,798.03
P0043,durevoli,elettronica_consumo,65,1227.91,1146.3,0.0712,0,0.9453,1.08,649.8,798.03
P0043,durevoli,elettronica_consumo,66,1107.36,1146.3,-0.034,0,0.9712,1.0794,693.6,798.03
P0043,durevoli,elettronica_consumo,67,1005.66,1146.3,-0.1227,1,0.9901,1.0777,1270.7,798.03
P0043,durevoli,elettronica_consumo,68,1107.23,1146.3,-0.0341,0,1.0335,1.0748,792.0,798.03
P0043,durevoli,elettronica_consumo,69,1168.76,1146.3,0.0196,0,1.0663,1.0708,651.4,798.03
P0043,durevoli,elettronica_consumo,70,1181.4,1146.3,0.0306,0,1.0862,1.0658,572.6,798.03
P0043,durevoli,elettronica_consumo,71,1190.04,1146.3,0.0382,0,1.0058,1.0599,505.3,798.03
P0043,durevoli,elettronica_consumo,72,1107.03,1146.3,-0.0343,0,0.9365,1.053,590.4,798.03
P0043,durevoli,elettronica_consumo,73,1112.81,1146.3,-0.0292,0,1.0167,1.0454,764.3,798.03
P0043,durevoli,elettronica_consumo,74,1158.2,1146.3,0.0104,0,1.0191,1.0372,658.3,798.03
P0043,durevoli,elettronica_consumo,75,1112.22,1146.3,-0.0297,0,0.9948,1.0284,691.6,798.03
P0043,durevoli,elettronica_consumo,76,1190.5,1146.3,0.0386,0,1.0172,1.0191,543.2,798.03
P0043,durevoli,elettronica_consumo,77,1115.45,1146.3,-0.0269,0,0.9328,1.0096,627.5,798.03
P0043,durevoli,elettronica_consumo,78,1149.69,1146.3,0.003,0,1.0929,1.0,672.4,798.03
P0043,durevoli,elettronica_consumo,79,1174.99,1146.3,0.025,0,1.0543,0.9904,573.6,798.03
P0043,durevoli,elettronica_consumo,80,1128.29,1146.3,-0.0157,0,0.9994,0.9809,601.7,798.03
P0043,durevoli,elettronica_consumo,81,1163.02,1146.3,0.0146,0,0.9497,0.9716,500.0,798.03
P0043,durevoli,elettronica_consumo,82,1033.68,1146.3,-0.0982,1,0.9505,0.9628,940.1,798.03
P0043,durevoli,elettronica_consumo,83,1169.35,1146.3,0.0201,0,0.967,0.9546,498.9,798.03
P0043,durevoli,elettronica_consumo,84,1172.6,1146.3,0.0229,0,1.0445,0.947,600.1,798.03
P0043,durevoli,elettronica_consumo,85,1215.68,1146.3,0.0605,0,0.9758,0.9401,630.3,798.03
P0043,durevoli,elettronica_consumo,86,1187.22,1146.3,0.0357,0,1.0354,0.9342,435.5,798.03
P0043,durevoli,elettronica_consumo,87,1097.3,1146.3,-0.0427,0,0.9109,0.9292,726.4,798.03
P0043,durevoli,elettronica_consumo,88,1135.96,1146.3,-0.009,0,1.0427,0.9252,720.4,798.03
P0043,durevoli,elettronica_consumo,89,1145.28,1146.3,-0.0009,0,0.9877,0.9223,629.6,798.03
P0043,durevoli,elettronica_consumo,90,987.34,1146.3,-0.1387,1,1.0214,0.9206,1016.1,798.03
P0043,durevoli,elettronica_consumo,91,1182.32,1146.3,0.0314,0,0.9358,0.92,591.1,798.03
P0043,durevoli,elettronica_consumo,92,982.46,1146.3,-0.1429,1,0.9696,0.9206,1333.3,798.03
P0043,durevoli,elettronica_consumo,93,1097.34,1146.3,-0.0427,0,1.04,0.9223,591.3,798.03
P0043,durevoli,elettronica_consumo,94,1167.15,1146.3,0.0182,0,0.9542,0.9252,590.1,798.03
P0043,durevoli,elettronica_consumo,95,1044.27,1146.3,-0.089,1,1.0092,0.9292,668.1,798.03
P0043,durevoli,elettronica_consumo,96,1134.68,1146.3,-0.0101,0,1.0708,0.9342,639.9,798.03
P0043,durevoli,elettronica_consumo,97,1117.79,1146.3,-0.0249,0,0.9605,0.9401,632.9,798.03
P0043,durevoli,elettronica_consumo,98,1199.98,1146.3,0.0468,0,0.9923,0.947,471.9,798.03
P0043,durevoli,elettronica_consumo,99,999.37,1146.3,-0.1282,1,0.9916,0.9546,1005.1,798.03
P0043,durevoli,elettronica_consumo,100,1013.77,1146.3,-0.1156,1,0.8882,0.9628,910.5,798.03
P0043,durevoli,elettronica_consumo,101,1136.29,1146.3,-0.0087,0,0.922,0.9716,714.8,798.03
P0043,durevoli,elettronica_consumo,102,1024.1,1146.3,-0.1066,1,1.021,0.9809,859.8,798.03
P0043,durevoli,elettronica_consumo,103,1182.71,1146.3,0.0318,0,1.057,0.9904,643.7,798.03
P0044,durevoli,arredamento,0,666.22,709.36,-0.0608,0,0.9993,1.0,469.3,466.5
P0044,durevoli,arredamento,1,737.42,709.36,0.0396,0,0.9525,1.0096,418.2,466.5
P0044,durevoli,arredamento,2,731.72,709.36,0.0315,0,0.9162,1.0191,331.5,466.5
P0044,durevoli,arredamento,3,646.51,709.36,-0.0886,0,1.0079,1.0284,622.8,466.5
P0044,durevoli,arredamento,4,693.9,709.36,-0.0218,0,1.0081,1.0372,537.5,466.5
P0044,durevoli,arredamento,5,732.09,709.36,0.032,0,1.0137,1.0454,411.8,466.5
P0044,durevoli,arredamento,6,705.9,709.36,-0.0049,0,1.039,1.053,464.6,466.5
P0044,durevoli,arredamento,7,693.94,709.36,-0.0217,0,0.9531,1.0599,518.4,466.5
P0044,durevoli,arredamento,8,729.24,709.36,0.028,0,1.0296,1.0658,415.6,466.5
P0044,durevoli,arredamento,9,690.25,709.36,-0.0269,0,0.9198,1.0708,483.5,466.5
P0044,durevoli,arredamento,10,722.31,709.36,0.0182,0,1.0075,1.0748,523.6,466.5
P0044,durevoli,arredamento,11,700.01,709.36,-0.0132,0,1.0822,1.0777,401.4,466.5
P0044,durevoli,arredamento,12,682.76,709.36,-0.0375,0,0.9902,1.0794,509.7,466.5
P0044,durevoli,arredamento,13,653.01,709.36,-0.0794,1,1.0128,1.08,636.3,466.5
P0044,durevoli,arredamento,14,602.96,709.36,-0.15,1,1.037,1.0794,1196.9,466.5
P0044,durevoli,arredamento,15,627.32,709.36,-0.1157,1,0.9953,1.0777,832.4,466.5
P0044,durevoli,arredamento,16,721.04,709.36,0.0165,0,0.8864,1.0748,503.9,466.5
P0044,durevoli,arredamento,17,706.64,709.36,-0.0038,0,1.0733,1.0708,423.0,466.5
P0044,durevoli,arredamento,18,729.07,709.36,0.0278,0,1.0085,1.0658,375.5,466.5
P0044,durevoli,arredamento,19,704.11,709.36,-0.0074,0,0.9736,1.0599,473.1,466.5
P0044,durevoli,arredamento,20,679.81,709.36,-0.0417,0,1.0082,1.053,492.5,466.5
P0044,durevoli,arredamento,21,650.57,709.36,-0.0829,1,1.0813,1.0454,708.4,466.5
P0044,durevoli,arredamento,22,672.87,709.36,-0.0514,0,1.1097,1.0372,577.7,466.5
P0044,durevoli,arredamento,23,751.4,709.36,0.0593,0,1.0678,1.0284,348.8,466.5
P0044,durevoli,arredamento,24,706.07,709.36,-0.0046,0,0.9465,1.0191,463.8,466.5
P0044,durevoli,arredamento,25,617.0,709.36,-0.1302,1,1.0147,1.0096,912.2,466.5
P0044,durevoli,arredamento,26,707.48,709.36,-0.0026,0,0.9666,1.0,506.3,466.5
P0044,durevoli,arredamento,27,715.39,709.36,0.0085,0,1.0013,0.9904,506.4,466.5
P0044,durevoli,arredamento,28,715.03,709.36,0.008,0,0.9709,0.9809,413.2,466.5
P0044,durevoli,arredamento,29,720.22,709.36,0.0153,0,0.9788,0.9716,385.4,466.5
P0044,durevoli,arredamento,30,722.7,709.36,0.0188,0,0.9449,0.9628,372.0,466.5
P0044,durevoli,arredamento,31,705.24,709.36,-0.0058,0,1.0478,0.9546,422.1,466.5
P0044,durevoli,arredamento,32,641.04,709.36,-0.0963,1,1.0694,0.947,796.5,466.5
P0044,durevoli,arredamento,33,693.75,709.36,-0.022,0,0.9507,0.9401,493.9,466.5
P0044,durevoli,arredamento,34,738.23,709.36,0.0407,0,1.0007,0.9342,423.6,466.5
P0044,durevoli,arredamento,35,713.06,709.36,0.0052,0,1.0096,0.9292,423.1,466.5
P0044,durevoli,arredamento,36,692.33,709.36,-0.024,0,0.9649,0.9252,367.9,466.5
P0044,durevoli,arredamento,37,708.35,709.36,-0.0014,0,1.0381,0.9223,490.3,466.5
P0044,durevoli,arredamento,38,629.46,709.36,-0.1126,1,0.9621,0.9206,581.4,466.5
P0044,durevoli,arredamento,39,743.68,709.36,0.0484,0,1.0778,0.92,398.3,466.5
P0044,durevoli,arredamento,40,718.44,709.36,0.0128,0,1.0278,0.9206,473.2,466.5
P0044,durevoli,arredamento,41,731.94,709.36,0.0318,0,0.9706,0.9223,345.4,466.5
P0044,durevoli,arredamento,42,689.69,709.36,-0.0277,0,1.0738,0.9252,366.5,466.5
P0044,durevoli,arredamento,43,622.28,709.36,-0.1228,1,0.9897,0.9292,640.3,466.5
P0044,durevoli,arredamento,44,696.17,709.36,-0.0186,0,0.9743,0.9342,507.7,466.5
P0044,durevoli,arredamento,45,720.6,709.36,0.0158,0,0.9354,0.9401,437.5,466.5
P0044,durevoli,arredamento,46,628.64,709.36,-0.1138,1,0.9929,0.947,509.4,466.5
P0044,durevoli,arredamento,47,608.01,709.36,-0.1429,1,0.9672,0.9546,742.2,466.5
P0044,durevoli,arredamento,48,689.09,709.36,-0.0286,0,0.9421,0.9628,517.5,466.5
P0044,durevoli,arredamento,49,703.04,709.36,-0.0089,0,0.9991,0.9716,394.7,466.5
P0044,durevoli,arredamento,50,622.87,709.36,-0.1219,1,0.989,0.9809,790.3,466.5
P0044,durevoli,arredamento,51,683.19,709.36,-0.0369,0,1.0597,0.9904,479.8,466.5
P0044,durevoli,arredamento,52,719.8,709.36,0.0147,0,1.0985,1.0,507.1,466.5
P0044,durevoli,arredamento,53,652.47,709.36,-0.0802,1,0.9649,1.0096,743.1,466.5
P0044,durevoli,arredamento,54,694.74,709.36,-0.0206,0,1.0417,1.0191,489.3,466.5
P0044,durevoli,arredamento,55,685.14,709.36,-0.0341,0,1.05,1.0284,538.9,466.5
P0044,durevoli,arredamento,56,733.63,709.36,0.0342,0,0.9958,1.0372,428.6,466.5
P0044,durevoli,arredamento,57,702.15,709.36,-0.0102,0,1.0374,1.0454,465.7,466.5
P0044,durevoli,arredamento,58,638.34,709.36,-0.1001,1,1.0203,1.053,831.7,466.5
P0044,durevoli,arredamento,59,737.81,709.36,0.0401,0,1.0196,1.0599,401.8,466.5
P0044,durevoli,arredamento,60,713.57,709.36,0.0059,0,0.9712,1.0658,506.9,466.5
P0044,durevoli,arredamento,61,694.34,709.36,-0.0212,0,0.9911,1.0708,607.2,466.5
P0044,durevoli,arredamento,62,714.03,709.36,0.0066,0,1.0029,1.0748,406.0,466.5
P0044,durevoli,arredamento,63,735.09,709.36,0.0363,0,1.0376,1.0777,344.2,466.5
P0044,durevoli,arredamento,64,706.2,709.36,-0.0044,0,1.0341,1.0794,470.6,466.5
P0044,durevoli,arredamento,65,724.74,709.36,0.0217,0,0.9613,1.08,437.0,466.5
P0044,durevoli,arredamento,66,742.59,709.36,0.0468,0,1.0404,1.0794,503.4,466.5
P0044,durevoli,arredamento,67,646.11,709.36,-0.0892,1,0.9129,1.0777,970.0,466.5
P0044,durevoli,arredamento,68,720.7,709.36,0.016,0,1.0416,1.0748,469.9,466.5
P0044,durevoli,arredamento,69,694.19,709.36,-0.0214,0,0.9975,1.0708,548.0,466.5
P0044,durevoli,arredamento,70,758.68,709.36,0.0695,0,1.005,1.0658,347.8,466.5
P0044,durevoli,arredamento,71,679.05,709.36,-0.0427,0,0.972,1.0599,551.6,466.5
P0044,durevoli,arredamento,72,673.47,709.36,-0.0506,0,0.9627,1.053,452.6,466.5
P0044,durevoli,arredamento,73,627.52,709.36,-0.1154,1,0.9389,1.0454,889.8,466.5
P0044,durevoli,arredamento,74,693.0,709.36,-0.0231,0,0.9009,1.0372,438.4,466.5
P0044,durevoli,arredamento,75,653.66,709.36,-0.0785,1,0.9941,1.0284,626.5,466.5
P0044,durevoli,arredamento,76,677.2,709.36,-0.0453,0,1.0257,1.0191,459.4,466.5
P0044,durevoli,arredamento,77,718.68,709.36,0.0131,0,1.0875,1.0096,580.9,466.5
P0044,durevoli,arredamento,78,694.55,709.36,-0.0209,0,1.0258,1.0,550.2,466.5
P0044,durevoli,arredamento,79,604.48,709.36,-0.1479,1,0.9756,0.9904,647.3,466.5
P0044,durevoli,arredamento,80,633.41,709.36,-0.1071,1,1.0029,0.9809,818.3,466.5
P0044,durevoli,arredamento,81,732.89,709.36,0.0332,0,1.0013,0.9716,377.2,466.5
P0044,durevoli,arredamento,82,726.63,709.36,0.0243,0,1.0516,0.9628,407.6,466.5
P0044,durevoli,arredamento,83,717.69,709.36,0.0117,0,1.0239,0.9546,490.7,466.5
P0044,durevoli,arredamento,84,692.78,709.36,-0.0234,0,1.0378,0.947,433.8,466.5
P0044,durevoli,arredamento,85,606.31,709.36,-0.1453,1,0.9314,0.9401,983.8,466.5
P0044,durevoli,arredamento,86,730.88,709.36,0.0303,0,0.9946,0.9342,410.3,466.5
P0044,durevoli,arredamento,87,730.63,709.36,0.03,0,0.9826,0.9292,369.1,466.5
P0044,durevoli,arredamento,88,710.09,709.36,0.001,0,0.9662,0.9252,351.6,466.5
P0044,durevoli,arredamento,89,695.66,709.36,-0.0193,0,1.1031,0.9223,461.0,466.5
P0044,durevoli,arredamento,90,605.61,709.36,-0.1463,1,1.1108,0.9206,580.1,466.5
P0044,durevoli,arredamento,91,614.21,709.36,-0.1341,1,0.9893,0.92,743.3,466.5
P0044,durevoli,arredamento,92,714.03,709.36,0.0066,0,0.9988,0.9206,352.8,466.5
P0044,durevoli,arredamento,93,727.14,709.36,0.0251,0,0.9729,0.9223,496.5,466.5
P0044,durevoli,arredamento,94,730.31,709.36,0.0295,0,1.0416,0.9252,395.5,466.5
P0044,durevoli,arredamento,95,748.36,709.36,0.055,0,1.0404,0.9292,349.4,466.5
P0044,durevoli,arredamento,96,723.6,709.36,0.0201,0,1.0419,0.9342,402.7,466.5
P0044,durevoli,arredamento,97,748.69,709.36,0.0554,0,0.9464,0.9401,337.7,466.5
P0044,durevoli,arredamento,98,685.93,709.36,-0.033,0,1.0624,0.947,543.5,466.5
P0044,durevoli,arredamento,99,667.71,709.36,-0.0587,1,0.9995,0.9546,541.6,466.5
P0044,durevoli,arredamento,100,743.49,709.36,0.0481,0,1.0177,0.9628,355.1,466.5
P0044,durevoli,arredamento,101,692.17,709.36,-0.0242,0,1.0049,0.9716,486.1,466.5
P0044,durevoli,arredamento,102,673.25,709.36,-0.0509,0,1.1066,0.9809,518.5,466.5
P0044,durevoli,arredamento,103,698.87,709.36,-0.0148,0,0.9219,0.9904,462.2,466.5
P0045,durevoli,arredamento,0,295.88,288.71,0.0248,0,1.0453,1.0,464.1,178.72
P0045,durevoli,arredamento,1,306.94,288.71,0.0631,0,1.0195,1.0096,455.1,178.72
P0045,durevoli,arredamento,2,269.51,288.71,-0.0665,0,0.9923,1.0191,463.9,178.72
P0045,durevoli,arredamento,3,268.0,288.71,-0.0717,1,1.0303,1.0284,738.2,178.72
P0045,durevoli,arredamento,4,305.07,288.71,0.0567,0,0.9162,1.0372,358.9,178.72
P0045,durevoli,arredamento,5,298.91,288.71,0.0353,0,1.0112,1.0454,435.9,178.72
P0045,durevoli,arredamento,6,269.17,288.71,-0.0677,0,0.9614,1.053,526.1,178.72
P0045,durevoli,arredamento,7,282.8,288.71,-0.0205,0,1.1279,1.0599,474.3,178.72
P0045,durevoli,arredamento,8,291.16,288.71,0.0085,0,1.0295,1.0658,439.3,178.72
P0045,durevoli,arredamento,9,293.19,288.71,0.0155,0,0.9356,1.0708,455.4,178.72
P0045,durevoli,arredamento,10,286.51,288.71,-0.0076,0,1.0255,1.0748,521.9,178.72
P0045,durevoli,arredamento,11,292.13,288.71,0.0119,0,1.0043,1.0777,361.1,178.72
P0045,durevoli,arredamento,12,293.64,288.71,0.0171,0,0.9508,1.0794,479.5,178.72
P0045,durevoli,arredamento,13,270.0,288.71,-0.0648,1,1.0255,1.08,706.3,178.72
P0045,durevoli,arredamento,14,285.61,288.71,-0.0107,0,1.0206,1.0794,453.5,178.72
P0045,durevoli,arredamento,15,272.44,288.71,-0.0563,0,1.0408,1.0777,534.4,178.72
P0045,durevoli,arredamento,16,280.82,288.71,-0.0273,0,1.0045,1.0748,506.0,178.72
P0045,durevoli,arredamento,17,278.12,288.71,-0.0367,0,1.0318,1.0708,408.4,178.72
P0045,durevoli,arredamento,18,272.92,288.71,-0.0547,0,1.0414,1.0658,551.6,178.72
P0045,durevoli,arredamento,19,303.6,288.71,0.0516,0,0.9842,1.0599,459.9,178.72
P0045,durevoli,arredamento,20,287.84,288.71,-0.003,0,1.0653,1.053,603.0,178.72
P0045,durevoli,arredamento,21,297.13,288.71,0.0292,0,1.016,1.0454,456.9,178.72
P0045,durevoli,arredamento,22,285.34,288.71,-0.0117,0,0.8208,1.0372,565.4,178.72
P0045,durevoli,arredamento,23,286.27,288.71,-0.0085,0,0.989,1.0284,421.9,178.72
P0045,durevoli,arredamento,24,288.26,288.71,-0.0016,0,0.9642,1.0191,461.5,178.72
P0045,durevoli,arredamento,25,298.09,288.71,0.0325,0,0.933,1.0096,382.7,178.72
P0045,durevoli,arredamento,26,266.44,288.71,-0.0771,1,0.9548,1.0,601.1,178.72
P0045,durevoli,arredamento,27,287.73,288.71,-0.0034,0,0.9895,0.9904,390.7,178.72
P0045,durevoli,arredamento,28,302.11,288.71,0.0464,0,0.9045,0.9809,331.4,178.72
P0045,durevoli,arredamento,29,248.38,288.71,-0.1397,1,0.8935,0.9716,789.4,178.72
P0045,durevoli,arredamento,30,280.0,288.71,-0.0302,0,1.079,0.9628,442.9,178.72
P0045,durevoli,arredamento,31,281.44,288.71,-0.0252,0,1.0501,0.9546,491.0,178.72
P0045,durevoli,arredamento,32,303.27,288.71,0.0504,0,0.9995,0.947,555.7,178.72
P0045,durevoli,arredamento,33,294.17,288.71,0.0189,0,0.9501,0.9401,334.9,178.72
P0045,durevoli,arredamento,34,279.28,288.71,-0.0327,0,1.0689,0.9342,467.7,178.72
P0045,durevoli,arredamento,35,287.34,288.71,-0.0048,0,0.9871,0.9292,457.7,178.72
P0045,durevoli,arredamento,36,292.24,288.71,0.0122,0,1.015,0.9252,362.2,178.72
P0045,durevoli,arredamento,37,285.72,288.71,-0.0103,0,0.9504,0.9223,462.1,178.72
P0045,durevoli,arredamento,38,292.84,288.71,0.0143,0,0.9408,0.9206,438.2,178.72
P0045,durevoli,arredamento,39,275.95,288.71,-0.0442,0,1.0177,0.92,404.4,178.72
P0045,durevoli,arredamento,40,301.24,288.71,0.0434,0,1.0141,0.9206,325.2,178.72
P0045,durevoli,arredamento,41,296.25,288.71,0.0261,0,0.9319,0.9223,332.1,178.72
P0045,durevoli,arredamento,42,290.06,288.71,0.0047,0,1.019,0.9252,385.8,178.72
P0045,durevoli,arredamento,43,280.0,288.71,-0.0302,0,1.0313,0.9292,448.0,178.72
P0045,durevoli,arredamento,44,300.65,288.71,0.0414,0,0.9772,0.9342,354.5,178.72
P0045,durevoli,arredamento,45,268.31,288.71,-0.0707,0,0.9912,0.9401,472.7,178.72
P0045,durevoli,arredamento,46,279.91,288.71,-0.0305,0,1.0762,0.947,494.6,178.72
P0045,durevoli,arredamento,47,284.24,288.71,-0.0155,0,1.0203,0.9546,404.4,178.72
P0045,durevoli,arredamento,48,285.29,288.71,-0.0118,0,1.0545,0.9628,503.3,178.72
P0045,durevoli,arredamento,49,293.36,288.71,0.0161,0,0.9997,0.9716,370.4,178.72
P0045,durevoli,arredamento,50,275.94,288.71,-0.0442,0,1.0582,0.9809,570.9,178.72
P0045,durevoli,arredamento,51,262.1,288.71,-0.0922,1,1.0527,0.9904,762.7,178.72
P0045,durevoli,arredamento,52,287.21,288.71,-0.0052,0,0.9971,1.0,408.3,178.72
P0045,durevoli,arredamento,53,247.05,288.71,-0.1443,1,0.973,1.0096,742.3,178.72
P0045,durevoli,arredamento,54,267.93,288.71,-0.072,0,1.0459,1.0191,476.3,178.72
P0045,durevoli,arredamento,55,308.64,288.71,0.069,0,0.9747,1.0284,532.3,178.72
P0045,durevoli,arredamento,56,282.19,288.71,-0.0226,0,0.8709,1.0372,521.6,178.72
P0045,durevoli,arredamento,57,293.07,288.71,0.0151,0,0.9886,1.0454,392.9,178.72
P0045,durevoli,arredamento,58,295.85,288.71,0.0247,0,0.9823,1.053,427.1,178.72
P0045,durevoli,arredamento,59,289.63,288.71,0.0032,0,0.9444,1.0599,521.7,178.72
P0045,durevoli,arredamento,60,285.72,288.71,-0.0103,0,1.1082,1.0658,464.7,178.72
P0045,durevoli,arredamento,61,294.63,288.71,0.0205,0,0.9107,1.0708,531.1,178.72
P0045,durevoli,arredamento,62,294.01,288.71,0.0184,0,0.8311,1.0748,446.4,178.72
P0045,durevoli,arredamento,63,300.07,288.71,0.0393,0,1.0526,1.0777,465.5,178.72
P0045,durevoli,arredamento,64,303.81,288.71,0.0523,0,0.9869,1.0794,539.9,178.72
P0045,durevoli,arredamento,65,293.83,288.71,0.0177,0,0.977,1.08,548.5,178.72
P0045,durevoli,arredamento,66,303.29,288.71,0.0505,0,1.0089,1.0794,433.7,178.72
P0045,durevoli,arredamento,67,303.29,288.71,0.0505,0,1.0508,1.0777,442.7,178.72
P0045,durevoli,arredamento,68,296.9,288.71,0.0284,0,0.9281,1.0748,454.0,178.72
P0045,durevoli,arredamento,69,265.81,288.71,-0.0793,1,1.0186,1.0708,898.7,178.72
P0045,durevoli,arredamento,70,296.45,288.71,0.0268,0,1.1178,1.0658,498.7,178.72
P0045,durevoli,arredamento,71,291.1,288.71,0.0083,0,1.024,1.0599,549.7,178.72
P0045,durevoli,arredamento,72,260.72,288.71,-0.0969,0,0.9572,1.053,561.6,178.72
P0045,durevoli,arredamento,73,259.84,288.71,-0.1,0,0.9637,1.0454,565.6,178.72
P0045,durevoli,arredamento,74,278.64,288.71,-0.0349,0,1.0021,1.0372,512.6,178.72
P0045,durevoli,arredamento,75,302.57,288.71,0.048,0,1.0029,1.0284,376.0,178.72
P0045,durevoli,arredamento,76,286.56,288.71,-0.0075,0,1.0557,1.0191,415.3,178.72
P0045,durevoli,arredamento,77,289.67,288.71,0.0033,0,1.0997,1.0096,466.3,178.72
P0045,durevoli,arredamento,78,296.15,288.71,0.0258,0,1.0385,1.0,403.0,178.72
P0045,durevoli,arredamento,79,294.13,288.71,0.0188,0,1.0032,0.9904,353.5,178.72
P0045,durevoli,arredamento,80,282.27,288.71,-0.0223,0,0.9242,0.9809,435.2,178.72
P0045,durevoli,arredamento,81,300.92,288.71,0.0423,0,1.0473,0.9716,411.6,178.72
P0045,durevoli,arredamento,82,289.71,288.71,0.0035,0,0.9447,0.9628,380.6,178.72
P0045,durevoli,arredamento,83,302.87,288.71,0.049,0,1.0538,0.9546,339.7,178.72
P0045,durevoli,arredamento,84,258.23,288.71,-0.1056,1,0.9922,0.947,607.8,178.72
P0045,durevoli,arredamento,85,288.52,288.71,-0.0007,0,1.0108,0.9401,428.9,178.72
P0045,durevoli,arredamento,86,289.81,288.71,0.0038,0,1.0531,0.9342,490.9,178.72
P0045,durevoli,arredamento,87,273.36,288.71,-0.0532,0,1.0031,0.9292,521.9,178.72
P0045,durevoli,arredamento,88,295.58,288.71,0.0238,0,0.932,0.9252,366.4,178.72
P0045,durevoli,arredamento,89,287.27,288.71,-0.005,0,0.8918,0.9223,484.5,178.72
P0045,durevoli,arredamento,90,252.86,288.71,-0.1242,1,0.9244,0.9206,685.9,178.72
P0045,durevoli,arredamento,91,293.52,288.71,0.0167,0,1.0592,0.92,373.1,178.72
P0045,durevoli,arredamento,92,287.99,288.71,-0.0025,0,0.9037,0.9206,538.3,178.72
P0045,durevoli,arredamento,93,297.47,288.71,0.0303,0,0.9769,0.9223,321.2,178.72
P0045,durevoli,arredamento,94,277.35,288.71,-0.0393,0,1.0174,0.9252,466.8,178.72
P0045,durevoli,arredamento,95,280.78,288.71,-0.0275,0,0.9925,0.9292,387.6,178.72
P0045,durevoli,arredamento,96,294.49,288.71,0.02,0,0.9989,0.9342,372.8,178.72
P0045,durevoli,arredamento,97,251.37,288.71,-0.1293,1,0.9228,0.9401,670.5,178.72
P0045,durevoli,arredamento,98,299.8,288.71,0.0384,0,1.0323,0.947,392.5,178.72
P0045,durevoli,arredamento,99,266.73,288.71,-0.0761,1,1.1052,0.9546,633.6,178.72
P0045,durevoli,arredamento,100,290.72,288.71,0.0069,0,0.8691,0.9628,419.8,178.72
P0045,durevoli,arredamento,101,294.79,288.71,0.0211,0,1.0149,0.9716,447.8,178.72
P0045,durevoli,arredamento,102,303.11,288.71,0.0499,0,1.0224,0.9809,382.0,178.72
P0045,durevoli,arredamento,103,298.59,288.71,0.0342,0,1.0258,0.9904,419.8,178.72
P0046,durevoli,arredamento,0,1024.4,990.93,0.0338,0,0.9871,1.0,385.8,749.66
P0046,durevoli,arredamento,1,858.29,990.93,-0.1339,1,0.9426,1.0096,913.0,749.66
P0046,durevoli,arredamento,2,859.42,990.93,-0.1327,1,1.0443,1.0191,761.4,749.66
P0046,durevoli,arredamento,3,994.45,990.93,0.0035,0,0.9176,1.0284,515.2,749.66
P0046,durevoli,arredamento,4,1004.6,990.93,0.0138,0,1.0504,1.0372,511.5,749.66
P0046,durevoli,arredamento,5,907.31,990.93,-0.0844,1,1.0186,1.0454,712.0,749.66
P0046,durevoli,arredamento,6,998.38,990.93,0.0075,0,1.0689,1.053,474.4,749.66
P0046,durevoli,arredamento,7,1028.99,990.93,0.0384,0,0.9845,1.0599,315.0,749.66
P0046,durevoli,arredamento,8,958.14,990.93,-0.0331,0,1.089,1.0658,584.9,749.66
P0046,durevoli,arredamento,9,1006.86,990.93,0.0161,0,1.1212,1.0708,493.9,749.66
P0046,durevoli,arredamento,10,1091.13,990.93,0.1011,0,1.0059,1.0748,366.0,749.66
P0046,durevoli,arredamento,11,932.85,990.93,-0.0586,0,0.9856,1.0777,563.2,749.66
P0046,durevoli,arredamento,12,941.69,990.93,-0.0497,0,1.033,1.0794,493.4,749.66
P0046,durevoli,arredamento,13,924.39,990.93,-0.0671,1,0.9802,1.08,643.8,749.66
P0046,durevoli,arredamento,14,1021.2,990.93,0.0306,0,1.0076,1.0794,503.7,749.66
P0046,durevoli,arredamento,15,969.41,990.93,-0.0217,0,0.9499,1.0777,490.3,749.66
P0046,durevoli,arredamento,16,1039.13,990.93,0.0486,0,1.0012,1.0748,460.4,749.66
P0046,durevoli,arredamento,17,963.82,990.93,-0.0274,0,0.9347,1.0708,473.0,749.66
P0046,durevoli,arredamento,18,1060.62,990.93,0.0703,0,1.022,1.0658,365.9,749.66
P0046,durevoli,arredamento,19,945.76,990.93,-0.0456,0,0.9931,1.0599,671.2,749.66
P0046,durevoli,arredamento,20,1075.79,990.93,0.0856,0,1.0393,1.053,409.0,749.66
P0046,durevoli,arredamento,21,990.99,990.93,0.0001,0,0.9756,1.0454,443.4,749.66
P0046,durevoli,arredamento,22,892.58,990.93,-0.0993,1,0.9998,1.0372,949.1,749.66
P0046,durevoli,arredamento,23,1072.87,990.93,0.0827,0,0.892,1.0284,297.6,749.66
P0046,durevoli,arredamento,24,1042.69,990.93,0.0522,0,0.9945,1.0191,313.1,749.66
P0046,durevoli,arredamento,25,949.39,990.93,-0.0419,0,0.9303,1.0096,631.6,749.66
P0046,durevoli,arredamento,26,996.94,990.93,0.0061,0,0.9954,1.0,409.4,749.66
P0046,durevoli,arredamento,27,872.37,990.93,-0.1196,1,1.0169,0.9904,942.9,749.66
P0046,durevoli,arredamento,28,948.65,990.93,-0.0427,0,1.0494,0.9809,512.4,749.66
P0046,durevoli,arredamento,29,997.25,990.93,0.0064,0,1.0286,0.9716,411.9,749.66
P0046,durevoli,arredamento,30,961.0,990.93,-0.0302,0,1.0996,0.9628,361.8,749.66
P0046,durevoli,arredamento,31,1003.65,990.93,0.0128,0,1.0321,0.9546,362.3,749.66
P0046,durevoli,arredamento,32,987.18,990.93,-0.0038,0,0.9407,0.947,361.4,749.66
P0046,durevoli,arredamento,33,935.56,990.93,-0.0559,0,1.09,0.9401,549.6,749.66
P0046,durevoli,arredamento,34,1050.63,990.93,0.0602,0,0.9824,0.9342,301.1,749.66
P0046,durevoli,arredamento,35,976.84,990.93,-0.0142,0,1.0883,0.9292,378.5,749.66
P0046,durevoli,arredamento,36,934.36,990.93,-0.0571,1,1.0187,0.9252,698.4,749.66
P0046,durevoli,arredamento,37,928.76,990.93,-0.0627,1,1.0743,0.9223,664.0,749.66
P0046,durevoli,arredamento,38,903.84,990.93,-0.0879,1,0.9317,0.9206,739.4,749.66
P0046,durevoli,arredamento,39,1011.97,990.93,0.0212,0,0.8806,0.92,359.0,749.66
P0046,durevoli,arredamento,40,855.57,990.93,-0.1366,1,1.0628,0.9206,910.1,749.66
P0046,durevoli,arredamento,41,1019.51,990.93,0.0288,0,0.9504,0.9223,365.1,749.66
P0046,durevoli,arredamento,42,961.96,990.93,-0.0292,0,1.0393,0.9252,411.2,749.66
P0046,durevoli,arredamento,43,907.0,990.93,-0.0847,1,0.9582,0.9292,593.4,749.66
P0046,durevoli,arredamento,44,994.7,990.93,0.0038,0,0.9273,0.9342,439.9,749.66
P0046,durevoli,arredamento,45,942.27,990.93,-0.0491,0,0.8746,0.9401,528.1,749.66
P0046,durevoli,arredamento,46,863.31,990.93,-0.1288,1,1.032,0.947,865.7,749.66
P0046,durevoli,arredamento,47,1022.58,990.93,0.0319,0,1.1027,0.9546,437.1,749.66
P0046,durevoli,arredamento,48,1001.82,990.93,0.011,0,0.9778,0.9628,397.4,749.66
P0046,durevoli,arredamento,49,947.32,990.93,-0.044,0,0.9615,0.9716,405.7,749.66
P0046,durevoli,arredamento,50,993.81,990.93,0.0029,0,0.9674,0.9809,461.3,749.66
P0046,durevoli,arredamento,51,967.0,990.93,-0.0241,0,1.039,0.9904,514.3,749.66
P0046,durevoli,arredamento,52,998.98,990.93,0.0081,0,0.9611,1.0,409.5,749.66
P0046,durevoli,arredamento,53,1010.36,990.93,0.0196,0,1.0159,1.0096,422.1,749.66
P0046,durevoli,arredamento,54,1004.4,990.93,0.0136,0,1.0276,1.0191,456.3,749.66
P0046,durevoli,arredamento,55,1022.68,990.93,0.032,0,0.9341,1.0284,380.3,749.66
P0046,durevoli,arredamento,56,947.15,990.93,-0.0442,0,0.9855,1.0372,528.2,749.66
P0046,durevoli,arredamento,57,977.24,990.93,-0.0138,0,0.9126,1.0454,600.2,749.66
P0046,durevoli,arredamento,58,995.29,990.93,0.0044,0,1.0116,1.053,480.3,749.66
P0046,durevoli,arredamento,59,885.95,990.93,-0.1059,1,1.0655,1.0599,941.5,749.66
P0046,durevoli,arredamento,60,986.81,990.93,-0.0042,0,0.8449,1.0658,400.1,749.66
P0046,durevoli,arredamento,61,1032.57,990.93,0.042,0,1.0364,1.0708,400.9,749.66
P0046,durevoli,arredamento,62,1025.79,990.93,0.0352,0,0.9803,1.0748,538.7,749.66
P0046,durevoli,arredamento,63,939.88,990.93,-0.0515,0,0.9789,1.0777,499.9,749.66
P0046,durevoli,arredamento,64,1018.61,990.93,0.0279,0,0.9983,1.0794,425.3,749.66
P0046,durevoli,arredamento,65,910.73,990.93,-0.0809,0,0.9242,1.08,578.5,749.66
P0046,durevoli,arredamento,66,982.89,990.93,-0.0081,0,1.0702,1.0794,472.1,749.66
P0046,durevoli,arredamento,67,937.25,990.93,-0.0542,1,1.0855,1.0777,829.8,749.66
P0046,durevoli,arredamento,68,936.74,990.93,-0.0547,0,1.0153,1.0748,577.8,749.66
P0046,durevoli,arredamento,69,971.16,990.93,-0.02,0,0.9819,1.0708,454.5,749.66
P0046,durevoli,arredamento,70,925.97,990.93,-0.0656,1,1.0441,1.0658,685.6,749.66
P0046,durevoli,arredamento,71,1004.45,990.93,0.0136,0,1.1171,1.0599,485.0,749.66
P0046,durevoli,arredamento,72,842.67,990.93,-0.1496,1,0.9783,1.053,1113.4,749.66
P0046,durevoli,arredamento,73,944.57,990.93,-0.0468,0,0.9585,1.0454,552.1,749.66
P0046,durevoli,arredamento,74,864.7,990.93,-0.1274,1,0.9539,1.0372,894.5,749.66
P0046,durevoli,arredamento,75,929.68,990.93,-0.0618,0,0.9865,1.0284,573.6,749.66
P0046,durevoli,arredamento,76,913.32,990.93,-0.0783,1,1.0041,1.0191,677.4,749.66
P0046,durevoli,arredamento,77,977.59,990.93,-0.0135,0,1.0354,1.0096,496.0,749.66
P0046,durevoli,arredamento,78,1009.91,990.93,0.0191,0,1.0638,1.0,408.8,749.66
P0046,durevoli,arredamento,79,965.73,990.93,-0.0254,0,0.9963,0.9904,436.0,749.66
P0046,durevoli,arredamento,80,926.22,990.93,-0.0653,1,0.9839,0.9809,521.8,749.66
P0046,durevoli,arredamento,81,1034.17,990.93,0.0436,0,1.0455,0.9716,402.7,749.66
P0046,durevoli,arredamento,82,1015.2,990.93,0.0245,0,1.0307,0.9628,416.3,749.66
P0046,durevoli,arredamento,83,983.99,990.93,-0.007,0,1.0035,0.9546,403.2,749.66
P0046,durevoli,arredamento,84,948.1,990.93,-0.0432,0,1.0115,0.947,521.8,749.66
P0046,durevoli,arredamento,85,1086.82,990.93,0.0968,0,0.954,0.9401,318.9,749.66
P0046,durevoli,arredamento,86,1027.89,990.93,0.0373,0,1.0328,0.9342,407.1,749.66
P0046,durevoli,arredamento,87,1048.6,990.93,0.0582,0,1.0642,0.9292,301.9,749.66
P0046,durevoli,arredamento,88,852.27,990.93,-0.1399,1,1.0761,0.9252,821.4,749.66
P0046,durevoli,arredamento,89,987.14,990.93,-0.0038,0,0.9072,0.9223,551.0,749.66
P0046,durevoli,arredamento,90,847.68,990.93,-0.1446,1,1.0573,0.9206,1033.2,749.66
P0046,durevoli,arredamento,91,987.49,990.93,-0.0035,0,1.0119,0.92,350.1,749.66
P0046,durevoli,arredamento,92,915.27,990.93,-0.0764,1,0.9934,0.9206,574.8,749.66
P0046,durevoli,arredamento,93,933.81,990.93,-0.0576,1,0.9012,0.9223,616.4,749.66
P0046,durevoli,arredamento,94,1061.37,990.93,0.0711,0,1.0287,0.9252,375.4,749.66
P0046,durevoli,arredamento,95,917.69,990.93,-0.0739,1,1.0462,0.9292,788.5,749.66
P0046,durevoli,arredamento,96,1010.93,990.93,0.0202,0,1.0181,0.9342,382.0,749.66
P0046,durevoli,arredamento,97,998.96,990.93,0.0081,0,1.0158,0.9401,450.8,749.66
P0046,durevoli,arredamento,98,984.76,990.93,-0.0062,0,0.958,0.947,392.5,749.66
P0046,durevoli,arredamento,99,966.44,990.93,-0.0247,0,1.0473,0.9546,467.7,749.66
P0046,durevoli,arredamento,100,968.77,990.93,-0.0224,0,0.9584,0.9628,509.6,749.66
P0046,durevoli,arredamento,101,916.59,990.93,-0.075,1,0.9925,0.9716,651.7,749.66
P0046,durevoli,arredamento,102,924.53,990.93,-0.067,1,0.9372,0.9809,774.6,749.66
P0046,durevoli,arredamento,103,1049.89,990.93,0.0595,0,0.9333,0.9904,368.9,749.66
P0047,durevoli,arredamento,0,232.53,249.8,-0.0691,0,1.0329,1.0,413.8,158.44
P0047,durevoli,arredamento,1,259.45,249.8,0.0386,0,0.9735,1.0096,370.2,158.44
P0047,durevoli,arredamento,2,247.62,249.8,-0.0087,0,0.9797,1.0191,538.4,158.44
P0047,durevoli,arredamento,3,245.78,249.8,-0.0161,0,1.0433,1.0284,408.9,158.44
P0047,durevoli,arredamento,4,247.9,249.8,-0.0076,0,1.0437,1.0372,520.8,158.44
P0047,durevoli,arredamento,5,235.24,249.8,-0.0583,1,0.9979,1.0454,723.2,158.44
P0047,durevoli,arredamento,6,239.28,249.8,-0.0421,0,1.0742,1.053,471.7,158.44
P0047,durevoli,arredamento,7,231.68,249.8,-0.0726,1,0.9921,1.0599,826.7,158.44
P0047,durevoli,arredamento,8,246.68,249.8,-0.0125,0,0.9865,1.0658,458.7,158.44
P0047,durevoli,arredamento,9,245.43,249.8,-0.0175,0,1.0832,1.0708,539.2,158.44
P0047,durevoli,arredamento,10,258.38,249.8,0.0344,0,0.9206,1.0748,522.9,158.44
P0047,durevoli,arredamento,11,269.35,249.8,0.0783,0,1.0506,1.0777,427.1,158.44
P0047,durevoli,arredamento,12,244.33,249.8,-0.0219,0,0.9802,1.0794,500.2,158.44
P0047,durevoli,arredamento,13,242.32,249.8,-0.03,0,0.9519,1.08,528.5,158.44
P0047,durevoli,arredamento,14,222.92,249.8,-0.1076,1,1.0335,1.0794,910.4,158.44
P0047,durevoli,arredamento,15,252.89,249.8,0.0124,0,0.9955,1.0777,574.2,158.44
P0047,durevoli,arredamento,16,258.02,249.8,0.0329,0,1.0979,1.0748,491.6,158.44
P0047,durevoli,arredamento,17,238.97,249.8,-0.0434,0,0.9851,1.0708,572.1,158.44
P0047,durevoli,arredamento,18,269.1,249.8,0.0772,0,1.0218,1.0658,386.2,158.44
P0047,durevoli,arredamento,19,220.74,249.8,-0.1163,1,0.9997,1.0599,647.1,158.44
P0047,durevoli,arredamento,20,217.37,249.8,-0.1298,1,0.9787,1.053,797.7,158.44
P0047,durevoli,arredamento,21,245.54,249.8,-0.0171,0,0.9628,1.0454,443.1,158.44
P0047,durevoli,arredamento,22,225.72,249.8,-0.0964,1,0.9553,1.0372,774.7,158.44
P0047,durevoli,arredamento,23,260.25,249.8,0.0418,0,1.0943,1.0284,452.8,158.44
P0047,durevoli,arredamento,24,256.27,249.8,0.0259,0,1.0233,1.0191,430.7,158.44
P0047,durevoli,arredamento,25,240.87,249.8,-0.0358,0,1.0419,1.0096,484.9,158.44
P0047,durevoli,arredamento,26,257.8,249.8,0.032,0,0.9687,1.0,481.4,158.44
P0047,durevoli,arredamento,27,266.68,249.8,0.0676,0,0.9331,0.9904,404.1,158.44
P0047,durevoli,arredamento,28,259.62,249.8,0.0393,0,0.9836,0.9809,309.4,158.44
P0047,durevoli,arredamento,29,218.98,249.8,-0.1234,1,0.8975,0.9716,727.5,158.44
P0047,durevoli,arredamento,30,255.47,249.8,0.0227,0,0.9877,0.9628,515.3,158.44
P0047,durevoli,arredamento,31,253.56,249.8,0.0151,0,0.9893,0.9546,337.9,158.44
P0047,durevoli,arredamento,32,256.39,249.8,0.0264,0,1.0301,0.947,383.6,158.44
P0047,durevoli,arredamento,33,227.47,249.8,-0.0894,1,1.021,0.9401,711.9,158.44
P0047,durevoli,arredamento,34,217.94,249.8,-0.1275,1,1.0267,0.9342,702.2,158.44
P0047,durevoli,arredamento,35,228.04,249.8,-0.0871,1,0.9977,0.9292,664.8,158.44
P0047,durevoli,arredamento,36,244.16,249.8,-0.0226,0,0.9951,0.9252,387.5,158.44
P0047,durevoli,arredamento,37,266.76,249.8,0.0679,0,1.0521,0.9223,367.7,158.44
P0047,durevoli,arredamento,38,242.59,249.8,-0.0289,0,1.1245,0.9206,413.3,158.44
P0047,durevoli,arredamento,39,267.28,249.8,0.07,0,0.9123,0.92,419.7,158.44
P0047,durevoli,arredamento,40,214.6,249.8,-0.1409,1,1.0262,0.9206,635.3,158.44
P0047,durevoli,arredamento,41,241.57,249.8,-0.0329,0,1.0089,0.9223,518.5,158.44
P0047,durevoli,arredamento,42,246.65,249.8,-0.0126,0,1.0271,0.9252,357.4,158.44
P0047,durevoli,arredamento,43,213.66,249.8,-0.1447,1,1.0393,0.9292,767.2,158.44
P0047,durevoli,arredamento,44,249.56,249.8,-0.001,0,0.9606,0.9342,497.6,158.44
P0047,durevoli,arredamento,45,253.46,249.8,0.0147,0,0.9944,0.9401,433.0,158.44
P0047,durevoli,arredamento,46,259.0,249.8,0.0368,0,1.0689,0.947,437.6,158.44
P0047,durevoli,arredamento,47,233.63,249.8,-0.0647,1,1.1411,0.9546,546.5,158.44
P0047,durevoli,arredamento,48,252.71,249.8,0.0116,0,0.9969,0.9628,426.6,158.44
P0047,durevoli,arredamento,49,253.53,249.8,0.0149,0,1.0158,0.9716,576.4,158.44
P0047,durevoli,arredamento,50,254.31,249.8,0.0181,0,1.0288,0.9809,522.6,158.44
P0047,durevoli,arredamento,51,248.2,249.8,-0.0064,0,0.9046,0.9904,477.6,158.44
P0047,durevoli,arredamento,52,241.1,249.8,-0.0348,0,1.0718,1.0,441.3,158.44
P0047,durevoli,arredamento,53,250.85,249.8,0.0042,0,1.0797,1.0096,401.2,158.44
P0047,durevoli,arredamento,54,256.57,249.8,0.0271,0,1.0284,1.0191,459.1,158.44
P0047,durevoli,arredamento,55,244.95,249.8,-0.0194,0,1.0844,1.0284,471.2,158.44
P0047,durevoli,arredamento,56,261.58,249.8,0.0472,0,0.9685,1.0372,432.6,158.44
P0047,durevoli,arredamento,57,271.83,249.8,0.0882,0,1.1154,1.0454,380.2,158.44
P0047,durevoli,arredamento,58,249.85,249.8,0.0002,0,0.9826,1.053,474.8,158.44
P0047,durevoli,arredamento,59,236.5,249.8,-0.0532,0,1.0132,1.0599,529.4,158.44
P0047,durevoli,arredamento,60,234.32,249.8,-0.062,1,0.982,1.0658,758.4,158.44
P0047,durevoli,arredamento,61,262.01,249.8,0.0489,0,1.0247,1.0708,418.2,158.44
P0047,durevoli,arredamento,62,232.48,249.8,-0.0693,0,1.1052,1.0748,579.3,158.44
P0047,durevoli,arredamento,63,242.2,249.8,-0.0304,0,0.9441,1.0777,536.2,158.44
P0047,durevoli,arredamento,64,252.76,249.8,0.0118,0,1.0093,1.0794,433.6,158.44
P0047,durevoli,arredamento,65,252.28,249.8,0.0099,0,0.9359,1.08,398.2,158.44
P0047,durevoli,arredamento,66,253.57,249.8,0.0151,0,1.0994,1.0794,522.1,158.44
P0047,durevoli,arredamento,67,255.51,249.8,0.0229,0,1.0183,1.0777,615.5,158.44
P0047,durevoli,arredamento,68,246.19,249.8,-0.0145,0,0.9832,1.0748,549.4,158.44
P0047,durevoli,arredamento,69,256.47,249.8,0.0267,0,1.029,1.0708,495.0,158.44
P0047,durevoli,arredamento,70,263.25,249.8,0.0538,0,0.9975,1.0658,449.5,158.44
P0047,durevoli,arredamento,71,241.36,249.8,-0.0338,0,1.0882,1.0599,461.4,158.44
P0047,durevoli,arredamento,72,254.44,249.8,0.0186,0,1.0587,1.053,368.3,158.44
P0047,durevoli,arredamento,73,249.29,249.8,-0.002,0,0.97,1.0454,453.1,158.44
P0047,durevoli,arredamento,74,256.19,249.8,0.0256,0,0.9936,1.0372,380.3,158.44
P0047,durevoli,arredamento,75,215.25,249.8,-0.1383,1,0.9361,1.0284,784.3,158.44
P0047,durevoli,arredamento,76,253.82,249.8,0.0161,0,1.0371,1.0191,385.0,158.44
P0047,durevoli,arredamento,77,256.76,249.8,0.0279,0,0.9859,1.0096,486.2,158.44
P0047,durevoli,arredamento,78,279.78,249.8,0.12,0,0.9764,1.0,362.1,158.44
P0047,durevoli,arredamento,79,259.7,249.8,0.0396,0,1.027,0.9904,364.2,158.44
P0047,durevoli,arredamento,80,262.67,249.8,0.0515,0,1.0676,0.9809,333.1,158.44
P0047,durevoli,arredamento,81,266.6,249.8,0.0672,0,0.9966,0.9716,386.8,158.44
P0047,durevoli,arredamento,82,239.03,249.8,-0.0431,0,0.958,0.9628,459.6,158.44
P0047,durevoli,arredamento,83,259.59,249.8,0.0392,0,1.041,0.9546,387.8,158.44
P0047,durevoli,arredamento,84,249.34,249.8,-0.0018,0,1.0339,0.947,477.3,158.44
P0047,durevoli,arredamento,85,250.18,249.8,0.0015,0,0.9869,0.9401,492.5,158.44
P0047,durevoli,arredamento,86,245.92,249.8,-0.0155,0,0.9497,0.9342,503.8,158.44
P0047,durevoli,arredamento,87,235.87,249.8,-0.0557,0,0.9916,0.9292,475.1,158.44
P0047,durevoli,arredamento,88,251.74,249.8,0.0078,0,1.0133,0.9252,381.7,158.44
P0047,durevoli,arredamento,89,253.56,249.8,0.015,0,1.0564,0.9223,333.1,158.44
P0047,durevoli,arredamento,90,253.82,249.8,0.0161,0,1.0927,0.9206,349.9,158.44
P0047,durevoli,arredamento,91,227.09,249.8,-0.0909,1,0.9641,0.92,646.7,158.44
P0047,durevoli,arredamento,92,238.39,249.8,-0.0457,0,0.9336,0.9206,362.1,158.44
P0047,durevoli,arredamento,93,255.02,249.8,0.0209,0,1.0296,0.9223,351.2,158.44
P0047,durevoli,arredamento,94,255.98,249.8,0.0247,0,1.0004,0.9252,382.3,158.44
P0047,durevoli,arredamento,95,251.48,249.8,0.0067,0,1.0809,0.9292,466.5,158.44
P0047,durevoli,arredamento,96,254.51,249.8,0.0189,0,0.9449,0.9342,434.9,158.44
P0047,durevoli,arredamento,97,223.11,249.8,-0.1069,1,1.1485,0.9401,627.2,158.44
P0047,durevoli,arredamento,98,254.09,249.8,0.0172,0,0.9625,0.947,368.5,158.44
P0047,durevoli,arredamento,99,254.11,249.8,0.0173,0,0.9717,0.9546,398.7,158.44
P0047,durevoli,arredamento,100,249.72,249.8,-0.0003,0,1.0173,0.9628,530.0,158.44
P0047,durevoli,arredamento,101,255.44,249.8,0.0226,0,0.9964,0.9716,387.2,158.44
P0047,durevoli,arredamento,102,237.02,249.8,-0.0511,0,0.8817,0.9809,503.4,158.44
P0047,durevoli,arredamento,103,237.97,249.8,-0.0473,0,0.9145,0.9904,618.3,158.44
P0048,durevoli,arredamento,0,989.89,989.21,0.0007,0,1.1098,1.0,411.1,712.15
P0048,durevoli,arredamento,1,948.36,989.21,-0.0413,0,0.9391,1.0096,451.5,712.15
P0048,durevoli,arredamento,2,848.35,989.21,-0.1424,1,0.9185,1.0191,812.7,712.15
P0048,durevoli,arredamento,3,1021.62,989.21,0.0328,0,0.9797,1.0284,360.9,712.15
P0048,durevoli,arredamento,4,979.07,989.21,-0.0103,0,0.9479,1.0372,356.2,712.15
P0048,durevoli,arredamento,5,856.22,989.21,-0.1344,1,0.9755,1.0454,679.8,712.15
P0048,durevoli,arredamento,6,1057.11,989.21,0.0686,0,0.975,1.053,325.1,712.15
P0048,durevoli,arredamento,7,920.89,989.21,-0.0691,1,1.0084,1.0599,571.3,712.15
P0048,durevoli,arredamento,8,860.83,989.21,-0.1298,1,0.8523,1.0658,676.3,712.15
P0048,durevoli,arredamento,9,984.69,989.21,-0.0046,0,1.1253,1.0708,380.1,712.15
P0048,durevoli,arredamento,10,1051.93,989.21,0.0634,0,1.0335,1.0748,298.6,712.15
P0048,durevoli,arredamento,11,1015.02,989.21,0.0261,0,1.0823,1.0777,387.2,712.15
P0048,durevoli,arredamento,12,1078.95,989.21,0.0907,0,1.0419,1.0794,263.4,712.15
P0048,durevoli,arredamento,13,1036.65,989.21,0.048,0,0.9876,1.08,407.8,712.15
P0048,durevoli,arredamento,14,893.4,989.21,-0.0969,1,0.9825,1.0794,687.0,712.15
P0048,durevoli,arredamento,15,933.52,989.21,-0.0563,0,0.9779,1.0777,405.2,712.15
P0048,durevoli,arredamento,16,983.77,989.21,-0.0055,0,0.9796,1.0748,362.1,712.15
P0048,durevoli,arredamento,17,1024.64,989.21,0.0358,0,1.028,1.0708,300.6,712.15
P0048,durevoli,arredamento,18,942.57,989.21,-0.0472,0,0.9926,1.0658,487.5,712.15
P0048,durevoli,arredamento,19,1005.58,989.21,0.0165,0,1.0629,1.0599,378.7,712.15
P0048,durevoli,arredamento,20,1019.46,989.21,0.0306,0,1.0453,1.053,328.3,712.15
P0048,durevoli,arredamento,21,979.02,989.21,-0.0103,0,0.8996,1.0454,414.7,712.15
P0048,durevoli,arredamento,22,1000.57,989.21,0.0115,0,0.9232,1.0372,334.6,712.15
P0048,durevoli,arredamento,23,1030.82,989.21,0.0421,0,0.9733,1.0284,289.9,712.15
P0048,durevoli,arredamento,24,981.7,989.21,-0.0076,0,1.0395,1.0191,336.8,712.15
P0048,durevoli,arredamento,25,1074.71,989.21,0.0864,0,0.988,1.0096,291.1,712.15
P0048,durevoli,arredamento,26,959.68,989.21,-0.0299,0,1.023,1.0,384.7,712.15
P0048,durevoli,arredamento,27,1003.92,989.21,0.0149,0,0.9341,0.9904,389.4,712.15
P0048,durevoli,arredamento,28,962.73,989.21,-0.0268,0,1.0115,0.9809,469.2,712.15
P0048,durevoli,arredamento,29,994.32,989.21,0.0052,0,1.0078,0.9716,377.1,712.15
P0048,durevoli,arredamento,30,975.22,989.21,-0.0141,0,1.0506,0.9628,430.1,712.15
P0048,durevoli,arredamento,31,1006.59,989.21,0.0176,0,1.0079,0.9546,311.3,712.15
P0048,durevoli,arredamento,32,979.59,989.21,-0.0097,0,1.0056,0.947,351.0,712.15
P0048,durevoli,arredamento,33,938.86,989.21,-0.0509,0,0.9909,0.9401,511.6,712.15
P0048,durevoli,arredamento,34,1010.54,989.21,0.0216,0,1.0195,0.9342,305.0,712.15
P0048,durevoli,arredamento,35,1005.04,989.21,0.016,0,0.8776,0.9292,310.0,712.15
P0048,durevoli,arredamento,36,973.73,989.21,-0.0157,0,1.1086,0.9252,440.7,712.15
P0048,durevoli,arredamento,37,957.17,989.21,-0.0324,0,1.0961,0.9223,400.9,712.15
P0048,durevoli,arredamento,38,866.76,989.21,-0.1238,1,1.0479,0.9206,587.5,712.15
P0048,durevoli,arredamento,39,1000.17,989.21,0.0111,0,0.945,0.92,313.7,712.15
P0048,durevoli,arredamento,40,1019.29,989.21,0.0304,0,0.9546,0.9206,316.6,712.15
P0048,durevoli,arredamento,41,949.97,989.21,-0.0397,0,0.9409,0.9223,368.0,712.15
P0048,durevoli,arredamento,42,1001.84,989.21,0.0128,0,0.9114,0.9252,317.7,712.15
P0048,durevoli,arredamento,43,1007.7,989.21,0.0187,0,0.9866,0.9292,316.6,712.15
P0048,durevoli,arredamento,44,875.99,989.21,-0.1145,1,0.9358,0.9342,590.9,712.15
P0048,durevoli,arredamento,45,980.51,989.21,-0.0088,0,0.9618,0.9401,283.3,712.15
P0048,durevoli,arredamento,46,955.99,989.21,-0.0336,0,1.084,0.947,503.3,712.15
P0048,durevoli,arredamento,47,940.57,989.21,-0.0492,0,1.0369,0.9546,361.4,712.15
P0048,durevoli,arredamento,48,967.44,989.21,-0.022,0,0.975,0.9628,360.2,712.15
P0048,durevoli,arredamento,49,964.9,989.21,-0.0246,0,1.051,0.9716,380.9,712.15
P0048,durevoli,arredamento,50,911.92,989.21,-0.0781,0,1.0474,0.9809,423.5,712.15
P0048,durevoli,arredamento,51,994.55,989.21,0.0054,0,0.9719,0.9904,290.2,712.15
P0048,durevoli,arredamento,52,1017.02,989.21,0.0281,0,1.0432,1.0,416.0,712.15
P0048,durevoli,arredamento,53,1036.03,989.21,0.0473,0,0.9761,1.0096,348.3,712.15
P0048,durevoli,arredamento,54,971.77,989.21,-0.0176,0,1.0049,1.0191,337.0,712.15
P0048,durevoli,arredamento,55,978.41,989.21,-0.0109,0,0.9006,1.0284,367.0,712.15
P0048,durevoli,arredamento,56,1018.74,989.21,0.0298,0,1.0143,1.0372,410.5,712.15
P0048,durevoli,arredamento,57,970.03,989.21,-0.0194,0,0.9971,1.0454,388.2,712.15
P0048,durevoli,arredamento,58,991.28,989.21,0.0021,0,0.9686,1.053,381.6,712.15
P0048,durevoli,arredamento,59,860.72,989.21,-0.1299,1,1.0159,1.0599,614.5,712.15
P0048,durevoli,arredamento,60,1007.46,989.21,0.0185,0,1.0815,1.0658,321.0,712.15
P0048,durevoli,arredamento,61,867.52,989.21,-0.123,1,1.0468,1.0708,716.5,712.15
P0048,durevoli,arredamento,62,951.64,989.21,-0.038,0,0.9327,1.0748,403.5,712.15
P0048,durevoli,arredamento,63,1044.46,989.21,0.0559,0,0.9249,1.0777,337.9,712.15
P0048,durevoli,arredamento,64,1001.59,989.21,0.0125,0,1.0223,1.0794,424.0,712.15
P0048,durevoli,arredamento,65,992.24,989.21,0.0031,0,0.9853,1.08,455.8,712.15
P0048,durevoli,arredamento,66,947.87,989.21,-0.0418,0,0.8984,1.0794,480.6,712.15
P0048,durevoli,arredamento,67,1056.97,989.21,0.0685,0,1.0369,1.0777,378.2,712.15
P0048,durevoli,arredamento,68,1039.92,989.21,0.0513,0,1.0441,1.0748,287.6,712.15
P0048,durevoli,arredamento,69,999.6,989.21,0.0105,0,0.995,1.0708,376.1,712.15
P0048,durevoli,arredamento,70,914.61,989.21,-0.0754,1,1.04,1.0658,642.8,712.15
P0048,durevoli,arredamento,71,951.94,989.21,-0.0377,0,0.9149,1.0599,461.1,712.15
P0048,durevoli,arredamento,72,912.17,989.21,-0.0779,1,0.9062,1.053,649.4,712.15
P0048,durevoli,arredamento,73,964.5,989.21,-0.025,0,0.9518,1.0454,400.4,712.15
P0048,durevoli,arredamento,74,977.79,989.21,-0.0115,0,0.9406,1.0372,389.1,712.15
P0048,durevoli,arredamento,75,990.6,989.21,0.0014,0,1.0034,1.0284,358.8,712.15
P0048,durevoli,arredamento,76,957.26,989.21,-0.0323,0,0.9169,1.0191,473.7,712.15
P0048,durevoli,arredamento,77,992.07,989.21,0.0029,0,1.0148,1.0096,379.8,712.15
P0048,durevoli,arredamento,78,977.95,989.21,-0.0114,0,0.9763,1.0,510.3,712.15
P0048,durevoli,arredamento,79,995.02,989.21,0.0059,0,1.0683,0.9904,411.2,712.15
P0048,durevoli,arredamento,80,981.49,989.21,-0.0078,0,0.9992,0.9809,394.1,712.15
P0048,durevoli,arredamento,81,985.8,989.21,-0.0034,0,0.9769,0.9716,405.9,712.15
P0048,durevoli,arredamento,82,974.41,989.21,-0.015,0,0.9078,0.9628,324.9,712.15
P0048,durevoli,arredamento,83,1000.85,989.21,0.0118,0,0.9843,0.9546,383.9,712.15
P0048,durevoli,arredamento,84,986.81,989.21,-0.0024,0,1.0125,0.947,329.3,712.15
P0048,durevoli,arredamento,85,947.87,989.21,-0.0418,0,1.0898,0.9401,448.3,712.15
P0048,durevoli,arredamento,86,961.89,989.21,-0.0276,0,1.0211,0.9342,356.5,712.15
P0048,durevoli,arredamento,87,976.77,989.21,-0.0126,0,1.0762,0.9292,352.5,712.15
P0048,durevoli,arredamento,88,1010.08,989.21,0.0211,0,0.9325,0.9252,406.0,712.15
P0048,durevoli,arredamento,89,1002.37,989.21,0.0133,0,1.0323,0.9223,279.7,712.15
P0048,durevoli,arredamento,90,987.76,989.21,-0.0015,0,1.0689,0.9206,353.4,712.15
P0048,durevoli,arredamento,91,1034.95,989.21,0.0462,0,1.001,0.92,336.0,712.15
P0048,durevoli,arredamento,92,986.43,989.21,-0.0028,0,0.9893,0.9206,344.1,712.15
P0048,durevoli,arredamento,93,998.92,989.21,0.0098,0,1.036,0.9223,331.8,712.15
P0048,durevoli,arredamento,94,987.7,989.21,-0.0015,0,0.9001,0.9252,413.5,712.15
P0048,durevoli,arredamento,95,967.82,989.21,-0.0216,0,1.0679,0.9292,407.4,712.15
P0048,durevoli,arredamento,96,1015.85,989.21,0.0269,0,0.9423,0.9342,310.5,712.15
P0048,durevoli,arredamento,97,965.77,989.21,-0.0237,0,0.9501,0.9401,372.5,712.15
P0048,durevoli,arredamento,98,1011.63,989.21,0.0227,0,0.9311,0.947,237.1,712.15
P0048,durevoli,arredamento,99,951.71,989.21,-0.0379,0,0.9695,0.9546,301.7,712.15
P0048,durevoli,arredamento,100,1001.34,989.21,0.0123,0,1.0155,0.9628,350.4,712.15
P0048,durevoli,arredamento,101,955.1,989.21,-0.0345,0,0.9774,0.9716,360.8,712.15
P0048,durevoli,arredamento,102,997.73,989.21,0.0086,0,1.0503,0.9809,291.4,712.15
P0048,durevoli,arredamento,103,1013.85,989.21,0.0249,0,0.9538,0.9904,326.8,712.15
P0049,durevoli,elettrodomestici,0,841.09,840.76,0.0004,0,1.0337,1.0,320.2,634.66
P0049,durevoli,elettrodomestici,1,806.25,840.76,-0.041,0,1.0124,1.0096,358.0,634.66
P0049,durevoli,elettrodomestici,2,857.89,840.76,0.0204,0,1.0634,1.0191,284.3,634.66
P0049,durevoli,elettrodomestici,3,818.27,840.76,-0.0267,0,0.9161,1.0284,442.3,634.66
P0049,durevoli,elettrodomestici,4,815.5,840.76,-0.03,0,0.9437,1.0372,337.5,634.66
P0049,durevoli,elettrodomestici,5,883.08,840.76,0.0503,0,0.9376,1.0454,244.9,634.66
P0049,durevoli,elettrodomestici,6,837.61,840.76,-0.0038,0,0.9889,1.053,360.1,634.66
P0049,durevoli,elettrodomestici,7,839.38,840.76,-0.0016,0,0.9297,1.0599,276.0,634.66
P0049,durevoli,elettrodomestici,8,808.85,840.76,-0.038,0,1.0135,1.0658,298.6,634.66
P0049,durevoli,elettrodomestici,9,778.4,840.76,-0.0742,1,0.998,1.0708,535.1,634.66
P0049,durevoli,elettrodomestici,10,821.12,840.76,-0.0234,0,1.0622,1.0748,346.8,634.66
P0049,durevoli,elettrodomestici,11,831.19,840.76,-0.0114,0,0.9992,1.0777,345.2,634.66
P0049,durevoli,elettrodomestici,12,828.41,840.76,-0.0147,0,1.0048,1.0794,425.9,634.66
P0049,durevoli,elettrodomestici,13,871.83,840.76,0.037,0,0.9329,1.08,272.4,634.66
P0049,durevoli,elettrodomestici,14,863.44,840.76,0.027,0,0.974,1.0794,295.2,634.66
P0049,durevoli,elettrodomestici,15,860.94,840.76,0.024,0,1.0529,1.0777,306.0,634.66
P0049,durevoli,elettrodomestici,16,868.68,840.76,0.0332,0,0.9869,1.0748,292.7,634.66
P0049,durevoli,elettrodomestici,17,825.71,840.76,-0.0179,0,1.0438,1.0708,295.6,634.66
P0049,durevoli,elettrodomestici,18,819.92,840.76,-0.0248,0,0.9895,1.0658,352.4,634.66
P0049,durevoli,elettrodomestici,19,832.31,840.76,-0.01,0,0.9778,1.0599,321.3,634.66
P0049,durevoli,elettrodomestici,20,841.5,840.76,0.0009,0,0.9937,1.053,308.2,634.66
P0049,durevoli,elettrodomestici,21,783.73,840.76,-0.0678,1,1.0383,1.0454,447.6,634.66
P0049,durevoli,elettrodomestici,22,842.48,840.76,0.002,0,0.986,1.0372,304.9,634.66
P0049,durevoli,elettrodomestici,23,760.32,840.76,-0.0957,0,1.0788,1.0284,470.5,634.66
P0049,durevoli,elettrodomestici,24,827.49,840.76,-0.0158,0,1.0252,1.0191,357.6,634.66
P0049,durevoli,elettrodomestici,25,721.6,840.76,-0.1417,1,1.1057,1.0096,646.6,634.66
P0049,durevoli,elettrodomestici,26,757.96,840.76,-0.0985,1,1.0311,1.0,554.9,634.66
P0049,durevoli,elettrodomestici,27,830.44,840.76,-0.0123,0,0.9773,0.9904,317.1,634.66
P0049,durevoli,elettrodomestici,28,788.08,840.76,-0.0627,0,0.9325,0.9809,334.4,634.66
P0049,durevoli,elettrodomestici,29,865.25,840.76,0.0291,0,1.0816,0.9716,277.8,634.66
P0049,durevoli,elettrodomestici,30,861.66,840.76,0.0249,0,1.0271,0.9628,286.9,634.66
P0049,durevoli,elettrodomestici,31,809.41,840.76,-0.0373,0,0.9434,0.9546,345.4,634.66
P0049,durevoli,elettrodomestici,32,828.53,840.76,-0.0145,0,1.0332,0.947,303.4,634.66
P0049,durevoli,elettrodomestici,33,832.92,840.76,-0.0093,0,1.041,0.9401,269.5,634.66
P0049,durevoli,elettrodomestici,34,779.74,840.76,-0.0726,1,0.962,0.9342,427.8,634.66
P0049,durevoli,elettrodomestici,35,843.99,840.76,0.0038,0,0.9318,0.9292,331.8,634.66
P0049,durevoli,elettrodomestici,36,823.93,840.76,-0.02,0,1.058,0.9252,271.9,634.66
P0049,durevoli,elettrodomestici,37,786.93,840.76,-0.064,0,1.0655,0.9223,428.7,634.66
P0049,durevoli,elettrodomestici,38,816.75,840.76,-0.0286,0,1.0035,0.9206,293.9,634.66
P0049,durevoli,elettrodomestici,39,781.0,840.76,-0.0711,1,1.0204,0.92,387.4,634.66
P0049,durevoli,elettrodomestici,40,807.92,840.76,-0.0391,0,0.9794,0.9206,260.5,634.66
P0049,durevoli,elettrodomestici,41,772.97,840.76,-0.0806,1,1.0472,0.9223,443.6,634.66
P0049,durevoli,elettrodomestici,42,767.39,840.76,-0.0873,1,0.8935,0.9252,358.8,634.66
P0049,durevoli,elettrodomestici,43,848.96,840.76,0.0097,0,0.9883,0.9292,259.4,634.66
P0049,durevoli,elettrodomestici,44,831.13,840.76,-0.0114,0,1.039,0.9342,331.9,634.66
P0049,durevoli,elettrodomestici,45,757.82,840.76,-0.0987,1,1.0138,0.9401,502.4,634.66
P0049,durevoli,elettrodomestici,46,839.93,840.76,-0.001,0,1.0584,0.947,261.7,634.66
P0049,durevoli,elettrodomestici,47,777.91,840.76,-0.0748,0,1.0076,0.9546,393.7,634.66
P0049,durevoli,elettrodomestici,48,846.3,840.76,0.0066,0,1.0302,0.9628,320.7,634.66
P0049,durevoli,elettrodomestici,49,863.51,840.76,0.0271,0,1.0005,0.9716,310.1,634.66
P0049,durevoli,elettrodomestici,50,851.97,840.76,0.0133,0,1.0555,0.9809,293.9,634.66
P0049,durevoli,elettrodomestici,51,877.54,840.76,0.0437,0,0.9933,0.9904,247.5,634.66
P0049,durevoli,elettrodomestici,52,882.98,840.76,0.0502,0,1.0644,1.0,307.1,634.66
P0049,durevoli,elettrodomestici,53,822.05,840.76,-0.0223,0,0.9708,1.0096,339.5,634.66
P0049,durevoli,elettrodomestici,54,884.75,840.76,0.0523,0,0.946,1.0191,374.1,634.66
P0049,durevoli,elettrodomestici,55,818.19,840.76,-0.0268,0,1.0423,1.0284,388.6,634.66
P0049,durevoli,elettrodomestici,56,818.12,840.76,-0.0269,0,1.0251,1.0372,309.9,634.66
P0049,durevoli,elettrodomestici,57,837.97,840.76,-0.0033,0,0.959,1.0454,378.9,634.66
P0049,durevoli,elettrodomestici,58,834.27,840.76,-0.0077,0,0.956,1.053,385.0,634.66
P0049,durevoli,elettrodomestici,59,874.37,840.76,0.04,0,1.0534,1.0599,289.9,634.66
P0049,durevoli,elettrodomestici,60,776.26,840.76,-0.0767,1,1.0273,1.0658,499.3,634.66
P0049,durevoli,elettrodomestici,61,842.12,840.76,0.0016,0,0.9209,1.0708,335.0,634.66
P0049,durevoli,elettrodomestici,62,767.84,840.76,-0.0867,1,1.0476,1.0748,505.6,634.66
P0049,durevoli,elettrodomestici,63,807.88,840.76,-0.0391,0,0.9797,1.0777,475.7,634.66
P0049,durevoli,elettrodomestici,64,823.53,840.76,-0.0205,0,0.9497,1.0794,296.7,634.66
P0049,durevoli,elettrodomestici,65,863.1,840.76,0.0266,0,0.9786,1.08,286.5,634.66
P0049,durevoli,elettrodomestici,66,859.87,840.76,0.0227,0,0.9959,1.0794,300.7,634.66
P0049,durevoli,elettrodomestici,67,786.1,840.76,-0.065,1,1.061,1.0777,598.0,634.66
P0049,durevoli,elettrodomestici,68,836.31,840.76,-0.0053,0,0.9678,1.0748,368.2,634.66
P0049,durevoli,elettrodomestici,69,850.37,840.76,0.0114,0,0.9564,1.0708,305.1,634.66
P0049,durevoli,elettrodomestici,70,861.95,840.76,0.0252,0,1.007,1.0658,323.2,634.66
P0049,durevoli,elettrodomestici,71,848.68,840.76,0.0094,0,1.0358,1.0599,354.2,634.66
P0049,durevoli,elettrodomestici,72,839.32,840.76,-0.0017,0,0.9956,1.053,305.1,634.66
P0049,durevoli,elettrodomestici,73,856.77,840.76,0.019,0,0.9644,1.0454,349.2,634.66
P0049,durevoli,elettrodomestici,74,864.88,840.76,0.0287,0,1.0318,1.0372,339.9,634.66
P0049,durevoli,elettrodomestici,75,852.79,840.76,0.0143,0,1.0369,1.0284,261.5,634.66
P0049,durevoli,elettrodomestici,76,764.25,840.76,-0.091,1,1.0474,1.0191,558.8,634.66
P0049,durevoli,elettrodomestici,77,716.95,840.76,-0.1473,1,0.9945,1.0096,657.4,634.66
P0049,durevoli,elettrodomestici,78,720.92,840.76,-0.1425,1,0.9801,1.0,619.2,634.66
P0049,durevoli,elettrodomestici,79,834.13,840.76,-0.0079,0,0.9947,0.9904,283.3,634.66
P0049,durevoli,elettrodomestici,80,810.55,840.76,-0.0359,0,1.013,0.9809,359.7,634.66
P0049,durevoli,elettrodomestici,81,858.7,840.76,0.0213,0,0.9687,0.9716,264.7,634.66
P0049,durevoli,elettrodomestici,82,834.53,840.76,-0.0074,0,1.0454,0.9628,325.1,634.66
P0049,durevoli,elettrodomestici,83,827.06,840.76,-0.0163,0,1.0534,0.9546,401.6,634.66
P0049,durevoli,elettrodomestici,84,855.45,840.76,0.0175,0,0.9535,0.947,320.5,634.66
P0049,durevoli,elettrodomestici,85,826.21,840.76,-0.0173,0,1.0293,0.9401,321.3,634.66
P0049,durevoli,elettrodomestici,86,864.65,840.76,0.0284,0,1.0259,0.9342,272.3,634.66
P0049,durevoli,elettrodomestici,87,873.48,840.76,0.0389,0,0.9723,0.9292,268.7,634.66
P0049,durevoli,elettrodomestici,88,762.24,840.76,-0.0934,1,1.0612,0.9252,449.3,634.66
P0049,durevoli,elettrodomestici,89,834.28,840.76,-0.0077,0,0.9808,0.9223,306.2,634.66
P0049,durevoli,elettrodomestici,90,833.84,840.76,-0.0082,0,0.9548,0.9206,319.4,634.66
P0049,durevoli,elettrodomestici,91,828.07,840.76,-0.0151,0,1.0019,0.92,294.5,634.66
P0049,durevoli,elettrodomestici,92,827.78,840.76,-0.0154,0,1.0318,0.9206,278.2,634.66
P0049,durevoli,elettrodomestici,93,871.28,840.76,0.0363,0,1.0542,0.9223,320.2,634.66
P0049,durevoli,elettrodomestici,94,877.19,840.76,0.0433,0,1.0812,0.9252,231.5,634.66
P0049,durevoli,elettrodomestici,95,796.75,840.76,-0.0523,0,1.0531,0.9292,279.4,634.66
P0049,durevoli,elettrodomestici,96,808.47,840.76,-0.0384,0,0.9131,0.9342,335.9,634.66
P0049,durevoli,elettrodomestici,97,791.02,840.76,-0.0592,0,0.9979,0.9401,345.4,634.66
P0049,durevoli,elettrodomestici,98,819.76,840.76,-0.025,0,0.9963,0.947,305.5,634.66
P0049,durevoli,elettrodomestici,99,875.46,840.76,0.0413,0,1.1073,0.9546,264.5,634.66
P0049,durevoli,elettrodomestici,100,833.86,840.76,-0.0082,0,1.0097,0.9628,309.2,634.66
P0049,durevoli,elettrodomestici,101,765.59,840.76,-0.0894,1,0.9143,0.9716,453.2,634.66
P0049,durevoli,elettrodomestici,102,825.4,840.76,-0.0183,0,1.0395,0.9809,350.4,634.66
P0049,durevoli,elettrodomestici,103,721.17,840.76,-0.1422,1,1.0167,0.9904,459.3,634.66
P0050,durevoli,elettronica_consumo,0,573.13,532.4,0.0765,0,0.9293,1.0,218.5,336.22
P0050,durevoli,elettronica_consumo,1,507.22,532.4,-0.0473,0,1.0443,1.0096,287.1,336.22
P0050,durevoli,elettronica_consumo,2,517.23,532.4,-0.0285,0,0.9002,1.0191,298.0,336.22
P0050,durevoli,elettronica_consumo,3,492.33,532.4,-0.0753,1,1.0015,1.0284,421.8,336.22
P0050,durevoli,elettronica_consumo,4,534.56,532.4,0.0041,0,1.0019,1.0372,235.2,336.22
P0050,durevoli,elettronica_consumo,5,546.1,532.4,0.0257,0,1.0517,1.0454,268.4,336.22
P0050,durevoli,elettronica_consumo,6,544.26,532.4,0.0223,0,1.0233,1.053,227.8,336.22
P0050,durevoli,elettronica_consumo,7,545.07,532.4,0.0238,0,1.0688,1.0599,200.1,336.22
P0050,durevoli,elettronica_consumo,8,554.09,532.4,0.0407,0,1.01,1.0658,232.8,336.22
P0050,durevoli,elettronica_consumo,9,520.46,532.4,-0.0224,0,0.9911,1.0708,237.5,336.22
P0050,durevoli,elettronica_consumo,10,471.35,532.4,-0.1147,1,1.0032,1.0748,471.9,336.22
P0050,durevoli,elettronica_consumo,11,516.98,532.4,-0.029,0,0.9846,1.0777,293.5,336.22
P0050,durevoli,elettronica_consumo,12,518.38,532.4,-0.0263,0,1.024,1.0794,295.3,336.22
P0050,durevoli,elettronica_consumo,13,545.54,532.4,0.0247,0,0.9915,1.08,247.8,336.22
P0050,durevoli,elettronica_consumo,14,514.81,532.4,-0.033,0,0.9063,1.0794,314.2,336.22
P0050,durevoli,elettronica_consumo,15,512.32,532.4,-0.0377,0,1.0443,1.0777,292.1,336.22
P0050,durevoli,elettronica_consumo,16,568.46,532.4,0.0677,0,0.9195,1.0748,223.7,336.22
P0050,durevoli,elettronica_consumo,17,537.44,532.4,0.0095,0,0.9679,1.0708,287.6,336.22
P0050,durevoli,elettronica_consumo,18,557.57,532.4,0.0473,0,0.9785,1.0658,194.5,336.22
P0050,durevoli,elettronica_consumo,19,527.69,532.4,-0.0088,0,0.909,1.0599,238.4,336.22
P0050,durevoli,elettronica_consumo,20,502.91,532.4,-0.0554,1,1.0354,1.053,365.5,336.22
P0050,durevoli,elettronica_consumo,21,494.4,532.4,-0.0714,0,0.9718,1.0454,332.0,336.22
P0050,durevoli,elettronica_consumo,22,460.66,532.4,-0.1347,1,0.9981,1.0372,491.3,336.22
P0050,durevoli,elettronica_consumo,23,488.24,532.4,-0.083,1,1.0159,1.0284,427.4,336.22
P0050,durevoli,elettronica_consumo,24,470.25,532.4,-0.1167,1,1.087,1.0191,405.3,336.22
P0050,durevoli,elettronica_consumo,25,529.79,532.4,-0.0049,0,0.9887,1.0096,304.0,336.22
P0050,durevoli,elettronica_consumo,26,530.93,532.4,-0.0028,0,1.0203,1.0,254.3,336.22
P0050,durevoli,elettronica_consumo,27,539.08,532.4,0.0125,0,1.054,0.9904,287.6,336.22
P0050,durevoli,elettronica_consumo,28,517.2,532.4,-0.0286,0,1.0767,0.9809,231.9,336.22
P0050,durevoli,elettronica_consumo,29,557.45,532.4,0.047,0,1.0745,0.9716,233.5,336.22
P0050,durevoli,elettronica_consumo,30,513.04,532.4,-0.0364,0,1.0153,0.9628,244.0,336.22
P0050,durevoli,elettronica_consumo,31,543.82,532.4,0.0214,0,0.9915,0.9546,194.7,336.22
P0050,durevoli,elettronica_consumo,32,541.99,532.4,0.018,0,0.9876,0.947,245.6,336.22
P0050,durevoli,elettronica_consumo,33,557.21,532.4,0.0466,0,1.0076,0.9401,244.2,336.22
P0050,durevoli,elettronica_consumo,34,540.96,532.4,0.0161,0,0.9801,0.9342,201.7,336.22
P0050,durevoli,elettronica_consumo,35,548.97,532.4,0.0311,0,0.8997,0.9292,233.2,336.22
P0050,durevoli,elettronica_consumo,36,518.93,532.4,-0.0253,0,0.9582,0.9252,203.9,336.22
P0050,durevoli,elettronica_consumo,37,529.09,532.4,-0.0062,0,1.0398,0.9223,241.6,336.22
P0050,durevoli,elettronica_consumo,38,536.85,532.4,0.0084,0,0.9873,0.9206,200.9,336.22
P0050,durevoli,elettronica_consumo,39,544.04,532.4,0.0219,0,1.0223,0.92,231.9,336.22
P0050,durevoli,elettronica_consumo,40,535.59,532.4,0.006,0,0.9312,0.9206,200.9,336.22
P0050,durevoli,elettronica_consumo,41,494.11,532.4,-0.0719,1,0.9186,0.9223,307.8,336.22
P0050,durevoli,elettronica_consumo,42,550.26,532.4,0.0335,0,0.9593,0.9252,215.4,336.22
P0050,durevoli,elettronica_consumo,43,527.75,532.4,-0.0087,0,1.0134,0.9292,201.8,336.22
P0050,durevoli,elettronica_consumo,44,559.13,532.4,0.0502,0,1.0752,0.9342,227.0,336.22
P0050,durevoli,elettronica_consumo,45,477.94,532.4,-0.1023,1,0.9526,0.9401,374.3,336.22
P0050,durevoli,elettronica_consumo,46,526.57,532.4,-0.011,0,1.0372,0.947,254.4,336.22
P0050,durevoli,elettronica_consumo,47,531.96,532.4,-0.0008,0,0.94,0.9546,172.6,336.22
P0050,durevoli,elettronica_consumo,48,520.91,532.4,-0.0216,0,0.9066,0.9628,268.0,336.22
P0050,durevoli,elettronica_consumo,49,546.71,532.4,0.0269,0,1.0558,0.9716,202.6,336.22
P0050,durevoli,elettronica_consumo,50,526.46,532.4,-0.0112,0,1.0411,0.9809,195.8,336.22
P0050,durevoli,elettronica_consumo,51,469.6,532.4,-0.1179,1,1.0445,0.9904,466.5,336.22
P0050,durevoli,elettronica_consumo,52,457.21,532.4,-0.1412,1,1.0807,1.0,482.7,336.22
P0050,durevoli,elettronica_consumo,53,510.51,532.4,-0.0411,0,0.9123,1.0096,348.2,336.22
P0050,durevoli,elettronica_consumo,54,526.61,532.4,-0.0109,0,1.0264,1.0191,287.1,336.22
P0050,durevoli,elettronica_consumo,55,536.56,532.4,0.0078,0,0.9473,1.0284,273.7,336.22
P0050,durevoli,elettronica_consumo,56,498.58,532.4,-0.0635,0,1.0709,1.0372,227.8,336.22
P0050,durevoli,elettronica_consumo,57,520.58,532.4,-0.0222,0,1.0353,1.0454,294.0,336.22
P0050,durevoli,elettronica_consumo,58,540.81,532.4,0.0158,0,0.9957,1.053,274.8,336.22
P0050,durevoli,elettronica_consumo,59,507.41,532.4,-0.0469,0,0.8406,1.0599,285.2,336.22
P0050,durevoli,elettronica_consumo,60,525.36,532.4,-0.0132,0,0.9537,1.0658,305.7,336.22
P0050,durevoli,elettronica_consumo,61,540.8,532.4,0.0158,0,1.0319,1.0708,266.4,336.22
P0050,durevoli,elettronica_consumo,62,550.09,532.4,0.0332,0,1.0027,1.0748,236.2,336.22
P0050,durevoli,elettronica_consumo,63,543.59,532.4,0.021,0,1.0445,1.0777,207.4,336.22
P0050,durevoli,elettronica_consumo,64,497.78,532.4,-0.065,1,1.028,1.0794,437.7,336.22
P0050,durevoli,elettronica_consumo,65,518.81,532.4,-0.0255,0,1.0298,1.08,283.7,336.22
P0050,durevoli,elettronica_consumo,66,498.75,532.4,-0.0632,1,1.05,1.0794,410.4,336.22
P0050,durevoli,elettronica_consumo,67,454.96,532.4,-0.1454,1,0.976,1.0777,467.0,336.22
P0050,durevoli,elettronica_consumo,68,532.28,532.4,-0.0002,0,1.0232,1.0748,226.4,336.22
P0050,durevoli,elettronica_consumo,69,536.37,532.4,0.0074,0,1.0322,1.0708,261.2,336.22
P0050,durevoli,elettronica_consumo,70,509.32,532.4,-0.0433,0,0.9544,1.0658,296.3,336.22
P0050,durevoli,elettronica_consumo,71,487.54,532.4,-0.0843,1,0.9576,1.0599,404.2,336.22
P0050,durevoli,elettronica_consumo,72,542.54,532.4,0.019,0,0.9919,1.053,221.1,336.22
P0050,durevoli,elettronica_consumo,73,532.52,532.4,0.0002,0,1.0138,1.0454,279.0,336.22
P0050,durevoli,elettronica_consumo,74,525.5,532.4,-0.013,0,0.9744,1.0372,342.3,336.22
P0050,durevoli,elettronica_consumo,75,508.33,532.4,-0.0452,0,0.9181,1.0284,277.5,336.22
P0050,durevoli,elettronica_consumo,76,521.67,532.4,-0.0202,0,1.0739,1.0191,267.9,336.22
P0050,durevoli,elettronica_consumo,77,518.28,532.4,-0.0265,0,0.9629,1.0096,273.2,336.22
P0050,durevoli,elettronica_consumo,78,529.07,532.4,-0.0063,0,1.0146,1.0,272.2,336.22
P0050,durevoli,elettronica_consumo,79,526.05,532.4,-0.0119,0,0.9741,0.9904,241.0,336.22
P0050,durevoli,elettronica_consumo,80,522.99,532.4,-0.0177,0,0.8997,0.9809,249.2,336.22
P0050,durevoli,elettronica_consumo,81,541.65,532.4,0.0174,0,1.0403,0.9716,178.5,336.22
P0050,durevoli,elettronica_consumo,82,538.98,532.4,0.0124,0,0.9296,0.9628,255.6,336.22
P0050,durevoli,elettronica_consumo,83,529.38,532.4,-0.0057,0,0.9613,0.9546,183.2,336.22
P0050,durevoli,elettronica_consumo,84,569.72,532.4,0.0701,0,1.0898,0.947,193.4,336.22
P0050,durevoli,elettronica_consumo,85,548.01,532.4,0.0293,0,0.9937,0.9401,230.4,336.22
P0050,durevoli,elettronica_consumo,86,534.13,532.4,0.0033,0,1.0514,0.9342,262.6,336.22
P0050,durevoli,elettronica_consumo,87,515.2,532.4,-0.0323,0,0.875,0.9292,242.3,336.22
P0050,durevoli,elettronica_consumo,88,540.21,532.4,0.0147,0,0.9832,0.9252,216.2,336.22
P0050,durevoli,elettronica_consumo,89,539.8,532.4,0.0139,0,0.9942,0.9223,271.8,336.22
P0050,durevoli,elettronica_consumo,90,524.65,532.4,-0.0146,0,0.9814,0.9206,262.3,336.22
P0050,durevoli,elettronica_consumo,91,511.51,532.4,-0.0392,0,1.0447,0.92,296.3,336.22
P0050,durevoli,elettronica_consumo,92,561.15,532.4,0.054,0,1.1035,0.9206,246.4,336.22
P0050,durevoli,elettronica_consumo,93,548.24,532.4,0.0297,0,0.9896,0.9223,171.2,336.22
P0050,durevoli,elettronica_consumo,94,542.07,532.4,0.0182,0,1.0022,0.9252,175.6,336.22
P0050,durevoli,elettronica_consumo,95,544.43,532.4,0.0226,0,0.9487,0.9292,223.1,336.22
P0050,durevoli,elettronica_consumo,96,553.23,532.4,0.0391,0,1.0856,0.9342,201.5,336.22
P0050,durevoli,elettronica_consumo,97,536.41,532.4,0.0075,0,1.0325,0.9401,245.3,336.22
P0050,durevoli,elettronica_consumo,98,488.96,532.4,-0.0816,0,1.0209,0.947,312.8,336.22
P0050,durevoli,elettronica_consumo,99,497.26,532.4,-0.066,1,0.997,0.9546,326.7,336.22
P0050,durevoli,elettronica_consumo,100,539.39,532.4,0.0131,0,0.9602,0.9628,181.5,336.22
P0050,durevoli,elettronica_consumo,101,545.37,532.4,0.0244,0,0.9892,0.9716,244.8,336.22
P0050,durevoli,elettronica_consumo,102,552.29,532.4,0.0374,0,1.0496,0.9809,182.7,336.22
P0050,durevoli,elettronica_consumo,103,570.25,532.4,0.0711,0,1.0466,0.9904,177.5,336.22
P0051,durevoli,elettronica_consumo,0,922.83,916.17,0.0073,0,0.9429,1.0,381.2,721.23
P0051,durevoli,elettronica_consumo,1,913.27,916.17,-0.0032,0,1.0563,1.0096,512.5,721.23
P0051,durevoli,elettronica_consumo,2,867.85,916.17,-0.0527,1,1.0194,1.0191,724.2,721.23
P0051,durevoli,elettronica_consumo,3,943.44,916.17,0.0298,0,0.9581,1.0284,384.6,721.23
P0051,durevoli,elettronica_consumo,4,916.52,916.17,0.0004,0,0.9942,1.0372,450.1,721.23
P0051,durevoli,elettronica_consumo,5,903.7,916.17,-0.0136,0,0.9,1.0454,427.6,721.23
P0051,durevoli,elettronica_consumo,6,837.65,916.17,-0.0857,1,0.9921,1.053,809.3,721.23
P0051,durevoli,elettronica_consumo,7,912.81,916.17,-0.0037,0,0.9611,1.0599,350.5,721.23
P0051,durevoli,elettronica_consumo,8,924.04,916.17,0.0086,0,0.947,1.0658,418.3,721.23
P0051,durevoli,elettronica_consumo,9,896.14,916.17,-0.0219,0,0.9603,1.0708,481.8,721.23
P0051,durevoli,elettronica_consumo,10,811.31,916.17,-0.1145,1,0.9569,1.0748,741.5,721.23
P0051,durevoli,elettronica_consumo,11,922.8,916.17,0.0072,0,0.9881,1.0777,442.9,721.23
P0051,durevoli,elettronica_consumo,12,931.9,916.17,0.0172,0,1.013,1.0794,449.5,721.23
P0051,durevoli,elettronica_consumo,13,922.07,916.17,0.0064,0,0.9756,1.08,355.8,721.23
P0051,durevoli,elettronica_consumo,14,927.29,916.17,0.0121,0,0.9856,1.0794,477.7,721.23
P0051,durevoli,elettronica_consumo,15,859.37,916.17,-0.062,0,0.9651,1.0777,429.9,721.23
P0051,durevoli,elettronica_consumo,16,892.05,916.17,-0.0263,0,1.0492,1.0748,523.6,721.23
P0051,durevoli,elettronica_consumo,17,890.26,916.17,-0.0283,0,1.0267,1.0708,525.5,721.23
P0051,durevoli,elettronica_consumo,18,925.2,916.17,0.0099,0,0.8901,1.0658,392.4,721.23
P0051,durevoli,elettronica_consumo,19,1012.68,916.17,0.1053,0,0.9881,1.0599,281.2,721.23
P0051,durevoli,elettronica_consumo,20,918.29,916.17,0.0023,0,0.9665,1.053,378.2,721.23
P0051,durevoli,elettronica_consumo,21,928.85,916.17,0.0138,0,0.9915,1.0454,365.9,721.23
P0051,durevoli,elettronica_consumo,22,902.9,916.17,-0.0145,0,0.95,1.0372,400.2,721.23
P0051,durevoli,elettronica_consumo,23,781.1,916.17,-0.1474,1,0.9123,1.0284,902.8,721.23
P0051,durevoli,elettronica_consumo,24,871.82,916.17,-0.0484,0,0.9817,1.0191,427.8,721.23
P0051,durevoli,elettronica_consumo,25,904.25,916.17,-0.013,0,0.9964,1.0096,412.9,721.23
P0051,durevoli,elettronica_consumo,26,784.23,916.17,-0.144,1,1.0331,1.0,702.1,721.23
P0051,durevoli,elettronica_consumo,27,867.58,916.17,-0.053,1,1.0028,0.9904,698.0,721.23
P0051,durevoli,elettronica_consumo,28,912.13,916.17,-0.0044,0,0.9709,0.9809,356.0,721.23
P0051,durevoli,elettronica_consumo,29,956.19,916.17,0.0437,0,0.9823,0.9716,388.3,721.23
P0051,durevoli,elettronica_consumo,30,881.51,916.17,-0.0378,0,0.9535,0.9628,531.9,721.23
P0051,durevoli,elettronica_consumo,31,895.0,916.17,-0.0231,0,0.9477,0.9546,403.6,721.23
P0051,durevoli,elettronica_consumo,32,938.15,916.17,0.024,0,1.0091,0.947,434.0,721.23
P0051,durevoli,elettronica_consumo,33,926.88,916.17,0.0117,0,1.1388,0.9401,357.1,721.23
P0051,durevoli,elettronica_consumo,34,862.99,916.17,-0.058,1,1.0451,0.9342,537.8,721.23
P0051,durevoli,elettronica_consumo,35,992.81,916.17,0.0837,0,1.0476,0.9292,319.8,721.23
P0051,durevoli,elettronica_consumo,36,922.21,916.17,0.0066,0,0.9496,0.9252,408.3,721.23
P0051,durevoli,elettronica_consumo,37,910.41,916.17,-0.0063,0,1.0832,0.9223,454.8,721.23
P0051,durevoli,elettronica_consumo,38,934.3,916.17,0.0198,0,0.9706,0.9206,341.2,721.23
P0051,durevoli,elettronica_consumo,39,900.83,916.17,-0.0167,0,0.9948,0.92,318.6,721.23
P0051,durevoli,elettronica_consumo,40,809.37,916.17,-0.1166,1,0.9996,0.9206,469.7,721.23
P0051,durevoli,elettronica_consumo,41,871.49,916.17,-0.0488,0,0.9695,0.9223,507.4,721.23
P0051,durevoli,elettronica_consumo,42,889.99,916.17,-0.0286,0,1.0415,0.9252,371.4,721.23
P0051,durevoli,elettronica_consumo,43,981.34,916.17,0.0711,0,1.0189,0.9292,348.7,721.23
P0051,durevoli,elettronica_consumo,44,921.35,916.17,0.0057,0,1.0632,0.9342,467.0,721.23
P0051,durevoli,elettronica_consumo,45,915.04,916.17,-0.0012,0,0.9978,0.9401,361.8,721.23
P0051,durevoli,elettronica_consumo,46,924.41,916.17,0.009,0,1.0963,0.947,425.9,721.23
P0051,durevoli,elettronica_consumo,47,877.72,916.17,-0.042,0,0.9597,0.9546,396.7,721.23
P0051,durevoli,elettronica_consumo,48,885.16,916.17,-0.0339,0,0.9531,0.9628,372.9,721.23
P0051,durevoli,elettronica_consumo,49,855.02,916.17,-0.0667,1,0.9903,0.9716,629.7,721.23
P0051,durevoli,elettronica_consumo,50,946.93,916.17,0.0336,0,0.9113,0.9809,322.1,721.23
P0051,durevoli,elettronica_consumo,51,923.19,916.17,0.0077,0,0.9603,0.9904,470.4,721.23
P0051,durevoli,elettronica_consumo,52,894.06,916.17,-0.0241,0,1.0499,1.0,411.4,721.23
P0051,durevoli,elettronica_consumo,53,944.9,916.17,0.0314,0,0.8774,1.0096,409.7,721.23
P0051,durevoli,elettronica_consumo,54,863.84,916.17,-0.0571,1,1.0979,1.0191,565.7,721.23
P0051,durevoli,elettronica_consumo,55,925.12,916.17,0.0098,0,1.0191,1.0284,392.5,721.23
P0051,durevoli,elettronica_consumo,56,965.17,916.17,0.0535,0,1.0465,1.0372,342.7,721.23
P0051,durevoli,elettronica_consumo,57,897.43,916.17,-0.0205,0,1.0491,1.0454,514.2,721.23
P0051,durevoli,elettronica_consumo,58,864.33,916.17,-0.0566,0,1.0377,1.053,581.9,721.23
P0051,durevoli,elettronica_consumo,59,979.65,916.17,0.0693,0,0.934,1.0599,387.8,721.23
P0051,durevoli,elettronica_consumo,60,950.11,916.17,0.037,0,1.0306,1.0658,484.3,721.23
P0051,durevoli,elettronica_consumo,61,903.22,916.17,-0.0141,0,0.9754,1.0708,436.1,721.23
P0051,durevoli,elettronica_consumo,62,959.37,916.17,0.0471,0,1.0638,1.0748,320.3,721.23
P0051,durevoli,elettronica_consumo,63,848.07,916.17,-0.0743,1,0.9609,1.0777,706.2,721.23
P0051,durevoli,elettronica_consumo,64,944.77,916.17,0.0312,0,1.0674,1.0794,368.0,721.23
P0051,durevoli,elettronica_consumo,65,891.62,916.17,-0.0268,0,1.012,1.08,488.2,721.23
P0051,durevoli,elettronica_consumo,66,958.29,916.17,0.046,0,1.0344,1.0794,348.2,721.23
P0051,durevoli,elettronica_consumo,67,932.84,916.17,0.0182,0,1.075,1.0777,413.3,721.23
P0051,durevoli,elettronica_consumo,68,983.02,916.17,0.073,0,1.0245,1.0748,366.3,721.23
P0051,durevoli,elettronica_consumo,69,916.69,916.17,0.0006,0,1.0343,1.0708,458.6,721.23
P0051,durevoli,elettronica_consumo,70,914.34,916.17,-0.002,0,0.9692,1.0658,528.4,721.23
P0051,durevoli,elettronica_consumo,71,899.36,916.17,-0.0184,0,0.9416,1.0599,465.2,721.23
P0051,durevoli,elettronica_consumo,72,781.78,916.17,-0.1467,1,0.9432,1.053,722.4,721.23
P0051,durevoli,elettronica_consumo,73,794.92,916.17,-0.1323,1,1.1248,1.0454,831.3,721.23
P0051,durevoli,elettronica_consumo,74,866.93,916.17,-0.0537,0,1.0199,1.0372,463.5,721.23
P0051,durevoli,elettronica_consumo,75,804.66,916.17,-0.1217,1,0.9009,1.0284,652.0,721.23
P0051,durevoli,elettronica_consumo,76,930.34,916.17,0.0155,0,0.9474,1.0191,402.1,721.23
P0051,durevoli,elettronica_consumo,77,778.78,916.17,-0.15,1,1.0185,1.0096,941.6,721.23
P0051,durevoli,elettronica_consumo,78,787.22,916.17,-0.1407,1,1.0747,1.0,743.6,721.23
P0051,durevoli,elettronica_consumo,79,896.52,916.17,-0.0215,0,1.0045,0.9904,385.1,721.23
P0051,durevoli,elettronica_consumo,80,941.95,916.17,0.0281,0,0.9753,0.9809,344.0,721.23
P0051,durevoli,elettronica_consumo,81,889.72,916.17,-0.0289,0,0.9241,0.9716,443.0,721.23
P0051,durevoli,elettronica_consumo,82,912.04,916.17,-0.0045,0,1.0261,0.9628,426.0,721.23
P0051,durevoli,elettronica_consumo,83,880.17,916.17,-0.0393,0,0.9681,0.9546,460.7,721.23
P0051,durevoli,elettronica_consumo,84,898.54,916.17,-0.0192,0,0.9608,0.947,434.0,721.23
P0051,durevoli,elettronica_consumo,85,940.31,916.17,0.0263,0,1.044,0.9401,340.9,721.23
P0051,durevoli,elettronica_consumo,86,920.61,916.17,0.0048,0,1.0134,0.9342,286.3,721.23
P0051,durevoli,elettronica_consumo,87,886.78,916.17,-0.0321,0,0.9841,0.9292,415.4,721.23
P0051,durevoli,elettronica_consumo,88,826.83,916.17,-0.0975,1,0.9658,0.9252,669.3,721.23
P0051,durevoli,elettronica_consumo,89,904.84,916.17,-0.0124,0,0.9668,0.9223,354.7,721.23
P0051,durevoli,elettronica_consumo,90,899.31,916.17,-0.0184,0,0.9135,0.9206,328.2,721.23
P0051,durevoli,elettronica_consumo,91,957.27,916.17,0.0449,0,1.08,0.92,339.1,721.23
P0051,durevoli,elettronica_consumo,92,902.12,916.17,-0.0153,0,0.9254,0.9206,322.6,721.23
P0051,durevoli,elettronica_consumo,93,933.45,916.17,0.0189,0,1.0979,0.9223,350.6,721.23
P0051,durevoli,elettronica_consumo,94,912.26,916.17,-0.0043,0,0.9859,0.9252,356.3,721.23
P0051,durevoli,elettronica_consumo,95,877.23,916.17,-0.0425,0,1.0065,0.9292,456.2,721.23
P0051,durevoli,elettronica_consumo,96,926.12,916.17,0.0109,0,1.0522,0.9342,347.4,721.23
P0051,durevoli,elettronica_consumo,97,959.39,916.17,0.0472,0,0.9314,0.9401,319.4,721.23
P0051,durevoli,elettronica_consumo,98,909.4,916.17,-0.0074,0,0.9857,0.947,377.9,721.23
P0051,durevoli,elettronica_consumo,99,951.0,916.17,0.038,0,1.0462,0.9546,349.0,721.23
P0051,durevoli,elettronica_consumo,100,782.09,916.17,-0.1463,1,1.043,0.9628,658.4,721.23
P0051,durevoli,elettronica_consumo,101,923.23,916.17,0.0077,0,0.8626,0.9716,469.0,721.23
P0051,durevoli,elettronica_consumo,102,903.49,916.17,-0.0138,0,0.9697,0.9809,433.5,721.23
P0051,durevoli,elettronica_consumo,103,789.45,916.17,-0.1383,1,0.9724,0.9904,721.3,721.23
P0052,durevoli,arredamento,0,1183.04,1148.75,0.0298,0,1.0136,1.0,118.2,884.66
P0052,durevoli,arredamento,1,1145.01,1148.75,-0.0033,0,0.949,1.0096,155.4,884.66
P0052,durevoli,arredamento,2,1213.6,1148.75,0.0564,0,1.0517,1.0191,101.0,884.66
P0052,durevoli,arredamento,3,1099.33,1148.75,-0.043,0,1.0318,1.0284,141.7,884.66
P0052,durevoli,arredamento,4,1048.23,1148.75,-0.0875,1,1.0688,1.0372,153.9,884.66
P0052,durevoli,arredamento,5,1105.26,1148.75,-0.0379,0,0.9638,1.0454,159.0,884.66
P0052,durevoli,arredamento,6,1111.21,1148.75,-0.0327,0,1.0093,1.053,158.1,884.66
P0052,durevoli,arredamento,7,1207.74,1148.75,0.0514,0,0.9361,1.0599,94.5,884.66
P0052,durevoli,arredamento,8,1082.32,1148.75,-0.0578,0,1.0168,1.0658,138.4,884.66
P0052,durevoli,arredamento,9,1164.02,1148.75,0.0133,0,1.0412,1.0708,143.6,884.66
P0052,durevoli,arredamento,10,1111.84,1148.75,-0.0321,0,1.0138,1.0748,154.0,884.66
P0052,durevoli,arredamento,11,1155.37,1148.75,0.0058,0,0.9374,1.0777,120.7,884.66
P0052,durevoli,arredamento,12,1209.36,1148.75,0.0528,0,1.0576,1.0794,123.6,884.66
P0052,durevoli,arredamento,13,1145.73,1148.75,-0.0026,0,0.9276,1.08,120.9,884.66
P0052,durevoli,arredamento,14,1171.86,1148.75,0.0201,0,1.0472,1.0794,136.7,884.66
P0052,durevoli,arredamento,15,1151.66,1148.75,0.0025,0,0.9509,1.0777,130.6,884.66
P0052,durevoli,arredamento,16,1175.2,1148.75,0.023,0,0.982,1.0748,122.1,884.66
P0052,durevoli,arredamento,17,1118.95,1148.75,-0.0259,0,1.0482,1.0708,120.7,884.66
P0052,durevoli,arredamento,18,1145.1,1148.75,-0.0032,0,1.0414,1.0658,112.0,884.66
P0052,durevoli,arredamento,19,1178.91,1148.75,0.0263,0,0.9805,1.0599,119.4,884.66
P0052,durevoli,arredamento,20,1071.69,1148.75,-0.0671,1,1.015,1.053,203.5,884.66
P0052,durevoli,arredamento,21,1168.91,1148.75,0.0176,0,0.9504,1.0454,112.8,884.66
P0052,durevoli,arredamento,22,1142.46,1148.75,-0.0055,0,1.0532,1.0372,133.0,884.66
P0052,durevoli,arredamento,23,1153.14,1148.75,0.0038,0,1.0052,1.0284,125.9,884.66
P0052,durevoli,arredamento,24,1106.94,1148.75,-0.0364,0,1.0053,1.0191,112.9,884.66
P0052,durevoli,arredamento,25,1104.41,1148.75,-0.0386,0,1.0589,1.0096,103.6,884.66
P0052,durevoli,arredamento,26,1082.84,1148.75,-0.0574,0,0.94,1.0,151.1,884.66
P0052,durevoli,arredamento,27,988.56,1148.75,-0.1394,1,1.0446,0.9904,213.7,884.66
P0052,durevoli,arredamento,28,1136.6,1148.75,-0.0106,0,0.9731,0.9809,98.5,884.66
P0052,durevoli,arredamento,29,1144.13,1148.75,-0.004,0,1.0539,0.9716,103.5,884.66
P0052,durevoli,arredamento,30,1197.14,1148.75,0.0421,0,1.0147,0.9628,112.0,884.66
P0052,durevoli,arredamento,31,1167.16,1148.75,0.016,0,1.0911,0.9546,113.2,884.66
P0052,durevoli,arredamento,32,1024.04,1148.75,-0.1086,1,0.9717,0.947,200.3,884.66
P0052,durevoli,arredamento,33,1115.73,1148.75,-0.0287,0,0.9745,0.9401,133.0,884.66
P0052,durevoli,arredamento,34,1187.89,1148.75,0.0341,0,0.9507,0.9342,92.4,884.66
P0052,durevoli,arredamento,35,1087.23,1148.75,-0.0536,0,0.9987,0.9292,167.2,884.66
P0052,durevoli,arredamento,36,1075.19,1148.75,-0.064,1,1.0326,0.9252,171.9,884.66
P0052,durevoli,arredamento,37,1090.49,1148.75,-0.0507,1,0.984,0.9223,169.3,884.66
P0052,durevoli,arredamento,38,1247.89,1148.75,0.0863,0,1.014,0.9206,95.9,884.66
P0052,durevoli,arredamento,39,1170.48,1148.75,0.0189,0,0.9957,0.92,106.0,884.66
P0052,durevoli,arredamento,40,1166.61,1148.75,0.0155,0,0.9915,0.9206,116.5,884.66
P0052,durevoli,arredamento,41,1154.65,1148.75,0.0051,0,1.0776,0.9223,108.6,884.66
P0052,durevoli,arredamento,42,1155.33,1148.75,0.0057,0,0.9972,0.9252,113.3,884.66
P0052,durevoli,arredamento,43,1069.12,1148.75,-0.0693,0,1.044,0.9292,182.9,884.66
P0052,durevoli,arredamento,44,1170.51,1148.75,0.0189,0,0.9909,0.9342,124.8,884.66
P0052,durevoli,arredamento,45,1065.33,1148.75,-0.0726,1,0.9217,0.9401,168.6,884.66
P0052,durevoli,arredamento,46,1185.23,1148.75,0.0318,0,1.0467,0.947,87.9,884.66
P0052,durevoli,arredamento,47,1172.24,1148.75,0.0204,0,0.9627,0.9546,123.1,884.66
P0052,durevoli,arredamento,48,1144.79,1148.75,-0.0034,0,0.9983,0.9628,126.5,884.66
P0052,durevoli,arredamento,49,1069.67,1148.75,-0.0688,0,1.0086,0.9716,156.3,884.66
P0052,durevoli,arredamento,50,1134.33,1148.75,-0.0125,0,1.0388,0.9809,132.4,884.66
P0052,durevoli,arredamento,51,1146.52,1148.75,-0.0019,0,0.9135,0.9904,121.3,884.66
P0052,durevoli,arredamento,52,1169.58,1148.75,0.0181,0,0.9234,1.0,112.3,884.66
P0052,durevoli,arredamento,53,1144.57,1148.75,-0.0036,0,0.9847,1.0096,157.5,884.66
P0052,durevoli,arredamento,54,1198.33,1148.75,0.0432,0,1.0511,1.0191,107.8,884.66
P0052,durevoli,arredamento,55,1147.28,1148.75,-0.0013,0,1.0091,1.0284,118.0,884.66
P0052,durevoli,arredamento,56,1134.47,1148.75,-0.0124,0,0.9838,1.0372,127.2,884.66
P0052,durevoli,arredamento,57,1152.68,1148.75,0.0034,0,0.9736,1.0454,101.6,884.66
P0052,durevoli,arredamento,58,1133.43,1148.75,-0.0133,0,1.0638,1.053,126.0,884.66
P0052,durevoli,arredamento,59,1076.83,1148.75,-0.0626,1,0.9686,1.0599,195.2,884.66
P0052,durevoli,arredamento,60,1157.96,1148.75,0.008,0,1.0187,1.0658,121.8,884.66
P0052,durevoli,arredamento,61,1147.16,1148.75,-0.0014,0,0.9084,1.0708,126.5,884.66
P0052,durevoli,arredamento,62,1153.26,1148.75,0.0039,0,0.9542,1.0748,138.2,884.66
P0052,durevoli,arredamento,63,1047.11,1148.75,-0.0885,1,0.9754,1.0777,233.2,884.66
P0052,durevoli,arredamento,64,1112.47,1148.75,-0.0316,0,0.9451,1.0794,183.9,884.66
P0052,durevoli,arredamento,65,1152.43,1148.75,0.0032,0,0.963,1.08,134.8,884.66
P0052,durevoli,arredamento,66,1158.98,1148.75,0.0089,0,1.0532,1.0794,129.6,884.66
P0052,durevoli,arredamento,67,1121.28,1148.75,-0.0239,0,0.9441,1.0777,145.7,884.66
P0052,durevoli,arredamento,68,1155.22,1148.75,0.0056,0,0.9846,1.0748,118.1,884.66
P0052,durevoli,arredamento,69,1098.97,1148.75,-0.0433,0,0.9433,1.0708,166.6,884.66
P0052,durevoli,arredamento,70,1133.37,1148.75,-0.0134,0,0.9851,1.0658,133.4,884.66
P0052,durevoli,arredamento,71,1155.4,1148.75,0.0058,0,0.9628,1.0599,117.6,884.66
P0052,durevoli,arredamento,72,1160.9,1148.75,0.0106,0,0.9982,1.053,123.6,884.66
P0052,durevoli,arredamento,73,1147.29,1148.75,-0.0013,0,0.961,1.0454,147.2,884.66
P0052,durevoli,arredamento,74,1153.95,1148.75,0.0045,0,0.897,1.0372,122.5,884.66
P0052,durevoli,arredamento,75,1026.3,1148.75,-0.1066,1,1.1211,1.0284,225.6,884.66
P0052,durevoli,arredamento,76,1183.14,1148.75,0.0299,0,1.0492,1.0191,112.2,884.66
P0052,durevoli,arredamento,77,1182.79,1148.75,0.0296,0,1.0021,1.0096,117.6,884.66
P0052,durevoli,arredamento,78,1005.52,1148.75,-0.1247,1,0.9978,1.0,236.5,884.66
P0052,durevoli,arredamento,79,1100.29,1148.75,-0.0422,0,1.0571,0.9904,131.9,884.66
P0052,durevoli,arredamento,80,1135.34,1148.75,-0.0117,0,1.0206,0.9809,122.3,884.66
P0052,durevoli,arredamento,81,1218.67,1148.75,0.0609,0,0.9529,0.9716,101.5,884.66
P0052,durevoli,arredamento,82,1094.99,1148.75,-0.0468,0,0.9898,0.9628,126.5,884.66
P0052,durevoli,arredamento,83,1147.33,1148.75,-0.0012,0,0.9259,0.9546,119.4,884.66
P0052,durevoli,arredamento,84,1049.02,1148.75,-0.0868,0,0.9738,0.947,160.1,884.66
P0052,durevoli,arredamento,85,1169.33,1148.75,0.0179,0,1.0216,0.9401,97.0,884.66
P0052,durevoli,arredamento,86,1181.92,1148.75,0.0289,0,0.9562,0.9342,103.0,884.66
P0052,durevoli,arredamento,87,1114.27,1148.75,-0.03,0,1.023,0.9292,109.5,884.66
P0052,durevoli,arredamento,88,1166.71,1148.75,0.0156,0,0.8798,0.9252,101.9,884.66
P0052,durevoli,arredamento,89,1157.83,1148.75,0.0079,0,0.9739,0.9223,97.0,884.66
P0052,durevoli,arredamento,90,1135.79,1148.75,-0.0113,0,1.0273,0.9206,122.3,884.66
P0052,durevoli,arredamento,91,1191.87,1148.75,0.0375,0,0.9703,0.92,117.1,884.66
P0052,durevoli,arredamento,92,1190.97,1148.75,0.0368,0,0.991,0.9206,138.2,884.66
P0052,durevoli,arredamento,93,1036.35,1148.75,-0.0978,1,0.9989,0.9223,166.7,884.66
P0052,durevoli,arredamento,94,1125.74,1148.75,-0.02,0,1.046,0.9252,138.5,884.66
P0052,durevoli,arredamento,95,1120.93,1148.75,-0.0242,0,0.9829,0.9292,88.9,884.66
P0052,durevoli,arredamento,96,1137.17,1148.75,-0.0101,0,0.9942,0.9342,130.1,884.66
P0052,durevoli,arredamento,97,1125.03,1148.75,-0.0207,0,0.9851,0.9401,141.9,884.66
P0052,durevoli,arredamento,98,1223.45,1148.75,0.065,0,0.9715,0.947,99.4,884.66
P0052,durevoli,arredamento,99,1232.16,1148.75,0.0726,0,1.009,0.9546,123.5,884.66
P0052,durevoli,arredamento,100,1210.17,1148.75,0.0535,0,1.0059,0.9628,112.4,884.66
P0052,durevoli,arredamento,101,1162.76,1148.75,0.0122,0,0.9465,0.9716,118.8,884.66
P0052,durevoli,arredamento,102,1144.97,1148.75,-0.0033,0,1.0548,0.9809,129.9,884.66
P0052,durevoli,arredamento,103,1072.42,1148.75,-0.0664,0,1.0248,0.9904,179.5,884.66
P0053,durevoli,elettrodomestici,0,174.88,162.92,0.0734,0,0.9997,1.0,210.9,124.65
P0053,durevoli,elettrodomestici,1,167.31,162.92,0.0269,0,1.0065,1.0096,374.4,124.65
P0053,durevoli,elettrodomestici,2,163.6,162.92,0.0041,0,1.0003,1.0191,335.8,124.65
P0053,durevoli,elettrodomestici,3,160.85,162.92,-0.0127,0,1.0087,1.0284,378.8,124.65
P0053,durevoli,elettrodomestici,4,169.8,162.92,0.0422,0,0.9399,1.0372,246.3,124.65
P0053,durevoli,elettrodomestici,5,157.54,162.92,-0.033,0,0.981,1.0454,370.5,124.65
P0053,durevoli,elettrodomestici,6,154.6,162.92,-0.051,0,0.9715,1.053,463.1,124.65
P0053,durevoli,elettrodomestici,7,165.8,162.92,0.0177,0,0.9752,1.0599,378.2,124.65
P0053,durevoli,elettrodomestici,8,150.9,162.92,-0.0738,0,1.0158,1.0658,516.7,124.65
P0053,durevoli,elettrodomestici,9,169.76,162.92,0.042,0,0.9575,1.0708,342.8,124.65
P0053,durevoli,elettrodomestici,10,142.6,162.92,-0.1247,1,0.9887,1.0748,711.8,124.65
P0053,durevoli,elettrodomestici,11,165.22,162.92,0.0141,0,1.1072,1.0777,361.2,124.65
P0053,durevoli,elettrodomestici,12,159.59,162.92,-0.0204,0,1.0031,1.0794,308.3,124.65
P0053,durevoli,elettrodomestici,13,144.05,162.92,-0.1158,1,1.012,1.08,883.4,124.65
P0053,durevoli,elettrodomestici,14,151.96,162.92,-0.0673,0,0.9543,1.0794,480.8,124.65
P0053,durevoli,elettrodomestici,15,172.18,162.92,0.0569,0,1.048,1.0777,339.0,124.65
P0053,durevoli,elettrodomestici,16,154.43,162.92,-0.0521,1,0.9552,1.0748,616.3,124.65
P0053,durevoli,elettrodomestici,17,154.66,162.92,-0.0507,0,1.0297,1.0708,514.5,124.65
P0053,durevoli,elettrodomestici,18,171.83,162.92,0.0547,0,0.9172,1.0658,261.6,124.65
P0053,durevoli,elettrodomestici,19,160.81,162.92,-0.013,0,0.9666,1.0599,382.9,124.65
P0053,durevoli,elettrodomestici,20,160.87,162.92,-0.0126,0,1.0139,1.053,345.1,124.65
P0053,durevoli,elettrodomestici,21,159.24,162.92,-0.0226,0,0.9397,1.0454,421.3,124.65
P0053,durevoli,elettrodomestici,22,168.99,162.92,0.0373,0,1.0166,1.0372,288.0,124.65
P0053,durevoli,elettrodomestici,23,168.95,162.92,0.037,0,0.8859,1.0284,295.6,124.65
P0053,durevoli,elettrodomestici,24,146.14,162.92,-0.103,1,1.0212,1.0191,657.7,124.65
P0053,durevoli,elettrodomestici,25,163.42,162.92,0.003,0,0.9691,1.0096,357.1,124.65
P0053,durevoli,elettrodomestici,26,165.19,162.92,0.014,0,1.0036,1.0,335.7,124.65
P0053,durevoli,elettrodomestici,27,162.74,162.92,-0.0011,0,0.9602,0.9904,382.5,124.65
P0053,durevoli,elettrodomestici,28,166.8,162.92,0.0238,0,1.0857,0.9809,295.7,124.65
P0053,durevoli,elettrodomestici,29,160.9,162.92,-0.0124,0,0.9199,0.9716,287.1,124.65
P0053,durevoli,elettrodomestici,30,154.96,162.92,-0.0488,0,0.9463,0.9628,383.9,124.65
P0053,durevoli,elettrodomestici,31,152.01,162.92,-0.0669,1,1.003,0.9546,467.4,124.65
P0053,durevoli,elettrodomestici,32,167.08,162.92,0.0255,0,0.9295,0.947,304.4,124.65
P0053,durevoli,elettrodomestici,33,158.69,162.92,-0.026,0,1.0935,0.9401,355.0,124.65
P0053,durevoli,elettrodomestici,34,163.4,162.92,0.003,0,1.0437,0.9342,289.0,124.65
P0053,durevoli,elettrodomestici,35,166.66,162.92,0.023,0,0.9242,0.9292,329.2,124.65
P0053,durevoli,elettrodomestici,36,141.07,162.92,-0.1341,1,0.9201,0.9252,567.4,124.65
P0053,durevoli,elettrodomestici,37,168.88,162.92,0.0366,0,1.0576,0.9223,233.0,124.65
P0053,durevoli,elettrodomestici,38,147.0,162.92,-0.0977,1,1.0358,0.9206,505.6,124.65
P0053,durevoli,elettrodomestici,39,156.47,162.92,-0.0396,0,1.0829,0.92,339.3,124.65
P0053,durevoli,elettrodomestici,40,163.4,162.92,0.0029,0,1.0553,0.9206,276.4,124.65
P0053,durevoli,elettrodomestici,41,155.63,162.92,-0.0448,0,1.0583,0.9223,298.6,124.65
P0053,durevoli,elettrodomestici,42,142.12,162.92,-0.1277,1,1.0349,0.9252,660.4,124.65
P0053,durevoli,elettrodomestici,43,158.73,162.92,-0.0257,0,1.0672,0.9292,365.6,124.65
P0053,durevoli,elettrodomestici,44,163.34,162.92,0.0026,0,0.9859,0.9342,345.2,124.65
P0053,durevoli,elettrodomestici,45,153.37,162.92,-0.0586,1,0.9293,0.9401,551.0,124.65
P0053,durevoli,elettrodomestici,46,159.46,162.92,-0.0212,0,1.059,0.947,356.8,124.65
P0053,durevoli,elettrodomestici,47,167.96,162.92,0.0309,0,1.0334,0.9546,302.9,124.65
P0053,durevoli,elettrodomestici,48,174.23,162.92,0.0694,0,0.9633,0.9628,284.5,124.65
P0053,durevoli,elettrodomestici,49,165.51,162.92,0.0159,0,1.0617,0.9716,301.5,124.65
P0053,durevoli,elettrodomestici,50,164.43,162.92,0.0093,0,0.9679,0.9809,375.7,124.65
P0053,durevoli,elettrodomestici,51,160.44,162.92,-0.0152,0,1.0552,0.9904,321.2,124.65
P0053,durevoli,elettrodomestici,52,138.99,162.92,-0.1469,1,1.0376,1.0,691.5,124.65
P0053,durevoli,elettrodomestici,53,166.31,162.92,0.0208,0,0.9812,1.0096,398.4,124.65
P0053,durevoli,elettrodomestici,54,154.89,162.92,-0.0493,0,1.0428,1.0191,318.4,124.65
P0053,durevoli,elettrodomestici,55,163.5,162.92,0.0036,0,0.9287,1.0284,308.3,124.65
P0053,durevoli,elettrodomestici,56,165.1,162.92,0.0134,0,0.9337,1.0372,357.8,124.65
P0053,durevoli,elettrodomestici,57,160.21,162.92,-0.0166,0,1.0255,1.0454,405.7,124.65
P0053,durevoli,elettrodomestici,58,159.31,162.92,-0.0222,0,0.9985,1.053,358.3,124.65
P0053,durevoli,elettrodomestici,59,145.73,162.92,-0.1055,1,0.9788,1.0599,627.6,124.65
P0053,durevoli,elettrodomestici,60,162.94,162.92,0.0001,0,1.0253,1.0658,357.6,124.65
P0053,durevoli,elettrodomestici,61,164.01,162.92,0.0067,0,0.9541,1.0708,381.0,124.65
P0053,durevoli,elettrodomestici,62,164.09,162.92,0.0072,0,1.011,1.0748,432.2,124.65
P0053,durevoli,elettrodomestici,63,163.34,162.92,0.0026,0,0.9654,1.0777,399.9,124.65
P0053,durevoli,elettrodomestici,64,154.22,162.92,-0.0534,0,0.9902,1.0794,453.2,124.65
P0053,durevoli,elettrodomestici,65,162.25,162.92,-0.0041,0,0.9964,1.08,370.0,124.65
P0053,durevoli,elettrodomestici,66,155.44,162.92,-0.0459,0,1.1017,1.0794,429.4,124.65
P0053,durevoli,elettrodomestici,67,142.75,162.92,-0.1238,1,0.9137,1.0777,634.5,124.65
P0053,durevoli,elettrodomestici,68,168.59,162.92,0.0348,0,0.9308,1.0748,293.3,124.65
P0053,durevoli,elettrodomestici,69,165.62,162.92,0.0165,0,1.0221,1.0708,305.8,124.65
P0053,durevoli,elettrodomestici,70,165.99,162.92,0.0189,0,1.0717,1.0658,326.1,124.65
P0053,durevoli,elettrodomestici,71,160.47,162.92,-0.015,0,1.0197,1.0599,369.1,124.65
P0053,durevoli,elettrodomestici,72,168.19,162.92,0.0324,0,1.0092,1.053,253.9,124.65
P0053,durevoli,elettrodomestici,73,159.8,162.92,-0.0192,0,0.9627,1.0454,388.6,124.65
P0053,durevoli,elettrodomestici,74,153.37,162.92,-0.0586,0,1.0402,1.0372,434.5,124.65
P0053,durevoli,elettrodomestici,75,167.17,162.92,0.0261,0,0.9617,1.0284,372.3,124.65
P0053,durevoli,elettrodomestici,76,171.54,162.92,0.0529,0,0.9553,1.0191,345.1,124.65
P0053,durevoli,elettrodomestici,77,177.45,162.92,0.0892,0,0.9524,1.0096,290.8,124.65
P0053,durevoli,elettrodomestici,78,167.0,162.92,0.025,0,0.998,1.0,274.1,124.65
P0053,durevoli,elettrodomestici,79,162.59,162.92,-0.002,0,1.1254,0.9904,342.0,124.65
P0053,durevoli,elettrodomestici,80,164.65,162.92,0.0106,0,1.0345,0.9809,295.2,124.65
P0053,durevoli,elettrodomestici,81,162.81,162.92,-0.0007,0,1.0601,0.9716,335.1,124.65
P0053,durevoli,elettrodomestici,82,169.37,162.92,0.0396,0,0.9886,0.9628,237.4,124.65
P0053,durevoli,elettrodomestici,83,155.24,162.92,-0.0471,0,0.9887,0.9546,407.9,124.65
P0053,durevoli,elettrodomestici,84,166.54,162.92,0.0222,0,1.0432,0.947,318.3,124.65
P0053,durevoli,elettrodomestici,85,165.88,162.92,0.0182,0,1.1118,0.9401,251.3,124.65
P0053,durevoli,elettrodomestici,86,173.37,162.92,0.0641,0,0.9413,0.9342,289.5,124.65
P0053,durevoli,elettrodomestici,87,154.5,162.92,-0.0517,0,1.0356,0.9292,366.8,124.65
P0053,durevoli,elettrodomestici,88,161.07,162.92,-0.0114,0,1.0656,0.9252,322.8,124.65
P0053,durevoli,elettrodomestici,89,160.37,162.92,-0.0156,0,0.983,0.9223,290.8,124.65
P0053,durevoli,elettrodomestici,90,163.59,162.92,0.0041,0,1.0202,0.9206,356.6,124.65
P0053,durevoli,elettrodomestici,91,160.21,162.92,-0.0166,0,0.9494,0.92,343.2,124.65
P0053,durevoli,elettrodomestici,92,162.44,162.92,-0.003,0,1.0131,0.9206,336.5,124.65
P0053,durevoli,elettrodomestici,93,161.95,162.92,-0.006,0,0.9599,0.9223,297.4,124.65
P0053,durevoli,elettrodomestici,94,143.92,162.92,-0.1166,1,0.9327,0.9252,691.1,124.65
P0053,durevoli,elettrodomestici,95,163.12,162.92,0.0012,0,1.0246,0.9292,314.7,124.65
P0053,durevoli,elettrodomestici,96,144.39,162.92,-0.1137,1,1.0195,0.9342,704.0,124.65
P0053,durevoli,elettrodomestici,97,150.81,162.92,-0.0743,0,1.1064,0.9401,355.2,124.65
P0053,durevoli,elettrodomestici,98,167.38,162.92,0.0274,0,1.0226,0.947,296.4,124.65
P0053,durevoli,elettrodomestici,99,170.51,162.92,0.0466,0,0.998,0.9546,230.1,124.65
P0053,durevoli,elettrodomestici,100,164.17,162.92,0.0077,0,1.0558,0.9628,341.6,124.65
P0053,durevoli,elettrodomestici,101,140.78,162.92,-0.1359,1,1.0008,0.9716,742.5,124.65
P0053,durevoli,elettrodomestici,102,167.5,162.92,0.0281,0,0.8526,0.9809,300.7,124.65
P0053,durevoli,elettrodomestici,103,162.13,162.92,-0.0049,0,0.9562,0.9904,381.7,124.65
P0054,durevoli,arredamento,0,977.16,970.36,0.007,0,0.9981,1.0,122.6,775.71
P0054,durevoli,arredamento,1,976.99,970.36,0.0068,0,1.0421,1.0096,118.7,775.71
P0054,durevoli,arredamento,2,965.55,970.36,-0.005,0,0.9858,1.0191,130.2,775.71
P0054,durevoli,arredamento,3,943.38,970.36,-0.0278,0,0.9889,1.0284,109.0,775.71
P0054,durevoli,arredamento,4,970.4,970.36,0.0,0,1.0904,1.0372,143.5,775.71
P0054,durevoli,arredamento,5,977.21,970.36,0.0071,0,1.011,1.0454,117.4,775.71
P0054,durevoli,arredamento,6,958.34,970.36,-0.0124,0,1.0936,1.053,122.1,775.71
P0054,durevoli,arredamento,7,884.47,970.36,-0.0885,0,1.0412,1.0599,185.9,775.71
P0054,durevoli,arredamento,8,952.97,970.36,-0.0179,0,1.0226,1.0658,132.2,775.71
P0054,durevoli,arredamento,9,960.6,970.36,-0.0101,0,1.0932,1.0708,119.6,775.71
P0054,durevoli,arredamento,10,1012.54,970.36,0.0435,0,1.0416,1.0748,99.2,775.71
P0054,durevoli,arredamento,11,990.87,970.36,0.0211,0,0.894,1.0777,101.1,775.71
P0054,durevoli,arredamento,12,965.83,970.36,-0.0047,0,0.9742,1.0794,146.5,775.71
P0054,durevoli,arredamento,13,954.9,970.36,-0.0159,0,0.9676,1.08,141.3,775.71
P0054,durevoli,arredamento,14,953.46,970.36,-0.0174,0,0.9139,1.0794,128.5,775.71
P0054,durevoli,arredamento,15,995.52,970.36,0.0259,0,0.9636,1.0777,126.0,775.71
P0054,durevoli,arredamento,16,1016.59,970.36,0.0476,0,0.9935,1.0748,77.8,775.71
P0054,durevoli,arredamento,17,954.77,970.36,-0.0161,0,0.9863,1.0708,137.3,775.71
P0054,durevoli,arredamento,18,972.9,970.36,0.0026,0,1.0267,1.0658,130.1,775.71
P0054,durevoli,arredamento,19,1004.05,970.36,0.0347,0,0.9501,1.0599,105.3,775.71
P0054,durevoli,arredamento,20,980.39,970.36,0.0103,0,0.9838,1.053,139.6,775.71
P0054,durevoli,arredamento,21,972.93,970.36,0.0026,0,1.013,1.0454,133.4,775.71
P0054,durevoli,arredamento,22,908.9,970.36,-0.0633,0,1.0545,1.0372,148.5,775.71
P0054,durevoli,arredamento,23,956.57,970.36,-0.0142,0,0.9087,1.0284,95.8,775.71
P0054,durevoli,arredamento,24,987.93,970.36,0.0181,0,1.0649,1.0191,118.3,775.71
P0054,durevoli,arredamento,25,943.73,970.36,-0.0274,0,1.068,1.0096,109.7,775.71
P0054,durevoli,arredamento,26,1034.08,970.36,0.0657,0,1.1067,1.0,103.3,775.71
P0054,durevoli,arredamento,27,982.46,970.36,0.0125,0,1.0454,0.9904,104.2,775.71
P0054,durevoli,arredamento,28,875.01,970.36,-0.0983,1,0.9614,0.9809,223.1,775.71
P0054,durevoli,arredamento,29,973.61,970.36,0.0033,0,1.0492,0.9716,132.1,775.71
P0054,durevoli,arredamento,30,983.41,970.36,0.0135,0,0.9492,0.9628,123.5,775.71
P0054,durevoli,arredamento,31,906.84,970.36,-0.0655,0,1.0881,0.9546,124.6,775.71
P0054,durevoli,arredamento,32,972.99,970.36,0.0027,0,0.997,0.947,107.9,775.71
P0054,durevoli,arredamento,33,988.15,970.36,0.0183,0,0.9857,0.9401,89.9,775.71
P0054,durevoli,arredamento,34,859.32,970.36,-0.1144,1,0.9738,0.9342,204.1,775.71
P0054,durevoli,arredamento,35,1003.49,970.36,0.0341,0,0.994,0.9292,96.2,775.71
P0054,durevoli,arredamento,36,1017.74,970.36,0.0488,0,0.9314,0.9252,116.4,775.71
P0054,durevoli,arredamento,37,969.62,970.36,-0.0008,0,1.0592,0.9223,104.7,775.71
P0054,durevoli,arredamento,38,951.97,970.36,-0.0189,0,1.0483,0.9206,105.0,775.71
P0054,durevoli,arredamento,39,993.43,970.36,0.0238,0,1.0524,0.92,91.9,775.71
P0054,durevoli,arredamento,40,937.01,970.36,-0.0344,0,0.8925,0.9206,109.1,775.71
P0054,durevoli,arredamento,41,969.95,970.36,-0.0004,0,0.9733,0.9223,109.4,775.71
P0054,durevoli,arredamento,42,991.48,970.36,0.0218,0,0.9194,0.9252,101.3,775.71
P0054,durevoli,arredamento,43,923.99,970.36,-0.0478,0,0.931,0.9292,119.9,775.71
P0054,durevoli,arredamento,44,970.77,970.36,0.0004,0,0.9722,0.9342,102.2,775.71
P0054,durevoli,arredamento,45,980.5,970.36,0.0104,0,1.0622,0.9401,82.4,775.71
P0054,durevoli,arredamento,46,899.38,970.36,-0.0731,1,1.0263,0.947,198.3,775.71
P0054,durevoli,arredamento,47,896.87,970.36,-0.0757,1,0.9373,0.9546,177.4,775.71
P0054,durevoli,arredamento,48,971.93,970.36,0.0016,0,0.9505,0.9628,118.9,775.71
P0054,durevoli,arredamento,49,937.35,970.36,-0.034,0,1.0095,0.9716,139.5,775.71
P0054,durevoli,arredamento,50,905.0,970.36,-0.0674,1,0.9785,0.9809,172.7,775.71
P0054,durevoli,arredamento,51,974.66,970.36,0.0044,0,1.0002,0.9904,124.3,775.71
P0054,durevoli,arredamento,52,947.2,970.36,-0.0239,0,1.0231,1.0,148.8,775.71
P0054,durevoli,arredamento,53,1033.1,970.36,0.0647,0,1.0278,1.0096,106.3,775.71
P0054,durevoli,arredamento,54,835.27,970.36,-0.1392,1,1.0619,1.0191,199.5,775.71
P0054,durevoli,arredamento,55,979.37,970.36,0.0093,0,0.9903,1.0284,95.4,775.71
P0054,durevoli,arredamento,56,957.98,970.36,-0.0128,0,0.9268,1.0372,121.4,775.71
P0054,durevoli,arredamento,57,950.63,970.36,-0.0203,0,1.0042,1.0454,114.6,775.71
P0054,durevoli,arredamento,58,890.79,970.36,-0.082,1,0.9289,1.053,179.5,775.71
P0054,durevoli,arredamento,59,987.65,970.36,0.0178,0,1.0082,1.0599,118.1,775.71
P0054,durevoli,arredamento,60,851.46,970.36,-0.1225,1,1.0171,1.0658,212.3,775.71
P0054,durevoli,arredamento,61,968.36,970.36,-0.0021,0,0.9905,1.0708,162.3,775.71
P0054,durevoli,arredamento,62,980.2,970.36,0.0101,0,1.0233,1.0748,145.5,775.71
P0054,durevoli,arredamento,63,1015.86,970.36,0.0469,0,0.9926,1.0777,150.8,775.71
P0054,durevoli,arredamento,64,928.62,970.36,-0.043,0,0.9901,1.0794,168.5,775.71
P0054,durevoli,arredamento,65,968.33,970.36,-0.0021,0,1.0359,1.08,122.7,775.71
P0054,durevoli,arredamento,66,938.28,970.36,-0.0331,0,1.0864,1.0794,120.4,775.71
P0054,durevoli,arredamento,67,890.37,970.36,-0.0824,1,0.9993,1.0777,173.2,775.71
P0054,durevoli,arredamento,68,988.11,970.36,0.0183,0,0.961,1.0748,93.8,775.71
P0054,durevoli,arredamento,69,940.73,970.36,-0.0305,0,1.0316,1.0708,134.1,775.71
P0054,durevoli,arredamento,70,972.13,970.36,0.0018,0,0.9431,1.0658,113.0,775.71
P0054,durevoli,arredamento,71,931.5,970.36,-0.0401,0,1.0357,1.0599,134.7,775.71
P0054,durevoli,arredamento,72,951.37,970.36,-0.0196,0,1.0051,1.053,124.1,775.71
P0054,durevoli,arredamento,73,989.86,970.36,0.0201,0,1.1201,1.0454,133.7,775.71
P0054,durevoli,arredamento,74,958.13,970.36,-0.0126,0,0.9867,1.0372,135.5,775.71
P0054,durevoli,arredamento,75,952.32,970.36,-0.0186,0,0.9378,1.0284,118.6,775.71
P0054,durevoli,arredamento,76,959.73,970.36,-0.011,0,0.9407,1.0191,139.1,775.71
P0054,durevoli,arredamento,77,921.15,970.36,-0.0507,0,1.0013,1.0096,113.8,775.71
P0054,durevoli,arredamento,78,1025.18,970.36,0.0565,0,0.9972,1.0,91.2,775.71
P0054,durevoli,arredamento,79,963.98,970.36,-0.0066,0,0.9668,0.9904,112.4,775.71
P0054,durevoli,arredamento,80,844.61,970.36,-0.1296,1,1.0478,0.9809,238.3,775.71
P0054,durevoli,arredamento,81,931.18,970.36,-0.0404,0,0.9615,0.9716,129.1,775.71
P0054,durevoli,arredamento,82,980.68,970.36,0.0106,0,1.0403,0.9628,117.5,775.71
P0054,durevoli,arredamento,83,906.98,970.36,-0.0653,0,1.0667,0.9546,112.3,775.71
P0054,durevoli,arredamento,84,991.37,970.36,0.0216,0,1.0179,0.947,90.1,775.71
P0054,durevoli,arredamento,85,830.6,970.36,-0.144,1,1.0255,0.9401,186.4,775.71
P0054,durevoli,arredamento,86,918.9,970.36,-0.053,0,1.0312,0.9342,115.0,775.71
P0054,durevoli,arredamento,87,862.16,970.36,-0.1115,1,1.058,0.9292,195.3,775.71
P0054,durevoli,arredamento,88,982.57,970.36,0.0126,0,1.1071,0.9252,115.0,775.71
P0054,durevoli,arredamento,89,942.05,970.36,-0.0292,0,0.9692,0.9223,127.9,775.71
P0054,durevoli,arredamento,90,824.83,970.36,-0.15,1,1.0719,0.9206,216.4,775.71
P0054,durevoli,arredamento,91,1044.33,970.36,0.0762,0,1.0881,0.92,93.8,775.71
P0054,durevoli,arredamento,92,961.29,970.36,-0.0093,0,1.0362,0.9206,105.7,775.71
P0054,durevoli,arredamento,93,967.71,970.36,-0.0027,0,1.1296,0.9223,92.4,775.71
P0054,durevoli,arredamento,94,980.07,970.36,0.01,0,1.0258,0.9252,104.8,775.71
P0054,durevoli,arredamento,95,975.06,970.36,0.0048,0,1.024,0.9292,107.9,775.71
P0054,durevoli,arredamento,96,925.49,970.36,-0.0462,0,1.1007,0.9342,133.7,775.71
P0054,durevoli,arredamento,97,949.15,970.36,-0.0219,0,0.9498,0.9401,130.4,775.71
P0054,durevoli,arredamento,98,890.88,970.36,-0.0819,1,0.9324,0.947,212.6,775.71
P0054,durevoli,arredamento,99,967.61,970.36,-0.0028,0,1.0234,0.9546,123.8,775.71
P0054,durevoli,arredamento,100,1027.34,970.36,0.0587,0,1.0242,0.9628,88.9,775.71
P0054,durevoli,arredamento,101,855.63,970.36,-0.1182,1,1.0106,0.9716,214.7,775.71
P0054,durevoli,arredamento,102,936.3,970.36,-0.0351,0,1.0254,0.9809,124.5,775.71
P0054,durevoli,arredamento,103,870.87,970.36,-0.1025,1,1.0435,0.9904,219.8,775.71
P0055,durevoli,elettrodomestici,0,1215.2,1199.06,0.0135,0,1.006,1.0,425.4,875.34
P0055,durevoli,elettrodomestici,1,1119.43,1199.06,-0.0664,1,1.0395,1.0096,610.3,875.34
P0055,durevoli,elettrodomestici,2,1197.25,1199.06,-0.0015,0,1.0064,1.0191,485.1,875.34
P0055,durevoli,elettrodomestici,3,1249.82,1199.06,0.0423,0,0.9986,1.0284,398.1,875.34
P0055,durevoli,elettrodomestici,4,1158.16,1199.06,-0.0341,0,0.9223,1.0372,570.9,875.34
P0055,durevoli,elettrodomestici,5,1182.06,1199.06,-0.0142,0,1.0202,1.0454,490.8,875.34
P0055,durevoli,elettrodomestici,6,1245.02,1199.06,0.0383,0,0.9869,1.053,405.1,875.34
P0055,durevoli,elettrodomestici,7,1237.91,1199.06,0.0324,0,0.9432,1.0599,489.1,875.34
P0055,durevoli,elettrodomestici,8,1178.02,1199.06,-0.0175,0,0.9917,1.0658,597.9,875.34
P0055,durevoli,elettrodomestici,9,1160.88,1199.06,-0.0318,0,0.9883,1.0708,643.5,875.34
P0055,durevoli,elettrodomestici,10,1194.91,1199.06,-0.0035,0,0.9644,1.0748,587.0,875.34
P0055,durevoli,elettrodomestici,11,1209.45,1199.06,0.0087,0,0.9978,1.0777,587.6,875.34
P0055,durevoli,elettrodomestici,12,1159.5,1199.06,-0.033,0,1.0084,1.0794,521.1,875.34
P0055,durevoli,elettrodomestici,13,1224.97,1199.06,0.0216,0,0.9833,1.08,500.4,875.34
P0055,durevoli,elettrodomestici,14,1058.22,1199.06,-0.1175,1,1.0144,1.0794,882.7,875.34
P0055,durevoli,elettrodomestici,15,1265.61,1199.06,0.0555,0,1.0248,1.0777,458.2,875.34
P0055,durevoli,elettrodomestici,16,1214.2,1199.06,0.0126,0,1.0386,1.0748,553.4,875.34
P0055,durevoli,elettrodomestici,17,1209.24,1199.06,0.0085,0,1.0877,1.0708,567.8,875.34
P0055,durevoli,elettrodomestici,18,1079.1,1199.06,-0.1,1,1.0135,1.0658,828.1,875.34
P0055,durevoli,elettrodomestici,19,1166.52,1199.06,-0.0271,0,1.0041,1.0599,550.8,875.34
P0055,durevoli,elettrodomestici,20,1182.78,1199.06,-0.0136,0,0.9565,1.053,555.6,875.34
P0055,durevoli,elettrodomestici,21,1122.03,1199.06,-0.0642,0,1.092,1.0454,654.1,875.34
P0055,durevoli,elettrodomestici,22,1235.74,1199.06,0.0306,0,1.034,1.0372,480.5,875.34
P0055,durevoli,elettrodomestici,23,1220.55,1199.06,0.0179,0,0.9723,1.0284,413.0,875.34
P0055,durevoli,elettrodomestici,24,1253.26,1199.06,0.0452,0,0.9384,1.0191,377.2,875.34
P0055,durevoli,elettrodomestici,25,1181.64,1199.06,-0.0145,0,1.0243,1.0096,561.5,875.34
P0055,durevoli,elettrodomestici,26,1172.53,1199.06,-0.0221,0,1.0641,1.0,550.1,875.34
P0055,durevoli,elettrodomestici,27,1084.09,1199.06,-0.0959,1,0.9989,0.9904,787.7,875.34
P0055,durevoli,elettrodomestici,28,1130.6,1199.06,-0.0571,0,1.0375,0.9809,585.6,875.34
P0055,durevoli,elettrodomestici,29,1220.49,1199.06,0.0179,0,1.0878,0.9716,387.6,875.34
P0055,durevoli,elettrodomestici,30,1103.67,1199.06,-0.0796,1,1.083,0.9628,802.1,875.34
P0055,durevoli,elettrodomestici,31,1213.42,1199.06,0.012,0,1.1151,0.9546,410.2,875.34
P0055,durevoli,elettrodomestici,32,1220.61,1199.06,0.018,0,0.9695,0.947,534.2,875.34
P0055,durevoli,elettrodomestici,33,1140.77,1199.06,-0.0486,0,0.9738,0.9401,546.8,875.34
P0055,durevoli,elettrodomestici,34,1211.74,1199.06,0.0106,0,1.0281,0.9342,375.5,875.34
P0055,durevoli,elettrodomestici,35,1213.71,1199.06,0.0122,0,1.0351,0.9292,403.2,875.34
P0055,durevoli,elettrodomestici,36,1187.14,1199.06,-0.0099,0,1.0364,0.9252,480.9,875.34
P0055,durevoli,elettrodomestici,37,1219.14,1199.06,0.0167,0,0.9794,0.9223,446.2,875.34
P0055,durevoli,elettrodomestici,38,1298.57,1199.06,0.083,0,0.9832,0.9206,355.8,875.34
P0055,durevoli,elettrodomestici,39,1058.79,1199.06,-0.117,1,0.9772,0.92,802.3,875.34
P0055,durevoli,elettrodomestici,40,1211.47,1199.06,0.0103,0,0.9852,0.9206,403.4,875.34
P0055,durevoli,elettrodomestici,41,1175.69,1199.06,-0.0195,0,0.9352,0.9223,542.7,875.34
P0055,durevoli,elettrodomestici,42,1117.82,1199.06,-0.0678,0,1.0145,0.9252,540.0,875.34
P0055,durevoli,elettrodomestici,43,1174.18,1199.06,-0.0207,0,1.0511,0.9292,489.5,875.34
P0055,durevoli,elettrodomestici,44,1168.11,1199.06,-0.0258,0,0.9308,0.9342,499.8,875.34
P0055,durevoli,elettrodomestici,45,1243.32,1199.06,0.0369,0,0.8937,0.9401,388.1,875.34
P0055,durevoli,elettrodomestici,46,1051.07,1199.06,-0.1234,1,1.0131,0.947,813.9,875.34
P0055,durevoli,elettrodomestici,47,1230.74,1199.06,0.0264,0,0.9914,0.9546,550.2,875.34
P0055,durevoli,elettrodomestici,48,1185.97,1199.06,-0.0109,0,0.9932,0.9628,452.9,875.34
P0055,durevoli,elettrodomestici,49,1158.27,1199.06,-0.034,0,0.9605,0.9716,388.3,875.34
P0055,durevoli,elettrodomestici,50,1028.18,1199.06,-0.1425,1,0.9924,0.9809,838.2,875.34
P0055,durevoli,elettrodomestici,51,1157.0,1199.06,-0.0351,0,1.0013,0.9904,572.8,875.34
P0055,durevoli,elettrodomestici,52,1044.27,1199.06,-0.1291,1,1.0632,1.0,901.5,875.34
P0055,durevoli,elettrodomestici,53,1184.62,1199.06,-0.012,0,1.0966,1.0096,514.7,875.34
P0055,durevoli,elettrodomestici,54,1117.06,1199.06,-0.0684,1,0.9954,1.0191,785.5,875.34
P0055,durevoli,elettrodomestici,55,1060.96,1199.06,-0.1152,1,0.9856,1.0284,950.7,875.34
P0055,durevoli,elettrodomestici,56,1221.47,1199.06,0.0187,0,1.022,1.0372,410.2,875.34
P0055,durevoli,elettrodomestici,57,1090.58,1199.06,-0.0905,1,0.987,1.0454,881.2,875.34
P0055,durevoli,elettrodomestici,58,1233.8,1199.06,0.029,0,1.0025,1.053,521.1,875.34
P0055,durevoli,elettrodomestici,59,1200.45,1199.06,0.0012,0,1.0357,1.0599,522.1,875.34
P0055,durevoli,elettrodomestici,60,1192.47,1199.06,-0.0055,0,0.9726,1.0658,423.0,875.34
P0055,durevoli,elettrodomestici,61,1220.75,1199.06,0.0181,0,1.0381,1.0708,413.2,875.34
P0055,durevoli,elettrodomestici,62,1158.17,1199.06,-0.0341,0,0.9939,1.0748,520.5,875.34
P0055,durevoli,elettrodomestici,63,1203.01,1199.06,0.0033,0,1.0339,1.0777,635.9,875.34
P0055,durevoli,elettrodomestici,64,1039.46,1199.06,-0.1331,1,1.0231,1.0794,1147.7,875.34
P0055,durevoli,elettrodomestici,65,1084.67,1199.06,-0.0954,1,0.9203,1.08,859.2,875.34
P0055,durevoli,elettrodomestici,66,1170.52,1199.06,-0.0238,0,0.9989,1.0794,552.6,875.34
P0055,durevoli,elettrodomestici,67,1206.97,1199.06,0.0066,0,0.9913,1.0777,550.1,875.34
P0055,durevoli,elettrodomestici,68,1172.51,1199.06,-0.0221,0,1.0188,1.0748,608.3,875.34
P0055,durevoli,elettrodomestici,69,1198.8,1199.06,-0.0002,0,0.8957,1.0708,543.2,875.34
P0055,durevoli,elettrodomestici,70,1195.44,1199.06,-0.003,0,1.0186,1.0658,600.6,875.34
P0055,durevoli,elettrodomestici,71,1160.4,1199.06,-0.0322,0,0.9342,1.0599,568.8,875.34
P0055,durevoli,elettrodomestici,72,1148.62,1199.06,-0.0421,0,0.9992,1.053,598.4,875.34
P0055,durevoli,elettrodomestici,73,1157.32,1199.06,-0.0348,0,0.9678,1.0454,529.3,875.34
P0055,durevoli,elettrodomestici,74,1185.36,1199.06,-0.0114,0,1.0028,1.0372,665.6,875.34
P0055,durevoli,elettrodomestici,75,1171.66,1199.06,-0.0229,0,1.0339,1.0284,583.7,875.34
P0055,durevoli,elettrodomestici,76,1274.98,1199.06,0.0633,0,1.0159,1.0191,330.4,875.34
P0055,durevoli,elettrodomestici,77,1071.44,1199.06,-0.1064,1,1.0692,1.0096,886.9,875.34
P0055,durevoli,elettrodomestici,78,1255.73,1199.06,0.0473,0,1.047,1.0,410.0,875.34
P0055,durevoli,elettrodomestici,79,1257.49,1199.06,0.0487,0,0.9014,0.9904,443.9,875.34
P0055,durevoli,elettrodomestici,80,1195.34,1199.06,-0.0031,0,1.0324,0.9809,477.0,875.34
P0055,durevoli,elettrodomestici,81,1165.11,1199.06,-0.0283,0,1.0356,0.9716,460.1,875.34
P0055,durevoli,elettrodomestici,82,1204.2,1199.06,0.0043,0,0.9743,0.9628,393.4,875.34
P0055,durevoli,elettrodomestici,83,1231.26,1199.06,0.0269,0,1.001,0.9546,375.5,875.34
P0055,durevoli,elettrodomestici,84,1242.5,1199.06,0.0362,0,1.1107,0.947,492.4,875.34
P0055,durevoli,elettrodomestici,85,1235.07,1199.06,0.03,0,1.0128,0.9401,363.3,875.34
P0055,durevoli,elettrodomestici,86,1279.58,1199.06,0.0672,0,1.0598,0.9342,336.9,875.34
P0055,durevoli,elettrodomestici,87,1219.69,1199.06,0.0172,0,0.9135,0.9292,346.8,875.34
P0055,durevoli,elettrodomestici,88,1206.1,1199.06,0.0059,0,0.9081,0.9252,455.6,875.34
P0055,durevoli,elettrodomestici,89,1189.9,1199.06,-0.0076,0,1.003,0.9223,479.7,875.34
P0055,durevoli,elettrodomestici,90,1129.03,1199.06,-0.0584,0,0.9547,0.9206,484.1,875.34
P0055,durevoli,elettrodomestici,91,1260.62,1199.06,0.0513,0,1.0317,0.92,340.1,875.34
P0055,durevoli,elettrodomestici,92,1048.02,1199.06,-0.126,1,0.9677,0.9206,841.6,875.34
P0055,durevoli,elettrodomestici,93,1250.1,1199.06,0.0426,0,1.009,0.9223,461.9,875.34
P0055,durevoli,elettrodomestici,94,1033.1,1199.06,-0.1384,1,1.012,0.9252,907.2,875.34
P0055,durevoli,elettrodomestici,95,1220.02,1199.06,0.0175,0,1.0272,0.9292,379.9,875.34
P0055,durevoli,elettrodomestici,96,1190.48,1199.06,-0.0072,0,1.0553,0.9342,363.7,875.34
P0055,durevoli,elettrodomestici,97,1254.03,1199.06,0.0458,0,0.9384,0.9401,467.4,875.34
P0055,durevoli,elettrodomestici,98,1160.6,1199.06,-0.0321,0,0.9926,0.947,611.6,875.34
P0055,durevoli,elettrodomestici,99,1126.33,1199.06,-0.0607,0,0.9299,0.9546,592.1,875.34
P0055,durevoli,elettrodomestici,100,1248.92,1199.06,0.0416,0,1.0035,0.9628,414.3,875.34
P0055,durevoli,elettrodomestici,101,1122.59,1199.06,-0.0638,1,1.0069,0.9716,588.5,875.34
P0055,durevoli,elettrodomestici,102,1155.95,1199.06,-0.036,0,1.0219,0.9809,451.2,875.34
P0055,durevoli,elettrodomestici,103,1183.37,1199.06,-0.0131,0,1.1491,0.9904,486.5,875.34
P0056,durevoli,elettronica_consumo,0,950.59,965.61,-0.0156,0,0.9248,1.0,178.0,755.23
P0056,durevoli,elettronica_consumo,1,976.97,965.61,0.0118,0,1.0452,1.0096,153.2,755.23
P0056,durevoli,elettronica_consumo,2,972.5,965.61,0.0071,0,0.9637,1.0191,183.1,755.23
P0056,durevoli,elettronica_consumo,3,983.96,965.61,0.019,0,0.9924,1.0284,194.9,755.23
P0056,durevoli,elettronica_consumo,4,953.82,965.61,-0.0122,0,1.0721,1.0372,163.4,755.23
P0056,durevoli,elettronica_consumo,5,936.28,965.61,-0.0304,0,1.0194,1.0454,230.0,755.23
P0056,durevoli,elettronica_consumo,6,1026.94,965.61,0.0635,0,1.0014,1.053,154.9,755.23
P0056,durevoli,elettronica_consumo,7,1031.56,965.61,0.0683,0,0.9925,1.0599,133.2,755.23
P0056,durevoli,elettronica_consumo,8,978.91,965.61,0.0138,0,1.0399,1.0658,219.7,755.23
P0056,durevoli,elettronica_consumo,9,998.56,965.61,0.0341,0,1.0027,1.0708,187.3,755.23
P0056,durevoli,elettronica_consumo,10,964.93,965.61,-0.0007,0,1.006,1.0748,179.1,755.23
P0056,durevoli,elettronica_consumo,11,898.91,965.61,-0.0691,1,1.0409,1.0777,304.2,755.23
P0056,durevoli,elettronica_consumo,12,1001.19,965.61,0.0368,0,0.9896,1.0794,181.3,755.23
P0056,durevoli,elettronica_consumo,13,933.5,965.61,-0.0332,0,1.1007,1.08,187.0,755.23
P0056,durevoli,elettronica_consumo,14,965.83,965.61,0.0002,0,0.9975,1.0794,160.9,755.23
P0056,durevoli,elettronica_consumo,15,922.07,965.61,-0.0451,0,0.9279,1.0777,242.9,755.23
P0056,durevoli,elettronica_consumo,16,823.1,965.61,-0.1476,1,1.0502,1.0748,386.7,755.23
P0056,durevoli,elettronica_consumo,17,890.79,965.61,-0.0775,1,0.9918,1.0708,304.8,755.23
P0056,durevoli,elettronica_consumo,18,924.68,965.61,-0.0424,0,1.0585,1.0658,221.7,755.23
P0056,durevoli,elettronica_consumo,19,891.96,965.61,-0.0763,1,1.0949,1.0599,297.9,755.23
P0056,durevoli,elettronica_consumo,20,961.84,965.61,-0.0039,0,0.9584,1.053,187.5,755.23
P0056,durevoli,elettronica_consumo,21,925.18,965.61,-0.0419,0,0.8869,1.0454,207.4,755.23
P0056,durevoli,elettronica_consumo,22,954.79,965.61,-0.0112,0,1.0347,1.0372,170.7,755.23
P0056,durevoli,elettronica_consumo,23,963.32,965.61,-0.0024,0,0.9586,1.0284,184.5,755.23
P0056,durevoli,elettronica_consumo,24,962.08,965.61,-0.0037,0,0.9827,1.0191,179.2,755.23
P0056,durevoli,elettronica_consumo,25,972.36,965.61,0.007,0,1.0252,1.0096,160.5,755.23
P0056,durevoli,elettronica_consumo,26,956.32,965.61,-0.0096,0,1.0015,1.0,193.2,755.23
P0056,durevoli,elettronica_consumo,27,952.16,965.61,-0.0139,0,0.9757,0.9904,168.4,755.23
P0056,durevoli,elettronica_consumo,28,953.31,965.61,-0.0127,0,1.0749,0.9809,243.7,755.23
P0056,durevoli,elettronica_consumo,29,975.55,965.61,0.0103,0,1.0519,0.9716,159.9,755.23
P0056,durevoli,elettronica_consumo,30,1024.35,965.61,0.0608,0,1.0343,0.9628,150.2,755.23
P0056,durevoli,elettronica_consumo,31,886.84,965.61,-0.0816,1,0.9976,0.9546,229.7,755.23
P0056,durevoli,elettronica_consumo,32,1006.33,965.61,0.0422,0,1.0341,0.947,145.4,755.23
P0056,durevoli,elettronica_consumo,33,960.3,965.61,-0.0055,0,1.0494,0.9401,170.7,755.23
P0056,durevoli,elettronica_consumo,34,991.06,965.61,0.0264,0,1.0023,0.9342,149.3,755.23
P0056,durevoli,elettronica_consumo,35,941.09,965.61,-0.0254,0,0.9317,0.9292,179.5,755.23
P0056,durevoli,elettronica_consumo,36,897.92,965.61,-0.0701,1,0.9956,0.9252,244.1,755.23
P0056,durevoli,elettronica_consumo,37,1024.36,965.61,0.0608,0,1.0331,0.9223,178.3,755.23
P0056,durevoli,elettronica_consumo,38,992.1,965.61,0.0274,0,0.9808,0.9206,140.1,755.23
P0056,durevoli,elettronica_consumo,39,939.65,965.61,-0.0269,0,0.8884,0.92,157.9,755.23
P0056,durevoli,elettronica_consumo,40,933.46,965.61,-0.0333,0,0.9571,0.9206,175.7,755.23
P0056,durevoli,elettronica_consumo,41,1006.03,965.61,0.0419,0,0.9062,0.9223,142.7,755.23
P0056,durevoli,elettronica_consumo,42,993.5,965.61,0.0289,0,1.0176,0.9252,173.1,755.23
P0056,durevoli,elettronica_consumo,43,949.9,965.61,-0.0163,0,1.0206,0.9292,191.1,755.23
P0056,durevoli,elettronica_consumo,44,976.49,965.61,0.0113,0,1.0116,0.9342,157.7,755.23
P0056,durevoli,elettronica_consumo,45,1034.38,965.61,0.0712,0,0.9879,0.9401,131.8,755.23
P0056,durevoli,elettronica_consumo,46,978.77,965.61,0.0136,0,0.8939,0.947,157.0,755.23
P0056,durevoli,elettronica_consumo,47,947.83,965.61,-0.0184,0,1.0093,0.9546,224.8,755.23
P0056,durevoli,elettronica_consumo,48,830.66,965.61,-0.1398,1,0.9295,0.9628,298.5,755.23
P0056,durevoli,elettronica_consumo,49,969.1,965.61,0.0036,0,0.9853,0.9716,193.1,755.23
P0056,durevoli,elettronica_consumo,50,958.6,965.61,-0.0073,0,1.0109,0.9809,181.5,755.23
P0056,durevoli,elettronica_consumo,51,884.12,965.61,-0.0844,0,1.0042,0.9904,212.2,755.23
P0056,durevoli,elettronica_consumo,52,990.04,965.61,0.0253,0,1.012,1.0,169.9,755.23
P0056,durevoli,elettronica_consumo,53,1004.49,965.61,0.0403,0,1.0138,1.0096,206.1,755.23
P0056,durevoli,elettronica_consumo,54,925.55,965.61,-0.0415,0,0.9995,1.0191,189.2,755.23
P0056,durevoli,elettronica_consumo,55,943.56,965.61,-0.0228,0,1.0172,1.0284,188.9,755.23
P0056,durevoli,elettronica_consumo,56,967.04,965.61,0.0015,0,1.0062,1.0372,196.4,755.23
P0056,durevoli,elettronica_consumo,57,995.14,965.61,0.0306,0,0.9455,1.0454,159.0,755.23
P0056,durevoli,elettronica_consumo,58,931.01,965.61,-0.0358,0,0.9671,1.053,173.4,755.23
P0056,durevoli,elettronica_consumo,59,970.29,965.61,0.0048,0,1.0353,1.0599,182.2,755.23
P0056,durevoli,elettronica_consumo,60,923.61,965.61,-0.0435,0,0.9636,1.0658,172.9,755.23
P0056,durevoli,elettronica_consumo,61,992.85,965.61,0.0282,0,0.998,1.0708,183.5,755.23
P0056,durevoli,elettronica_consumo,62,847.06,965.61,-0.1228,1,1.0697,1.0748,289.0,755.23
P0056,durevoli,elettronica_consumo,63,949.8,965.61,-0.0164,0,1.0324,1.0777,165.0,755.23
P0056,durevoli,elettronica_consumo,64,984.6,965.61,0.0197,0,1.0875,1.0794,178.3,755.23
P0056,durevoli,elettronica_consumo,65,987.82,965.61,0.023,0,1.0515,1.08,163.2,755.23
P0056,durevoli,elettronica_consumo,66,903.89,965.61,-0.0639,0,1.0131,1.0794,267.8,755.23
P0056,durevoli,elettronica_consumo,67,956.41,965.61,-0.0095,0,0.9826,1.0777,242.5,755.23
P0056,durevoli,elettronica_consumo,68,979.95,965.61,0.0149,0,1.0449,1.0748,200.4,755.23
P0056,durevoli,elettronica_consumo,69,989.22,965.61,0.0244,0,0.949,1.0708,172.1,755.23
P0056,durevoli,elettronica_consumo,70,968.35,965.61,0.0028,0,1.0551,1.0658,215.7,755.23
P0056,durevoli,elettronica_consumo,71,892.01,965.61,-0.0762,0,1.0581,1.0599,261.1,755.23
P0056,durevoli,elettronica_consumo,72,978.87,965.61,0.0137,0,1.0447,1.053,197.0,755.23
P0056,durevoli,elettronica_consumo,73,997.91,965.61,0.0335,0,0.9827,1.0454,172.7,755.23
P0056,durevoli,elettronica_consumo,74,873.56,965.61,-0.0953,1,0.9629,1.0372,381.2,755.23
P0056,durevoli,elettronica_consumo,75,978.11,965.61,0.0129,0,1.029,1.0284,172.5,755.23
P0056,durevoli,elettronica_consumo,76,976.73,965.61,0.0115,0,0.9565,1.0191,184.1,755.23
P0056,durevoli,elettronica_consumo,77,854.05,965.61,-0.1155,1,1.0215,1.0096,276.4,755.23
P0056,durevoli,elettronica_consumo,78,934.35,965.61,-0.0324,0,1.0129,1.0,184.5,755.23
P0056,durevoli,elettronica_consumo,79,937.24,965.61,-0.0294,0,1.1217,0.9904,188.4,755.23
P0056,durevoli,elettronica_consumo,80,945.17,965.61,-0.0212,0,1.0236,0.9809,167.3,755.23
P0056,durevoli,elettronica_consumo,81,964.51,965.61,-0.0011,0,0.998,0.9716,161.6,755.23
P0056,durevoli,elettronica_consumo,82,952.4,965.61,-0.0137,0,0.9765,0.9628,161.7,755.23
P0056,durevoli,elettronica_consumo,83,1040.85,965.61,0.0779,0,1.0666,0.9546,173.7,755.23
P0056,durevoli,elettronica_consumo,84,912.94,965.61,-0.0545,1,1.0114,0.947,267.9,755.23
P0056,durevoli,elettronica_consumo,85,954.01,965.61,-0.012,0,1.036,0.9401,179.2,755.23
P0056,durevoli,elettronica_consumo,86,961.42,965.61,-0.0043,0,1.0436,0.9342,170.3,755.23
P0056,durevoli,elettronica_consumo,87,940.21,965.61,-0.0263,0,1.0128,0.9292,171.4,755.23
P0056,durevoli,elettronica_consumo,88,942.65,965.61,-0.0238,0,1.0457,0.9252,178.8,755.23
P0056,durevoli,elettronica_consumo,89,1034.92,965.61,0.0718,0,1.0237,0.9223,155.8,755.23
P0056,durevoli,elettronica_consumo,90,912.35,965.61,-0.0552,1,0.947,0.9206,238.6,755.23
P0056,durevoli,elettronica_consumo,91,882.71,965.61,-0.0858,1,1.0158,0.92,245.4,755.23
P0056,durevoli,elettronica_consumo,92,864.43,965.61,-0.1048,1,1.0693,0.9206,255.3,755.23
P0056,durevoli,elettronica_consumo,93,984.02,965.61,0.0191,0,1.0055,0.9223,146.9,755.23
P0056,durevoli,elettronica_consumo,94,964.24,965.61,-0.0014,0,0.9997,0.9252,190.3,755.23
P0056,durevoli,elettronica_consumo,95,964.45,965.61,-0.0012,0,1.0426,0.9292,163.1,755.23
P0056,durevoli,elettronica_consumo,96,970.72,965.61,0.0053,0,1.0295,0.9342,152.4,755.23
P0056,durevoli,elettronica_consumo,97,996.26,965.61,0.0317,0,1.0752,0.9401,132.9,755.23
P0056,durevoli,elettronica_consumo,98,950.44,965.61,-0.0157,0,1.0442,0.947,177.1,755.23
P0056,durevoli,elettronica_consumo,99,824.58,965.61,-0.146,1,1.0769,0.9546,378.0,755.23
P0056,durevoli,elettronica_consumo,100,966.86,965.61,0.0013,0,1.0047,0.9628,167.6,755.23
P0056,durevoli,elettronica_consumo,101,936.12,965.61,-0.0305,0,0.992,0.9716,177.2,755.23
P0056,durevoli,elettronica_consumo,102,994.64,965.61,0.0301,0,1.0531,0.9809,147.0,755.23
P0056,durevoli,elettronica_consumo,103,901.65,965.61,-0.0662,1,1.0012,0.9904,253.1,755.23
P0057,durevoli,elettronica_consumo,0,788.49,786.22,0.0029,0,0.9961,1.0,532.7,509.24
P0057,durevoli,elettronica_consumo,1,823.73,786.22,0.0477,0,0.9711,1.0096,621.0,509.24
P0057,durevoli,elettronica_consumo,2,792.83,786.22,0.0084,0,1.0286,1.0191,537.4,509.24
P0057,durevoli,elettronica_consumo,3,801.22,786.22,0.0191,0,0.9898,1.0284,634.9,509.24
P0057,durevoli,elettronica_consumo,4,770.66,786.22,-0.0198,0,1.0281,1.0372,697.8,509.24
P0057,durevoli,elettronica_consumo,5,699.62,786.22,-0.1101,1,0.9874,1.0454,1342.4,509.24
P0057,durevoli,elettronica_consumo,6,762.22,786.22,-0.0305,0,0.9535,1.053,806.1,509.24
P0057,durevoli,elettronica_consumo,7,699.43,786.22,-0.1104,1,1.0675,1.0599,1269.4,509.24
P0057,durevoli,elettronica_consumo,8,758.27,786.22,-0.0355,0,1.0935,1.0658,613.0,509.24
P0057,durevoli,elettronica_consumo,9,796.47,786.22,0.013,0,0.9891,1.0708,615.1,509.24
P0057,durevoli,elettronica_consumo,10,780.43,786.22,-0.0074,0,1.0339,1.0748,678.0,509.24
P0057,durevoli,elettronica_consumo,11,758.1,786.22,-0.0358,0,1.0107,1.0777,600.5,509.24
P0057,durevoli,elettronica_consumo,12,790.55,786.22,0.0055,0,0.9652,1.0794,525.3,509.24
P0057,durevoli,elettronica_consumo,13,675.55,786.22,-0.1408,1,1.0247,1.08,1263.4,509.24
P0057,durevoli,elettronica_consumo,14,801.01,786.22,0.0188,0,1.0483,1.0794,583.3,509.24
P0057,durevoli,elettronica_consumo,15,824.36,786.22,0.0485,0,1.0129,1.0777,523.8,509.24
P0057,durevoli,elettronica_consumo,16,759.04,786.22,-0.0346,0,1.0641,1.0748,750.2,509.24
P0057,durevoli,elettronica_consumo,17,769.97,786.22,-0.0207,0,1.0812,1.0708,638.9,509.24
P0057,durevoli,elettronica_consumo,18,770.43,786.22,-0.0201,0,1.0786,1.0658,570.7,509.24
P0057,durevoli,elettronica_consumo,19,865.98,786.22,0.1014,0,1.0471,1.0599,373.5,509.24
P0057,durevoli,elettronica_consumo,20,704.36,786.22,-0.1041,1,1.0049,1.053,1254.2,509.24
P0057,durevoli,elettronica_consumo,21,734.1,786.22,-0.0663,0,0.9337,1.0454,763.7,509.24
P0057,durevoli,elettronica_consumo,22,810.6,786.22,0.031,0,1.0186,1.0372,447.8,509.24
P0057,durevoli,elettronica_consumo,23,787.29,786.22,0.0014,0,0.995,1.0284,559.1,509.24
P0057,durevoli,elettronica_consumo,24,734.01,786.22,-0.0664,1,0.9511,1.0191,1115.9,509.24
P0057,durevoli,elettronica_consumo,25,778.62,786.22,-0.0097,0,0.998,1.0096,644.7,509.24
P0057,durevoli,elettronica_consumo,26,813.13,786.22,0.0342,0,0.971,1.0,484.4,509.24
P0057,durevoli,elettronica_consumo,27,759.55,786.22,-0.0339,0,1.036,0.9904,723.2,509.24
P0057,durevoli,elettronica_consumo,28,782.99,786.22,-0.0041,0,1.1063,0.9809,561.9,509.24
P0057,durevoli,elettronica_consumo,29,776.96,786.22,-0.0118,0,1.0076,0.9716,645.4,509.24
P0057,durevoli,elettronica_consumo,30,728.2,786.22,-0.0738,0,1.0257,0.9628,647.3,509.24
P0057,durevoli,elettronica_consumo,31,786.18,786.22,-0.0,0,1.0472,0.9546,481.0,509.24
P0057,durevoli,elettronica_consumo,32,776.86,786.22,-0.0119,0,0.9259,0.947,640.5,509.24
P0057,durevoli,elettronica_consumo,33,816.42,786.22,0.0384,0,1.0212,0.9401,446.2,509.24
P0057,durevoli,elettronica_consumo,34,794.96,786.22,0.0111,0,0.98,0.9342,523.1,509.24
P0057,durevoli,elettronica_consumo,35,741.71,786.22,-0.0566,1,1.0173,0.9292,602.8,509.24
P0057,durevoli,elettronica_consumo,36,801.75,786.22,0.0198,0,0.9791,0.9252,436.2,509.24
P0057,durevoli,elettronica_consumo,37,775.32,786.22,-0.0139,0,0.9506,0.9223,452.0,509.24
P0057,durevoli,elettronica_consumo,38,806.55,786.22,0.0259,0,0.9789,0.9206,527.6,509.24
P0057,durevoli,elettronica_consumo,39,795.99,786.22,0.0124,0,0.9937,0.92,497.2,509.24
P0057,durevoli,elettronica_consumo,40,743.02,786.22,-0.0549,1,0.9385,0.9206,891.1,509.24
P0057,durevoli,elettronica_consumo,41,697.73,786.22,-0.1126,1,0.9723,0.9223,957.1,509.24
P0057,durevoli,elettronica_consumo,42,781.38,786.22,-0.0062,0,0.9974,0.9252,474.8,509.24
P0057,durevoli,elettronica_consumo,43,787.59,786.22,0.0017,0,0.8235,0.9292,514.6,509.24
P0057,durevoli,elettronica_consumo,44,807.69,786.22,0.0273,0,1.0524,0.9342,538.9,509.24
P0057,durevoli,elettronica_consumo,45,754.98,786.22,-0.0397,0,0.9593,0.9401,645.2,509.24
P0057,durevoli,elettronica_consumo,46,824.57,786.22,0.0488,0,0.9835,0.947,469.9,509.24
P0057,durevoli,elettronica_consumo,47,712.49,786.22,-0.0938,1,0.9047,0.9546,1125.3,509.24
P0057,durevoli,elettronica_consumo,48,801.94,786.22,0.02,0,1.0032,0.9628,531.5,509.24
P0057,durevoli,elettronica_consumo,49,780.62,786.22,-0.0071,0,0.9954,0.9716,592.4,509.24
P0057,durevoli,elettronica_consumo,50,863.58,786.22,0.0984,0,1.0841,0.9809,308.2,509.24
P0057,durevoli,elettronica_consumo,51,775.05,786.22,-0.0142,0,1.064,0.9904,569.7,509.24
P0057,durevoli,elettronica_consumo,52,721.91,786.22,-0.0818,0,0.9243,1.0,1018.0,509.24
P0057,durevoli,elettronica_consumo,53,713.36,786.22,-0.0927,1,1.0121,1.0096,923.4,509.24
P0057,durevoli,elettronica_consumo,54,723.71,786.22,-0.0795,1,0.9606,1.0191,950.3,509.24
P0057,durevoli,elettronica_consumo,55,798.99,786.22,0.0162,0,1.0319,1.0284,542.9,509.24
P0057,durevoli,elettronica_consumo,56,762.18,786.22,-0.0306,0,0.9634,1.0372,695.4,509.24
P0057,durevoli,elettronica_consumo,57,785.84,786.22,-0.0005,0,0.9918,1.0454,687.3,509.24
P0057,durevoli,elettronica_consumo,58,768.99,786.22,-0.0219,0,0.912,1.053,596.0,509.24
P0057,durevoli,elettronica_consumo,59,809.11,786.22,0.0291,0,1.046,1.0599,471.8,509.24
P0057,durevoli,elettronica_consumo,60,745.52,786.22,-0.0518,0,1.0067,1.0658,738.9,509.24
P0057,durevoli,elettronica_consumo,61,799.9,786.22,0.0174,0,1.0305,1.0708,469.1,509.24
P0057,durevoli,elettronica_consumo,62,812.33,786.22,0.0332,0,0.9731,1.0748,438.4,509.24
P0057,durevoli,elettronica_consumo,63,700.47,786.22,-0.1091,1,1.0531,1.0777,1199.7,509.24
P0057,durevoli,elettronica_consumo,64,727.08,786.22,-0.0752,1,0.9349,1.0794,1233.8,509.24
P0057,durevoli,elettronica_consumo,65,790.69,786.22,0.0057,0,1.0086,1.08,566.3,509.24
P0057,durevoli,elettronica_consumo,66,776.04,786.22,-0.0129,0,0.9493,1.0794,812.0,509.24
P0057,durevoli,elettronica_consumo,67,818.11,786.22,0.0406,0,1.0514,1.0777,542.7,509.24
P0057,durevoli,elettronica_consumo,68,791.55,786.22,0.0068,0,1.0286,1.0748,597.8,509.24
P0057,durevoli,elettronica_consumo,69,736.18,786.22,-0.0636,0,1.0754,1.0708,572.0,509.24
P0057,durevoli,elettronica_consumo,70,719.16,786.22,-0.0853,1,1.008,1.0658,934.2,509.24
P0057,durevoli,elettronica_consumo,71,791.89,786.22,0.0072,0,1.1381,1.0599,590.6,509.24
P0057,durevoli,elettronica_consumo,72,744.98,786.22,-0.0525,0,1.051,1.053,756.4,509.24
P0057,durevoli,elettronica_consumo,73,689.52,786.22,-0.123,1,1.0853,1.0454,1280.2,509.24
P0057,durevoli,elettronica_consumo,74,733.55,786.22,-0.067,1,1.0409,1.0372,1016.8,509.24
P0057,durevoli,elettronica_consumo,75,800.38,786.22,0.018,0,0.9459,1.0284,570.0,509.24
P0057,durevoli,elettronica_consumo,76,778.47,786.22,-0.0099,0,0.9728,1.0191,718.0,509.24
P0057,durevoli,elettronica_consumo,77,820.92,786.22,0.0441,0,1.1448,1.0096,482.9,509.24
P0057,durevoli,elettronica_consumo,78,766.97,786.22,-0.0245,0,1.0627,1.0,565.3,509.24
P0057,durevoli,elettronica_consumo,79,800.99,786.22,0.0188,0,1.0347,0.9904,445.7,509.24
P0057,durevoli,elettronica_consumo,80,803.05,786.22,0.0214,0,0.9816,0.9809,430.5,509.24
P0057,durevoli,elettronica_consumo,81,708.66,786.22,-0.0986,1,1.0088,0.9716,1103.0,509.24
P0057,durevoli,elettronica_consumo,82,732.57,786.22,-0.0682,1,0.9795,0.9628,1005.2,509.24
P0057,durevoli,elettronica_consumo,83,775.35,786.22,-0.0138,0,0.9248,0.9546,567.5,509.24
P0057,durevoli,elettronica_consumo,84,687.92,786.22,-0.125,1,1.0537,0.947,998.2,509.24
P0057,durevoli,elettronica_consumo,85,807.91,786.22,0.0276,0,0.9044,0.9401,471.9,509.24
P0057,durevoli,elettronica_consumo,86,791.39,786.22,0.0066,0,0.978,0.9342,535.6,509.24
P0057,durevoli,elettronica_consumo,87,783.26,786.22,-0.0038,0,0.8881,0.9292,611.0,509.24
P0057,durevoli,elettronica_consumo,88,785.31,786.22,-0.0012,0,0.901,0.9252,506.2,509.24
P0057,durevoli,elettronica_consumo,89,742.31,786.22,-0.0558,1,0.9932,0.9223,766.5,509.24
P0057,durevoli,elettronica_consumo,90,733.26,786.22,-0.0674,1,1.0128,0.9206,807.2,509.24
P0057,durevoli,elettronica_consumo,91,773.7,786.22,-0.0159,0,0.9876,0.92,593.7,509.24
P0057,durevoli,elettronica_consumo,92,826.35,786.22,0.051,0,1.0292,0.9206,307.1,509.24
P0057,durevoli,elettronica_consumo,93,814.86,786.22,0.0364,0,1.0194,0.9223,430.0,509.24
P0057,durevoli,elettronica_consumo,94,791.13,786.22,0.0062,0,1.0385,0.9252,430.0,509.24
P0057,durevoli,elettronica_consumo,95,831.31,786.22,0.0574,0,1.0016,0.9292,505.0,509.24
P0057,durevoli,elettronica_consumo,96,772.68,786.22,-0.0172,0,0.9401,0.9342,547.2,509.24
P0057,durevoli,elettronica_consumo,97,820.31,786.22,0.0434,0,1.1136,0.9401,446.5,509.24
P0057,durevoli,elettronica_consumo,98,766.63,786.22,-0.0249,0,0.8747,0.947,588.0,509.24
P0057,durevoli,elettronica_consumo,99,739.56,786.22,-0.0593,1,0.9059,0.9546,785.7,509.24
P0057,durevoli,elettronica_consumo,100,796.47,786.22,0.013,0,0.9976,0.9628,646.0,509.24
P0057,durevoli,elettronica_consumo,101,767.39,786.22,-0.024,0,1.0805,0.9716,746.1,509.24
P0057,durevoli,elettronica_consumo,102,787.47,786.22,0.0016,0,0.9975,0.9809,509.2,509.24
P0057,durevoli,elettronica_consumo,103,822.52,786.22,0.0462,0,1.0219,0.9904,437.3,509.24
P0058,durevoli,arredamento,0,859.6,883.03,-0.0265,0,0.9918,1.0,714.9,536.91
P0058,durevoli,arredamento,1,910.9,883.03,0.0316,0,1.0098,1.0096,547.1,536.91
P0058,durevoli,arredamento,2,909.09,883.03,0.0295,0,0.9298,1.0191,479.7,536.91
P0058,durevoli,arredamento,3,894.03,883.03,0.0125,0,1.0682,1.0284,586.0,536.91
P0058,durevoli,arredamento,4,861.19,883.03,-0.0247,0,0.9731,1.0372,636.8,536.91
P0058,durevoli,arredamento,5,918.86,883.03,0.0406,0,0.8615,1.0454,509.9,536.91
P0058,durevoli,arredamento,6,873.38,883.03,-0.0109,0,1.0536,1.053,834.9,536.91
P0058,durevoli,arredamento,7,919.16,883.03,0.0409,0,1.121,1.0599,575.7,536.91
P0058,durevoli,arredamento,8,910.92,883.03,0.0316,0,1.0592,1.0658,565.1,536.91
P0058,durevoli,arredamento,9,936.11,883.03,0.0601,0,0.9865,1.0708,603.5,536.91
P0058,durevoli,arredamento,10,939.49,883.03,0.0639,0,0.9575,1.0748,468.5,536.91
P0058,durevoli,arredamento,11,848.1,883.03,-0.0396,0,1.0058,1.0777,867.9,536.91
P0058,durevoli,arredamento,12,895.46,883.03,0.0141,0,1.0606,1.0794,605.3,536.91
P0058,durevoli,arredamento,13,874.91,883.03,-0.0092,0,0.9581,1.08,659.6,536.91
P0058,durevoli,arredamento,14,867.17,883.03,-0.018,0,1.0233,1.0794,812.9,536.91
P0058,durevoli,arredamento,15,766.32,883.03,-0.1322,1,1.0789,1.0777,1159.7,536.91
P0058,durevoli,arredamento,16,869.9,883.03,-0.0149,0,0.9259,1.0748,691.9,536.91
P0058,durevoli,arredamento,17,898.0,883.03,0.017,0,0.9222,1.0708,609.3,536.91
P0058,durevoli,arredamento,18,756.12,883.03,-0.1437,1,0.9803,1.0658,1211.0,536.91
P0058,durevoli,arredamento,19,873.09,883.03,-0.0113,0,1.0055,1.0599,631.0,536.91
P0058,durevoli,arredamento,20,798.46,883.03,-0.0958,1,1.0418,1.053,1008.7,536.91
P0058,durevoli,arredamento,21,854.71,883.03,-0.0321,0,0.9629,1.0454,671.7,536.91
P0058,durevoli,arredamento,22,781.49,883.03,-0.115,1,1.0446,1.0372,1117.7,536.91
P0058,durevoli,arredamento,23,802.87,883.03,-0.0908,1,0.9599,1.0284,1346.7,536.91
P0058,durevoli,arredamento,24,887.66,883.03,0.0052,0,1.0771,1.0191,602.0,536.91
P0058,durevoli,arredamento,25,837.84,883.03,-0.0512,1,0.9779,1.0096,920.2,536.91
P0058,durevoli,arredamento,26,906.82,883.03,0.0269,0,1.0338,1.0,613.7,536.91
P0058,durevoli,arredamento,27,816.79,883.03,-0.075,0,1.0721,0.9904,675.2,536.91
P0058,durevoli,arredamento,28,888.62,883.03,0.0063,0,1.0024,0.9809,495.1,536.91
P0058,durevoli,arredamento,29,756.16,883.03,-0.1437,1,1.0413,0.9716,984.0,536.91
P0058,durevoli,arredamento,30,774.75,883.03,-0.1226,1,0.9486,0.9628,1005.9,536.91
P0058,durevoli,arredamento,31,891.77,883.03,0.0099,0,0.9476,0.9546,553.3,536.91
P0058,durevoli,arredamento,32,843.68,883.03,-0.0446,0,1.0107,0.947,590.9,536.91
P0058,durevoli,arredamento,33,905.38,883.03,0.0253,0,0.9912,0.9401,569.7,536.91
P0058,durevoli,arredamento,34,911.09,883.03,0.0318,0,1.0202,0.9342,567.5,536.91
P0058,durevoli,arredamento,35,831.5,883.03,-0.0584,0,0.9604,0.9292,645.2,536.91
P0058,durevoli,arredamento,36,894.09,883.03,0.0125,0,0.9597,0.9252,665.5,536.91
P0058,durevoli,arredamento,37,805.85,883.03,-0.0874,1,0.9665,0.9223,804.4,536.91
P0058,durevoli,arredamento,38,883.88,883.03,0.001,0,0.9957,0.9206,658.3,536.91
P0058,durevoli,arredamento,39,880.37,883.03,-0.003,0,1.0408,0.92,535.2,536.91
P0058,durevoli,arredamento,40,836.49,883.03,-0.0527,1,0.9364,0.9206,816.0,536.91
P0058,durevoli,arredamento,41,765.27,883.03,-0.1334,1,1.0061,0.9223,1096.8,536.91
P0058,durevoli,arredamento,42,867.0,883.03,-0.0182,0,1.0108,0.9252,510.3,536.91
P0058,durevoli,arredamento,43,861.43,883.03,-0.0245,0,0.9698,0.9292,630.4,536.91
P0058,durevoli,arredamento,44,868.28,883.03,-0.0167,0,0.9548,0.9342,513.3,536.91
P0058,durevoli,arredamento,45,945.64,883.03,0.0709,0,1.0283,0.9401,378.8,536.91
P0058,durevoli,arredamento,46,859.58,883.03,-0.0266,0,0.9998,0.947,565.4,536.91
P0058,durevoli,arredamento,47,768.84,883.03,-0.1293,1,1.0157,0.9546,1004.6,536.91
P0058,durevoli,arredamento,48,892.1,883.03,0.0103,0,1.0627,0.9628,597.4,536.91
P0058,durevoli,arredamento,49,973.16,883.03,0.1021,0,1.0278,0.9716,392.5,536.91
P0058,durevoli,arredamento,50,821.89,883.03,-0.0692,1,1.0296,0.9809,961.7,536.91
P0058,durevoli,arredamento,51,909.86,883.03,0.0304,0,0.9576,0.9904,681.9,536.91
P0058,durevoli,arredamento,52,907.78,883.03,0.028,0,1.0019,1.0,542.2,536.91
P0058,durevoli,arredamento,53,877.02,883.03,-0.0068,0,0.8907,1.0096,729.1,536.91
P0058,durevoli,arredamento,54,831.21,883.03,-0.0587,0,1.0445,1.0191,726.0,536.91
P0058,durevoli,arredamento,55,898.26,883.03,0.0172,0,0.9129,1.0284,571.9,536.91
P0058,durevoli,arredamento,56,751.12,883.03,-0.1494,1,0.9316,1.0372,1346.8,536.91
P0058,durevoli,arredamento,57,895.62,883.03,0.0143,0,0.9885,1.0454,811.5,536.91
P0058,durevoli,arredamento,58,906.93,883.03,0.0271,0,1.0122,1.053,724.1,536.91
P0058,durevoli,arredamento,59,901.61,883.03,0.021,0,1.0253,1.0599,513.7,536.91
P0058,durevoli,arredamento,60,874.51,883.03,-0.0096,0,1.0479,1.0658,664.8,536.91
P0058,durevoli,arredamento,61,925.44,883.03,0.048,0,0.9009,1.0708,464.3,536.91
P0058,durevoli,arredamento,62,827.63,883.03,-0.0627,1,0.9952,1.0748,1090.6,536.91
P0058,durevoli,arredamento,63,803.37,883.03,-0.0902,1,0.9937,1.0777,1124.6,536.91
P0058,durevoli,arredamento,64,893.47,883.03,0.0118,0,1.0842,1.0794,503.2,536.91
P0058,durevoli,arredamento,65,889.15,883.03,0.0069,0,1.0024,1.08,592.4,536.91
P0058,durevoli,arredamento,66,930.32,883.03,0.0536,0,0.9965,1.0794,720.3,536.91
P0058,durevoli,arredamento,67,874.08,883.03,-0.0101,0,1.0276,1.0777,663.3,536.91
P0058,durevoli,arredamento,68,846.94,883.03,-0.0409,0,0.9099,1.0748,753.9,536.91
P0058,durevoli,arredamento,69,891.87,883.03,0.01,0,1.0336,1.0708,649.8,536.91
P0058,durevoli,arredamento,70,891.72,883.03,0.0098,0,1.0658,1.0658,620.2,536.91
P0058,durevoli,arredamento,71,872.71,883.03,-0.0117,0,1.0278,1.0599,802.7,536.91
P0058,durevoli,arredamento,72,894.19,883.03,0.0126,0,0.9534,1.053,632.4,536.91
P0058,durevoli,arredamento,73,875.82,883.03,-0.0082,0,1.0316,1.0454,723.6,536.91
P0058,durevoli,arredamento,74,759.21,883.03,-0.1402,1,1.0713,1.0372,1362.7,536.91
P0058,durevoli,arredamento,75,861.67,883.03,-0.0242,0,1.0493,1.0284,835.4,536.91
P0058,durevoli,arredamento,76,885.95,883.03,0.0033,0,0.9467,1.0191,544.0,536.91
P0058,durevoli,arredamento,77,887.07,883.03,0.0046,0,0.983,1.0096,612.0,536.91
P0058,durevoli,arredamento,78,877.85,883.03,-0.0059,0,0.9523,1.0,612.9,536.91
P0058,durevoli,arredamento,79,887.71,883.03,0.0053,0,0.9861,0.9904,585.3,536.91
P0058,durevoli,arredamento,80,903.26,883.03,0.0229,0,0.9851,0.9809,550.8,536.91
P0058,durevoli,arredamento,81,844.62,883.03,-0.0435,0,0.9805,0.9716,776.5,536.91
P0058,durevoli,arredamento,82,887.04,883.03,0.0045,0,0.9538,0.9628,488.7,536.91
P0058,durevoli,arredamento,83,904.69,883.03,0.0245,0,1.0104,0.9546,638.0,536.91
P0058,durevoli,arredamento,84,888.57,883.03,0.0063,0,0.9153,0.947,559.9,536.91
P0058,durevoli,arredamento,85,850.84,883.03,-0.0365,0,1.0421,0.9401,739.8,536.91
P0058,durevoli,arredamento,86,897.46,883.03,0.0163,0,1.079,0.9342,536.4,536.91
P0058,durevoli,arredamento,87,828.2,883.03,-0.0621,0,1.0299,0.9292,713.1,536.91
P0058,durevoli,arredamento,88,853.23,883.03,-0.0338,0,1.0302,0.9252,585.3,536.91
P0058,durevoli,arredamento,89,892.63,883.03,0.0109,0,1.0028,0.9223,513.4,536.91
P0058,durevoli,arredamento,90,907.85,883.03,0.0281,0,1.0267,0.9206,471.1,536.91
P0058,durevoli,arredamento,91,903.36,883.03,0.023,0,1.0193,0.92,508.8,536.91
P0058,durevoli,arredamento,92,825.75,883.03,-0.0649,1,1.0121,0.9206,1020.2,536.91
P0058,durevoli,arredamento,93,784.55,883.03,-0.1115,1,0.9702,0.9223,1048.3,536.91
P0058,durevoli,arredamento,94,923.5,883.03,0.0458,0,0.9568,0.9252,446.8,536.91
P0058,durevoli,arredamento,95,939.73,883.03,0.0642,0,0.9905,0.9292,419.7,536.91
P0058,durevoli,arredamento,96,854.86,883.03,-0.0319,0,1.0264,0.9342,648.7,536.91
P0058,durevoli,arredamento,97,864.62,883.03,-0.0208,0,1.093,0.9401,817.1,536.91
P0058,durevoli,arredamento,98,931.22,883.03,0.0546,0,1.0886,0.947,613.3,536.91
P0058,durevoli,arredamento,99,830.76,883.03,-0.0592,1,1.0917,0.9546,759.1,536.91
P0058,durevoli,arredamento,100,851.95,883.03,-0.0352,0,0.9934,0.9628,500.2,536.91
P0058,durevoli,arredamento,101,800.27,883.03,-0.0937,1,0.9402,0.9716,1110.1,536.91
P0058,durevoli,arredamento,102,900.86,883.03,0.0202,0,1.0234,0.9809,528.0,536.91
P0058,durevoli,arredamento,103,897.0,883.03,0.0158,0,0.9841,0.9904,452.7,536.91
P0059,durevoli,elettrodomestici,0,775.69,811.51,-0.0441,0,1.019,1.0,706.7,512.1
P0059,durevoli,elettrodomestici,1,818.85,811.51,0.009,0,1.0096,1.0096,597.3,512.1
P0059,durevoli,elettrodomestici,2,745.9,811.51,-0.0808,1,1.0296,1.0191,943.2,512.1
P0059,durevoli,elettrodomestici,3,743.77,811.51,-0.0835,1,1.0468,1.0284,1122.9,512.1
P0059,durevoli,elettrodomestici,4,756.42,811.51,-0.0679,0,1.0741,1.0372,627.7,512.1
P0059,durevoli,elettrodomestici,5,871.45,811.51,0.0739,0,1.0075,1.0454,501.9,512.1
P0059,durevoli,elettrodomestici,6,817.14,811.51,0.0069,0,1.1175,1.053,554.1,512.1
P0059,durevoli,elettrodomestici,7,802.21,811.51,-0.0115,0,1.087,1.0599,614.6,512.1
P0059,durevoli,elettrodomestici,8,841.93,811.51,0.0375,0,1.0389,1.0658,630.7,512.1
P0059,durevoli,elettrodomestici,9,820.26,811.51,0.0108,0,0.9771,1.0708,626.0,512.1
P0059,durevoli,elettrodomestici,10,883.13,811.51,0.0883,0,0.9734,1.0748,503.7,512.1
P0059,durevoli,elettrodomestici,11,815.28,811.51,0.0046,0,0.9856,1.0777,685.9,512.1
P0059,durevoli,elettrodomestici,12,698.82,811.51,-0.1389,1,1.0669,1.0794,1355.7,512.1
P0059,durevoli,elettrodomestici,13,788.02,811.51,-0.0289,0,1.0151,1.08,728.6,512.1
P0059,durevoli,elettrodomestici,14,796.31,811.51,-0.0187,0,1.0719,1.0794,577.0,512.1
P0059,durevoli,elettrodomestici,15,780.92,811.51,-0.0377,0,0.9896,1.0777,855.5,512.1
P0059,durevoli,elettrodomestici,16,741.04,811.51,-0.0868,1,1.0332,1.0748,1062.0,512.1
P0059,durevoli,elettrodomestici,17,818.63,811.51,0.0088,0,0.9435,1.0708,585.8,512.1
P0059,durevoli,elettrodomestici,18,847.93,811.51,0.0449,0,1.0641,1.0658,700.0,512.1
P0059,durevoli,elettrodomestici,19,799.77,811.51,-0.0145,0,0.9968,1.0599,656.8,512.1
P0059,durevoli,elettrodomestici,20,822.39,811.51,0.0134,0,1.0215,1.053,520.6,512.1
P0059,durevoli,elettrodomestici,21,759.34,811.51,-0.0643,0,0.9889,1.0454,905.8,512.1
P0059,durevoli,elettrodomestici,22,801.37,811.51,-0.0125,0,1.0984,1.0372,613.7,512.1
P0059,durevoli,elettrodomestici,23,824.37,811.51,0.0158,0,0.9111,1.0284,525.2,512.1
P0059,durevoli,elettrodomestici,24,702.77,811.51,-0.134,1,1.029,1.0191,1100.7,512.1
P0059,durevoli,elettrodomestici,25,763.48,811.51,-0.0592,0,1.0659,1.0096,706.1,512.1
P0059,durevoli,elettrodomestici,26,787.64,811.51,-0.0294,0,1.0962,1.0,591.1,512.1
P0059,durevoli,elettrodomestici,27,812.73,811.51,0.0015,0,1.0617,0.9904,646.2,512.1
P0059,durevoli,elettrodomestici,28,834.53,811.51,0.0284,0,0.959,0.9809,581.1,512.1
P0059,durevoli,elettrodomestici,29,791.35,811.51,-0.0248,0,1.009,0.9716,629.4,512.1
P0059,durevoli,elettrodomestici,30,796.89,811.51,-0.018,0,0.9719,0.9628,563.3,512.1
P0059,durevoli,elettrodomestici,31,793.26,811.51,-0.0225,0,1.0648,0.9546,545.4,512.1
P0059,durevoli,elettrodomestici,32,818.97,811.51,0.0092,0,1.0617,0.947,623.3,512.1
P0059,durevoli,elettrodomestici,33,796.26,811.51,-0.0188,0,1.0812,0.9401,555.7,512.1
P0059,durevoli,elettrodomestici,34,758.72,811.51,-0.065,0,0.9192,0.9342,759.6,512.1
P0059,durevoli,elettrodomestici,35,753.57,811.51,-0.0714,0,0.9609,0.9292,728.3,512.1
P0059,durevoli,elettrodomestici,36,789.13,811.51,-0.0276,0,1.0295,0.9252,591.4,512.1
P0059,durevoli,elettrodomestici,37,815.62,811.51,0.0051,0,1.0178,0.9223,546.0,512.1
P0059,durevoli,elettrodomestici,38,838.49,811.51,0.0332,0,0.942,0.9206,384.7,512.1
P0059,durevoli,elettrodomestici,39,834.67,811.51,0.0285,0,0.971,0.92,508.1,512.1
P0059,durevoli,elettrodomestici,40,841.69,811.51,0.0372,0,1.0326,0.9206,483.8,512.1
P0059,durevoli,elettrodomestici,41,771.93,811.51,-0.0488,0,0.9326,0.9223,647.3,512.1
P0059,durevoli,elettrodomestici,42,827.54,811.51,0.0198,0,0.9819,0.9252,563.2,512.1
P0059,durevoli,elettrodomestici,43,808.99,811.51,-0.0031,0,1.0155,0.9292,546.7,512.1
P0059,durevoli,elettrodomestici,44,816.33,811.51,0.0059,0,1.0852,0.9342,609.1,512.1
P0059,durevoli,elettrodomestici,45,798.62,811.51,-0.0159,0,0.9551,0.9401,622.0,512.1
P0059,durevoli,elettrodomestici,46,860.46,811.51,0.0603,0,0.8774,0.947,615.8,512.1
P0059,durevoli,elettrodomestici,47,837.33,811.51,0.0318,0,0.913,0.9546,495.4,512.1
P0059,durevoli,elettrodomestici,48,778.14,811.51,-0.0411,0,0.8556,0.9628,693.8,512.1
P0059,durevoli,elettrodomestici,49,852.45,811.51,0.0504,0,0.992,0.9716,481.9,512.1
P0059,durevoli,elettrodomestici,50,840.86,811.51,0.0362,0,0.9646,0.9809,577.9,512.1
P0059,durevoli,elettrodomestici,51,811.98,811.51,0.0006,0,1.0335,0.9904,652.6,512.1
P0059,durevoli,elettrodomestici,52,735.54,811.51,-0.0936,1,0.9065,1.0,1032.5,512.1
P0059,durevoli,elettrodomestici,53,824.28,811.51,0.0157,0,1.0121,1.0096,569.5,512.1
P0059,durevoli,elettrodomestici,54,783.27,811.51,-0.0348,0,1.039,1.0191,762.9,512.1
P0059,durevoli,elettrodomestici,55,823.92,811.51,0.0153,0,0.9142,1.0284,594.1,512.1
P0059,durevoli,elettrodomestici,56,847.28,811.51,0.0441,0,0.9901,1.0372,589.5,512.1
P0059,durevoli,elettrodomestici,57,698.35,811.51,-0.1394,1,0.9887,1.0454,1358.4,512.1
P0059,durevoli,elettrodomestici,58,701.57,811.51,-0.1355,1,0.9747,1.053,1264.7,512.1
P0059,durevoli,elettrodomestici,59,754.8,811.51,-0.0699,0,0.9947,1.0599,747.3,512.1
P0059,durevoli,elettrodomestici,60,749.54,811.51,-0.0764,0,1.0146,1.0658,1086.6,512.1
P0059,durevoli,elettrodomestici,61,811.43,811.51,-0.0001,0,1.0213,1.0708,679.0,512.1
P0059,durevoli,elettrodomestici,62,782.87,811.51,-0.0353,0,1.0326,1.0748,579.2,512.1
P0059,durevoli,elettrodomestici,63,800.38,811.51,-0.0137,0,1.0002,1.0777,633.9,512.1
P0059,durevoli,elettrodomestici,64,734.26,811.51,-0.0952,1,0.9839,1.0794,1099.8,512.1
P0059,durevoli,elettrodomestici,65,879.59,811.51,0.0839,0,0.9341,1.08,551.7,512.1
P0059,durevoli,elettrodomestici,66,855.25,811.51,0.0539,0,1.0315,1.0794,535.0,512.1
P0059,durevoli,elettrodomestici,67,818.04,811.51,0.008,0,1.0377,1.0777,741.8,512.1
P0059,durevoli,elettrodomestici,68,799.46,811.51,-0.0149,0,0.9678,1.0748,713.7,512.1
P0059,durevoli,elettrodomestici,69,764.01,811.51,-0.0585,1,0.9516,1.0708,1050.9,512.1
P0059,durevoli,elettrodomestici,70,774.96,811.51,-0.045,0,0.9445,1.0658,699.0,512.1
P0059,durevoli,elettrodomestici,71,818.65,811.51,0.0088,0,0.9919,1.0599,640.9,512.1
P0059,durevoli,elettrodomestici,72,832.54,811.51,0.0259,0,0.9046,1.053,501.2,512.1
P0059,durevoli,elettrodomestici,73,817.51,811.51,0.0074,0,1.0488,1.0454,504.9,512.1
P0059,durevoli,elettrodomestici,74,803.09,811.51,-0.0104,0,1.0083,1.0372,644.8,512.1
P0059,durevoli,elettrodomestici,75,808.25,811.51,-0.004,0,1.0686,1.0284,762.3,512.1
P0059,durevoli,elettrodomestici,76,720.4,811.51,-0.1123,1,1.0399,1.0191,1242.9,512.1
P0059,durevoli,elettrodomestici,77,818.75,811.51,0.0089,0,0.9208,1.0096,582.4,512.1
P0059,durevoli,elettrodomestici,78,825.94,811.51,0.0178,0,0.9442,1.0,571.6,512.1
P0059,durevoli,elettrodomestici,79,813.66,811.51,0.0027,0,0.9684,0.9904,570.7,512.1
P0059,durevoli,elettrodomestici,80,799.45,811.51,-0.0149,0,1.0011,0.9809,577.2,512.1
P0059,durevoli,elettrodomestici,81,813.72,811.51,0.0027,0,0.9618,0.9716,574.6,512.1
P0059,durevoli,elettrodomestici,82,851.06,811.51,0.0487,0,0.9978,0.9628,411.2,512.1
P0059,durevoli,elettrodomestici,83,862.24,811.51,0.0625,0,1.0598,0.9546,402.5,512.1
P0059,durevoli,elettrodomestici,84,810.64,811.51,-0.0011,0,0.9991,0.947,593.6,512.1
P0059,durevoli,elettrodomestici,85,785.5,811.51,-0.032,0,1.0476,0.9401,550.0,512.1
P0059,durevoli,elettrodomestici,86,807.48,811.51,-0.005,0,0.9435,0.9342,610.5,512.1
P0059,durevoli,elettrodomestici,87,836.6,811.51,0.0309,0,0.9607,0.9292,428.2,512.1
P0059,durevoli,elettrodomestici,88,752.35,811.51,-0.0729,1,1.0105,0.9252,737.1,512.1
P0059,durevoli,elettrodomestici,89,786.11,811.51,-0.0313,0,0.9676,0.9223,709.0,512.1
P0059,durevoli,elettrodomestici,90,820.67,811.51,0.0113,0,1.0159,0.9206,478.4,512.1
P0059,durevoli,elettrodomestici,91,846.19,811.51,0.0427,0,1.0981,0.92,537.8,512.1
P0059,durevoli,elettrodomestici,92,791.87,811.51,-0.0242,0,0.921,0.9206,595.2,512.1
P0059,durevoli,elettrodomestici,93,758.83,811.51,-0.0649,0,0.9537,0.9223,632.8,512.1
P0059,durevoli,elettrodomestici,94,723.57,811.51,-0.1084,1,0.9612,0.9252,1058.1,512.1
P0059,durevoli,elettrodomestici,95,799.4,811.51,-0.0149,0,0.9368,0.9292,574.2,512.1
P0059,durevoli,elettrodomestici,96,831.12,811.51,0.0242,0,0.9987,0.9342,498.4,512.1
P0059,durevoli,elettrodomestici,97,822.4,811.51,0.0134,0,0.9816,0.9401,498.8,512.1
P0059,durevoli,elettrodomestici,98,809.64,811.51,-0.0023,0,1.0154,0.947,452.7,512.1
P0059,durevoli,elettrodomestici,99,796.85,811.51,-0.0181,0,0.9451,0.9546,610.6,512.1
P0059,durevoli,elettrodomestici,100,808.04,811.51,-0.0043,0,1.0275,0.9628,543.7,512.1
P0059,durevoli,elettrodomestici,101,783.01,811.51,-0.0351,0,1.0142,0.9716,663.9,512.1
P0059,durevoli,elettrodomestici,102,807.11,811.51,-0.0054,0,0.9981,0.9809,617.0,512.1
P0059,durevoli,elettrodomestici,103,791.03,811.51,-0.0252,0,1.0382,0.9904,688.7,512.1
P0060,durevoli,arredamento,0,760.44,792.12,-0.04,0,0.9676,1.0,75.7,572.91
P0060,durevoli,arredamento,1,824.93,792.12,0.0414,0,1.0711,1.0096,65.0,572.91
P0060,durevoli,arredamento,2,794.46,792.12,0.003,0,0.8802,1.0191,79.1,572.91
P0060,durevoli,arredamento,3,825.69,792.12,0.0424,0,0.9565,1.0284,80.5,572.91
P0060,durevoli,arredamento,4,719.75,792.12,-0.0914,1,0.9724,1.0372,162.1,572.91
P0060,durevoli,arredamento,5,817.23,792.12,0.0317,0,1.0426,1.0454,74.4,572.91
P0060,durevoli,arredamento,6,760.19,792.12,-0.0403,0,1.0726,1.053,97.0,572.91
P0060,durevoli,arredamento,7,797.85,792.12,0.0072,0,1.0417,1.0599,68.4,572.91
P0060,durevoli,arredamento,8,794.37,792.12,0.0028,0,1.126,1.0658,95.0,572.91
P0060,durevoli,arredamento,9,733.0,792.12,-0.0746,1,1.046,1.0708,157.7,572.91
P0060,durevoli,arredamento,10,675.81,792.12,-0.1468,1,0.9585,1.0748,177.9,572.91
P0060,durevoli,arredamento,11,738.37,792.12,-0.0679,0,0.9802,1.0777,90.8,572.91
P0060,durevoli,arredamento,12,757.8,792.12,-0.0433,0,0.934,1.0794,112.6,572.91
P0060,durevoli,arredamento,13,733.36,792.12,-0.0742,1,1.0216,1.08,150.4,572.91
P0060,durevoli,arredamento,14,781.13,792.12,-0.0139,0,0.9804,1.0794,103.7,572.91
P0060,durevoli,arredamento,15,784.05,792.12,-0.0102,0,1.0195,1.0777,112.2,572.91
P0060,durevoli,arredamento,16,784.65,792.12,-0.0094,0,1.0971,1.0748,105.1,572.91
P0060,durevoli,arredamento,17,778.24,792.12,-0.0175,0,0.97,1.0708,73.2,572.91
P0060,durevoli,arredamento,18,794.25,792.12,0.0027,0,0.91,1.0658,99.5,572.91
P0060,durevoli,arredamento,19,709.22,792.12,-0.1047,1,0.9831,1.0599,139.5,572.91
P0060,durevoli,arredamento,20,805.77,792.12,0.0172,0,1.0251,1.053,81.6,572.91
P0060,durevoli,arredamento,21,692.31,792.12,-0.126,1,0.9398,1.0454,137.8,572.91
P0060,durevoli,arredamento,22,764.0,792.12,-0.0355,0,0.9456,1.0372,106.1,572.91
P0060,durevoli,arredamento,23,751.06,792.12,-0.0518,1,1.0091,1.0284,110.4,572.91
P0060,durevoli,arredamento,24,789.93,792.12,-0.0028,0,1.0423,1.0191,87.9,572.91
P0060,durevoli,arredamento,25,814.01,792.12,0.0276,0,0.9161,1.0096,73.7,572.91
P0060,durevoli,arredamento,26,768.36,792.12,-0.03,0,1.0963,1.0,73.8,572.91
P0060,durevoli,arredamento,27,806.27,792.12,0.0179,0,0.9765,0.9904,78.5,572.91
P0060,durevoli,arredamento,28,810.27,792.12,0.0229,0,0.9766,0.9809,74.1,572.91
P0060,durevoli,arredamento,29,752.33,792.12,-0.0502,1,1.0781,0.9716,113.1,572.91
P0060,durevoli,arredamento,30,802.14,792.12,0.0127,0,0.9954,0.9628,70.6,572.91
P0060,durevoli,arredamento,31,800.21,792.12,0.0102,0,0.896,0.9546,68.6,572.91
P0060,durevoli,arredamento,32,786.54,792.12,-0.007,0,1.0602,0.947,115.3,572.91
P0060,durevoli,arredamento,33,800.56,792.12,0.0107,0,1.0035,0.9401,72.9,572.91
P0060,durevoli,arredamento,34,796.27,792.12,0.0052,0,0.9819,0.9342,75.3,572.91
P0060,durevoli,arredamento,35,804.91,792.12,0.0162,0,1.0094,0.9292,67.7,572.91
P0060,durevoli,arredamento,36,802.09,792.12,0.0126,0,1.0381,0.9252,68.6,572.91
P0060,durevoli,arredamento,37,797.15,792.12,0.0064,0,0.9044,0.9223,67.8,572.91
P0060,durevoli,arredamento,38,775.47,792.12,-0.021,0,0.9465,0.9206,79.5,572.91
P0060,durevoli,arredamento,39,795.74,792.12,0.0046,0,0.9409,0.92,65.4,572.91
P0060,durevoli,arredamento,40,752.87,792.12,-0.0495,0,1.0152,0.9206,100.4,572.91
P0060,durevoli,arredamento,41,794.23,792.12,0.0027,0,0.9786,0.9223,69.1,572.91
P0060,durevoli,arredamento,42,773.73,792.12,-0.0232,0,0.9596,0.9252,65.9,572.91
P0060,durevoli,arredamento,43,821.7,792.12,0.0373,0,1.0354,0.9292,82.3,572.91
P0060,durevoli,arredamento,44,815.71,792.12,0.0298,0,0.9449,0.9342,76.8,572.91
P0060,durevoli,arredamento,45,805.94,792.12,0.0174,0,1.0831,0.9401,68.1,572.91
P0060,durevoli,arredamento,46,766.73,792.12,-0.032,0,1.0017,0.947,86.5,572.91
P0060,durevoli,arredamento,47,778.97,792.12,-0.0166,0,0.9755,0.9546,84.5,572.91
P0060,durevoli,arredamento,48,729.74,792.12,-0.0788,1,0.9051,0.9628,112.6,572.91
P0060,durevoli,arredamento,49,768.95,792.12,-0.0292,0,0.9788,0.9716,83.9,572.91
P0060,durevoli,arredamento,50,852.87,792.12,0.0767,0,0.9369,0.9809,76.4,572.91
P0060,durevoli,arredamento,51,773.89,792.12,-0.023,0,1.0294,0.9904,81.0,572.91
P0060,durevoli,arredamento,52,841.74,792.12,0.0626,0,0.8903,1.0,67.6,572.91
P0060,durevoli,arredamento,53,831.16,792.12,0.0493,0,0.9801,1.0096,100.0,572.91
P0060,durevoli,arredamento,54,726.49,792.12,-0.0829,0,0.9273,1.0191,106.5,572.91
P0060,durevoli,arredamento,55,738.3,792.12,-0.0679,1,0.9773,1.0284,108.6,572.91
P0060,durevoli,arredamento,56,815.74,792.12,0.0298,0,0.8989,1.0372,88.8,572.91
P0060,durevoli,arredamento,57,782.93,792.12,-0.0116,0,0.9298,1.0454,93.7,572.91
P0060,durevoli,arredamento,58,750.11,792.12,-0.053,0,1.0955,1.053,88.6,572.91
P0060,durevoli,arredamento,59,800.02,792.12,0.01,0,0.9966,1.0599,100.5,572.91
P0060,durevoli,arredamento,60,781.86,792.12,-0.0129,0,1.0168,1.0658,91.9,572.91
P0060,durevoli,arredamento,61,799.66,792.12,0.0095,0,1.0082,1.0708,80.9,572.91
P0060,durevoli,arredamento,62,782.14,792.12,-0.0126,0,1.0402,1.0748,106.8,572.91
P0060,durevoli,arredamento,63,858.78,792.12,0.0842,0,0.9644,1.0777,65.5,572.91
P0060,durevoli,arredamento,64,725.7,792.12,-0.0839,1,1.0036,1.0794,151.7,572.91
P0060,durevoli,arredamento,65,849.39,792.12,0.0723,0,0.9973,1.08,66.3,572.91
P0060,durevoli,arredamento,66,805.19,792.12,0.0165,0,1.0243,1.0794,86.4,572.91
P0060,durevoli,arredamento,67,822.86,792.12,0.0388,0,1.0968,1.0777,79.8,572.91
P0060,durevoli,arredamento,68,816.14,792.12,0.0303,0,1.1109,1.0748,85.8,572.91
P0060,durevoli,arredamento,69,815.47,792.12,0.0295,0,0.9783,1.0708,85.0,572.91
P0060,durevoli,arredamento,70,814.84,792.12,0.0287,0,0.9985,1.0658,82.7,572.91
P0060,durevoli,arredamento,71,812.2,792.12,0.0254,0,1.0375,1.0599,84.3,572.91
P0060,durevoli,arredamento,72,773.68,792.12,-0.0233,0,1.0231,1.053,100.6,572.91
P0060,durevoli,arredamento,73,773.4,792.12,-0.0236,0,0.9924,1.0454,78.6,572.91
P0060,durevoli,arredamento,74,794.38,792.12,0.0029,0,1.0679,1.0372,84.8,572.91
P0060,durevoli,arredamento,75,787.57,792.12,-0.0057,0,1.0016,1.0284,75.4,572.91
P0060,durevoli,arredamento,76,759.13,792.12,-0.0416,0,0.9227,1.0191,80.4,572.91
P0060,durevoli,arredamento,77,771.7,792.12,-0.0258,0,0.975,1.0096,92.3,572.91
P0060,durevoli,arredamento,78,794.37,792.12,0.0028,0,1.0424,1.0,90.4,572.91
P0060,durevoli,arredamento,79,790.67,792.12,-0.0018,0,0.9688,0.9904,80.2,572.91
P0060,durevoli,arredamento,80,799.69,792.12,0.0096,0,0.9947,0.9809,83.4,572.91
P0060,durevoli,arredamento,81,798.38,792.12,0.0079,0,0.9877,0.9716,73.7,572.91
P0060,durevoli,arredamento,82,711.41,792.12,-0.1019,1,1.0239,0.9628,121.9,572.91
P0060,durevoli,arredamento,83,765.1,792.12,-0.0341,0,0.9982,0.9546,86.0,572.91
P0060,durevoli,arredamento,84,814.52,792.12,0.0283,0,0.9227,0.947,75.1,572.91
P0060,durevoli,arredamento,85,798.19,792.12,0.0077,0,1.0251,0.9401,59.5,572.91
P0060,durevoli,arredamento,86,829.99,792.12,0.0478,0,0.986,0.9342,88.1,572.91
P0060,durevoli,arredamento,87,835.47,792.12,0.0547,0,0.9695,0.9292,73.2,572.91
P0060,durevoli,arredamento,88,795.33,792.12,0.004,0,1.0298,0.9252,69.2,572.91
P0060,durevoli,arredamento,89,784.75,792.12,-0.0093,0,1.0089,0.9223,56.0,572.91
P0060,durevoli,arredamento,90,720.35,792.12,-0.0906,1,1.0347,0.9206,132.9,572.91
P0060,durevoli,arredamento,91,838.59,792.12,0.0587,0,1.0144,0.92,59.8,572.91
P0060,durevoli,arredamento,92,817.7,792.12,0.0323,0,1.0315,0.9206,65.8,572.91
P0060,durevoli,arredamento,93,830.75,792.12,0.0488,0,1.0239,0.9223,55.7,572.91
P0060,durevoli,arredamento,94,773.4,792.12,-0.0236,0,0.9623,0.9252,62.2,572.91
P0060,durevoli,arredamento,95,767.83,792.12,-0.0307,0,0.9598,0.9292,64.9,572.91
P0060,durevoli,arredamento,96,713.45,792.12,-0.0993,1,0.9825,0.9342,119.9,572.91
P0060,durevoli,arredamento,97,778.81,792.12,-0.0168,0,0.9006,0.9401,68.4,572.91
P0060,durevoli,arredamento,98,799.75,792.12,0.0096,0,1.0465,0.947,89.7,572.91
P0060,durevoli,arredamento,99,809.32,792.12,0.0217,0,0.9692,0.9546,104.4,572.91
P0060,durevoli,arredamento,100,839.3,792.12,0.0596,0,1.0401,0.9628,70.7,572.91
P0060,durevoli,arredamento,101,775.5,792.12,-0.021,0,0.96,0.9716,89.9,572.91
P0060,durevoli,arredamento,102,782.23,792.12,-0.0125,0,0.9639,0.9809,69.0,572.91
P0060,durevoli,arredamento,103,826.2,792.12,0.043,0,1.064,0.9904,85.4,572.91
P0061,durevoli,elettrodomestici,0,247.09,246.31,0.0032,0,1.0641,1.0,142.9,196.06
P0061,durevoli,elettrodomestici,1,261.06,246.31,0.0599,0,0.9463,1.0096,138.2,196.06
P0061,durevoli,elettrodomestici,2,247.02,246.31,0.0029,0,1.0575,1.0191,200.0,196.06
P0061,durevoli,elettrodomestici,3,258.29,246.31,0.0487,0,0.9536,1.0284,143.4,196.06
P0061,durevoli,elettrodomestici,4,250.43,246.31,0.0167,0,1.0971,1.0372,139.3,196.06
P0061,durevoli,elettrodomestici,5,247.48,246.31,0.0048,0,1.0208,1.0454,197.9,196.06
P0061,durevoli,elettrodomestici,6,246.63,246.31,0.0013,0,1.0561,1.053,186.9,196.06
P0061,durevoli,elettrodomestici,7,231.67,246.31,-0.0594,0,1.0509,1.0599,227.6,196.06
P0061,durevoli,elettrodomestici,8,237.85,246.31,-0.0343,0,1.098,1.0658,199.7,196.06
P0061,durevoli,elettrodomestici,9,235.08,246.31,-0.0456,0,1.0339,1.0708,222.4,196.06
P0061,durevoli,elettrodomestici,10,250.3,246.31,0.0162,0,1.0334,1.0748,171.4,196.06
P0061,durevoli,elettrodomestici,11,254.6,246.31,0.0336,0,1.0419,1.0777,171.5,196.06
P0061,durevoli,elettrodomestici,12,234.84,246.31,-0.0466,0,1.0038,1.0794,231.0,196.06
P0061,durevoli,elettrodomestici,13,251.35,246.31,0.0205,0,0.9775,1.08,151.8,196.06
P0061,durevoli,elettrodomestici,14,212.46,246.31,-0.1374,1,1.0554,1.0794,333.5,196.06
P0061,durevoli,elettrodomestici,15,264.03,246.31,0.0719,0,1.0776,1.0777,128.6,196.06
P0061,durevoli,elettrodomestici,16,236.91,246.31,-0.0382,0,0.9439,1.0748,190.0,196.06
P0061,durevoli,elettrodomestici,17,245.64,246.31,-0.0027,0,1.031,1.0708,180.4,196.06
P0061,durevoli,elettrodomestici,18,242.85,246.31,-0.0141,0,1.0187,1.0658,185.5,196.06
P0061,durevoli,elettrodomestici,19,250.47,246.31,0.0169,0,1.0048,1.0599,152.2,196.06
P0061,durevoli,elettrodomestici,20,242.86,246.31,-0.014,0,0.9878,1.053,224.1,196.06
P0061,durevoli,elettrodomestici,21,222.81,246.31,-0.0954,0,1.0244,1.0454,264.5,196.06
P0061,durevoli,elettrodomestici,22,254.31,246.31,0.0325,0,1.0827,1.0372,131.3,196.06
P0061,durevoli,elettrodomestici,23,263.18,246.31,0.0685,0,0.9381,1.0284,136.0,196.06
P0061,durevoli,elettrodomestici,24,255.38,246.31,0.0368,0,1.0596,1.0191,153.0,196.06
P0061,durevoli,elettrodomestici,25,224.63,246.31,-0.088,1,1.0712,1.0096,266.1,196.06
P0061,durevoli,elettrodomestici,26,254.69,246.31,0.034,0,1.0099,1.0,167.5,196.06
P0061,durevoli,elettrodomestici,27,248.07,246.31,0.0071,0,1.0155,0.9904,139.6,196.06
P0061,durevoli,elettrodomestici,28,255.66,246.31,0.0379,0,0.9551,0.9809,132.1,196.06
P0061,durevoli,elettrodomestici,29,247.63,246.31,0.0054,0,1.0701,0.9716,168.3,196.06
P0061,durevoli,elettrodomestici,30,251.9,246.31,0.0227,0,0.9779,0.9628,157.3,196.06
P0061,durevoli,elettrodomestici,31,238.89,246.31,-0.0301,0,0.9964,0.9546,164.3,196.06
P0061,durevoli,elettrodomestici,32,238.67,246.31,-0.031,0,0.9438,0.947,188.1,196.06
P0061,durevoli,elettrodomestici,33,251.31,246.31,0.0203,0,0.9676,0.9401,133.2,196.06
P0061,durevoli,elettrodomestici,34,220.27,246.31,-0.1057,1,0.9587,0.9342,303.7,196.06
P0061,durevoli,elettrodomestici,35,256.98,246.31,0.0433,0,1.0532,0.9292,143.2,196.06
P0061,durevoli,elettrodomestici,36,251.57,246.31,0.0214,0,1.0058,0.9252,136.6,196.06
P0061,durevoli,elettrodomestici,37,245.01,246.31,-0.0053,0,0.9735,0.9223,177.0,196.06
P0061,durevoli,elettrodomestici,38,241.31,246.31,-0.0203,0,0.9436,0.9206,146.7,196.06
P0061,durevoli,elettrodomestici,39,251.66,246.31,0.0217,0,0.949,0.92,113.5,196.06
P0061,durevoli,elettrodomestici,40,240.84,246.31,-0.0222,0,0.9992,0.9206,189.9,196.06
P0061,durevoli,elettrodomestici,41,218.54,246.31,-0.1128,1,0.9966,0.9223,311.9,196.06
P0061,durevoli,elettrodomestici,42,247.24,246.31,0.0038,0,0.9534,0.9252,136.7,196.06
P0061,durevoli,elettrodomestici,43,233.92,246.31,-0.0503,1,1.008,0.9292,217.0,196.06
P0061,durevoli,elettrodomestici,44,234.99,246.31,-0.046,0,1.0351,0.9342,218.8,196.06
P0061,durevoli,elettrodomestici,45,262.72,246.31,0.0666,0,1.0021,0.9401,121.5,196.06
P0061,durevoli,elettrodomestici,46,222.4,246.31,-0.0971,1,0.913,0.947,296.3,196.06
P0061,durevoli,elettrodomestici,47,233.66,246.31,-0.0514,0,0.9746,0.9546,181.0,196.06
P0061,durevoli,elettrodomestici,48,246.52,246.31,0.0008,0,1.0685,0.9628,135.7,196.06
P0061,durevoli,elettrodomestici,49,229.52,246.31,-0.0682,1,1.0628,0.9716,233.5,196.06
P0061,durevoli,elettrodomestici,50,220.51,246.31,-0.1048,1,1.0662,0.9809,341.0,196.06
P0061,durevoli,elettrodomestici,51,250.47,246.31,0.0169,0,1.0135,0.9904,154.0,196.06
P0061,durevoli,elettrodomestici,52,257.39,246.31,0.045,0,1.0519,1.0,160.0,196.06
P0061,durevoli,elettrodomestici,53,265.88,246.31,0.0795,0,0.98,1.0096,108.0,196.06
P0061,durevoli,elettrodomestici,54,209.47,246.31,-0.1496,1,1.0652,1.0191,327.9,196.06
P0061,durevoli,elettrodomestici,55,233.57,246.31,-0.0517,0,1.0541,1.0284,201.8,196.06
P0061,durevoli,elettrodomestici,56,264.69,246.31,0.0746,0,1.0535,1.0372,120.5,196.06
P0061,durevoli,elettrodomestici,57,220.75,246.31,-0.1038,1,1.0989,1.0454,339.1,196.06
P0061,durevoli,elettrodomestici,58,257.79,246.31,0.0466,0,0.9682,1.053,176.5,196.06
P0061,durevoli,elettrodomestici,59,250.52,246.31,0.0171,0,0.968,1.0599,158.7,196.06
P0061,durevoli,elettrodomestici,60,234.94,246.31,-0.0462,0,1.1186,1.0658,180.1,196.06
P0061,durevoli,elettrodomestici,61,251.7,246.31,0.0219,0,1.0646,1.0708,158.7,196.06
P0061,durevoli,elettrodomestici,62,238.36,246.31,-0.0323,0,0.9485,1.0748,203.8,196.06
P0061,durevoli,elettrodomestici,63,249.98,246.31,0.0149,0,1.0182,1.0777,187.3,196.06
P0061,durevoli,elettrodomestici,64,239.95,246.31,-0.0258,0,1.0078,1.0794,191.9,196.06
P0061,durevoli,elettrodomestici,65,240.17,246.31,-0.0249,0,1.0321,1.08,167.3,196.06
P0061,durevoli,elettrodomestici,66,211.84,246.31,-0.1399,1,0.9434,1.0794,404.4,196.06
P0061,durevoli,elettrodomestici,67,232.64,246.31,-0.0555,0,0.9253,1.0777,215.4,196.06
P0061,durevoli,elettrodomestici,68,257.45,246.31,0.0452,0,1.0606,1.0748,171.2,196.06
P0061,durevoli,elettrodomestici,69,239.06,246.31,-0.0294,0,1.0394,1.0708,229.9,196.06
P0061,durevoli,elettrodomestici,70,257.47,246.31,0.0453,0,0.904,1.0658,160.4,196.06
P0061,durevoli,elettrodomestici,71,244.55,246.31,-0.0071,0,1.0016,1.0599,161.3,196.06
P0061,durevoli,elettrodomestici,72,246.83,246.31,0.0021,0,1.0468,1.053,208.8,196.06
P0061,durevoli,elettrodomestici,73,239.25,246.31,-0.0287,0,0.9431,1.0454,231.5,196.06
P0061,durevoli,elettrodomestici,74,253.28,246.31,0.0283,0,1.0444,1.0372,157.9,196.06
P0061,durevoli,elettrodomestici,75,257.56,246.31,0.0457,0,0.9691,1.0284,148.0,196.06
P0061,durevoli,elettrodomestici,76,245.2,246.31,-0.0045,0,1.0772,1.0191,194.0,196.06
P0061,durevoli,elettrodomestici,77,223.09,246.31,-0.0943,0,0.9672,1.0096,229.7,196.06
P0061,durevoli,elettrodomestici,78,246.59,246.31,0.0011,0,1.0121,1.0,154.1,196.06
P0061,durevoli,elettrodomestici,79,245.02,246.31,-0.0052,0,0.9648,0.9904,207.2,196.06
P0061,durevoli,elettrodomestici,80,226.88,246.31,-0.0789,0,1.0892,0.9809,188.9,196.06
P0061,durevoli,elettrodomestici,81,240.44,246.31,-0.0238,0,1.0285,0.9716,171.8,196.06
P0061,durevoli,elettrodomestici,82,244.47,246.31,-0.0075,0,0.9672,0.9628,167.6,196.06
P0061,durevoli,elettrodomestici,83,229.68,246.31,-0.0675,0,0.9699,0.9546,276.4,196.06
P0061,durevoli,elettrodomestici,84,248.39,246.31,0.0084,0,0.9879,0.947,189.6,196.06
P0061,durevoli,elettrodomestici,85,247.18,246.31,0.0035,0,1.0343,0.9401,150.1,196.06
P0061,durevoli,elettrodomestici,86,246.12,246.31,-0.0008,0,0.9845,0.9342,148.7,196.06
P0061,durevoli,elettrodomestici,87,253.27,246.31,0.0283,0,1.0465,0.9292,147.4,196.06
P0061,durevoli,elettrodomestici,88,249.16,246.31,0.0116,0,1.048,0.9252,172.1,196.06
P0061,durevoli,elettrodomestici,89,253.37,246.31,0.0287,0,0.9352,0.9223,106.2,196.06
P0061,durevoli,elettrodomestici,90,243.44,246.31,-0.0117,0,1.0126,0.9206,135.9,196.06
P0061,durevoli,elettrodomestici,91,240.16,246.31,-0.025,0,1.0321,0.92,154.3,196.06
P0061,durevoli,elettrodomestici,92,219.92,246.31,-0.1071,1,1.0583,0.9206,300.1,196.06
P0061,durevoli,elettrodomestici,93,252.21,246.31,0.0239,0,0.9877,0.9223,135.6,196.06
P0061,durevoli,elettrodomestici,94,251.86,246.31,0.0225,0,0.9554,0.9252,151.1,196.06
P0061,durevoli,elettrodomestici,95,247.89,246.31,0.0064,0,1.0018,0.9292,148.7,196.06
P0061,durevoli,elettrodomestici,96,232.43,246.31,-0.0564,0,1.0851,0.9342,207.8,196.06
P0061,durevoli,elettrodomestici,97,246.58,246.31,0.0011,0,0.9721,0.9401,160.1,196.06
P0061,durevoli,elettrodomestici,98,248.28,246.31,0.008,0,0.9486,0.947,143.8,196.06
P0061,durevoli,elettrodomestici,99,241.71,246.31,-0.0187,0,0.8678,0.9546,164.0,196.06
P0061,durevoli,elettrodomestici,100,253.63,246.31,0.0297,0,0.9708,0.9628,144.0,196.06
P0061,durevoli,elettrodomestici,101,221.38,246.31,-0.1012,1,0.9572,0.9716,293.3,196.06
P0061,durevoli,elettrodomestici,102,242.52,246.31,-0.0154,0,1.0784,0.9809,155.1,196.06
P0061,durevoli,elettrodomestici,103,252.72,246.31,0.026,0,1.027,0.9904,164.6,196.06
P0062,durevoli,elettronica_consumo,0,1151.0,1143.33,0.0067,0,0.9871,1.0,231.3,818.17
P0062,durevoli,elettronica_consumo,1,1127.31,1143.33,-0.014,0,0.9094,1.0096,217.3,818.17
P0062,durevoli,elettronica_consumo,2,1053.66,1143.33,-0.0784,0,0.8996,1.0191,284.0,818.17
P0062,durevoli,elettronica_consumo,3,1130.79,1143.33,-0.011,0,0.881,1.0284,306.3,818.17
P0062,durevoli,elettronica_consumo,4,1110.59,1143.33,-0.0286,0,0.9369,1.0372,312.1,818.17
P0062,durevoli,elettronica_consumo,5,1124.39,1143.33,-0.0166,0,0.9728,1.0454,267.5,818.17
P0062,durevoli,elettronica_consumo,6,1158.57,1143.33,0.0133,0,0.9726,1.053,262.2,818.17
P0062,durevoli,elettronica_consumo,7,1119.58,1143.33,-0.0208,0,0.8974,1.0599,260.2,818.17
P0062,durevoli,elettronica_consumo,8,1146.48,1143.33,0.0028,0,0.9872,1.0658,238.0,818.17
P0062,durevoli,elettronica_consumo,9,1190.82,1143.33,0.0415,0,0.9773,1.0708,312.3,818.17
P0062,durevoli,elettronica_consumo,10,1157.4,1143.33,0.0123,0,1.002,1.0748,262.6,818.17
P0062,durevoli,elettronica_consumo,11,1187.52,1143.33,0.0386,0,0.9117,1.0777,264.2,818.17
P0062,durevoli,elettronica_consumo,12,1144.77,1143.33,0.0013,0,1.0856,1.0794,320.3,818.17
P0062,durevoli,elettronica_consumo,13,1121.58,1143.33,-0.019,0,0.9404,1.08,297.7,818.17
P0062,durevoli,elettronica_consumo,14,1062.15,1143.33,-0.071,0,1.0543,1.0794,298.3,818.17
P0062,durevoli,elettronica_consumo,15,1162.11,1143.33,0.0164,0,1.0455,1.0777,240.1,818.17
P0062,durevoli,elettronica_consumo,16,1083.62,1143.33,-0.0522,1,0.9666,1.0748,420.4,818.17
P0062,durevoli,elettronica_consumo,17,1159.98,1143.33,0.0146,0,1.0194,1.0708,277.5,818.17
P0062,durevoli,elettronica_consumo,18,1110.77,1143.33,-0.0285,0,1.026,1.0658,232.9,818.17
P0062,durevoli,elettronica_consumo,19,1120.19,1143.33,-0.0202,0,1.0205,1.0599,327.3,818.17
P0062,durevoli,elettronica_consumo,20,976.25,1143.33,-0.1461,1,1.0153,1.053,508.4,818.17
P0062,durevoli,elettronica_consumo,21,1136.55,1143.33,-0.0059,0,1.0038,1.0454,252.1,818.17
P0062,durevoli,elettronica_consumo,22,1129.67,1143.33,-0.0119,0,0.994,1.0372,244.8,818.17
P0062,durevoli,elettronica_consumo,23,1177.85,1143.33,0.0302,0,1.0258,1.0284,290.3,818.17
P0062,durevoli,elettronica_consumo,24,1127.68,1143.33,-0.0137,0,1.0185,1.0191,241.1,818.17
P0062,durevoli,elettronica_consumo,25,1145.23,1143.33,0.0017,0,1.0276,1.0096,235.5,818.17
P0062,durevoli,elettronica_consumo,26,1113.76,1143.33,-0.0259,0,1.0009,1.0,279.6,818.17
P0062,durevoli,elettronica_consumo,27,1153.94,1143.33,0.0093,0,1.0111,0.9904,221.5,818.17
P0062,durevoli,elettronica_consumo,28,1113.86,1143.33,-0.0258,0,1.007,0.9809,287.2,818.17
P0062,durevoli,elettronica_consumo,29,1098.35,1143.33,-0.0393,0,0.9907,0.9716,197.2,818.17
P0062,durevoli,elettronica_consumo,30,1167.25,1143.33,0.0209,0,1.0785,0.9628,178.8,818.17
P0062,durevoli,elettronica_consumo,31,1149.1,1143.33,0.005,0,0.9191,0.9546,232.3,818.17
P0062,durevoli,elettronica_consumo,32,1092.06,1143.33,-0.0448,0,1.0066,0.947,219.0,818.17
P0062,durevoli,elettronica_consumo,33,1151.6,1143.33,0.0072,0,0.968,0.9401,192.2,818.17
P0062,durevoli,elettronica_consumo,34,1197.67,1143.33,0.0475,0,0.9614,0.9342,192.3,818.17
P0062,durevoli,elettronica_consumo,35,1021.6,1143.33,-0.1065,1,0.9046,0.9292,421.7,818.17
P0062,durevoli,elettronica_consumo,36,1140.46,1143.33,-0.0025,0,0.983,0.9252,230.9,818.17
P0062,durevoli,elettronica_consumo,37,1185.68,1143.33,0.037,0,1.0549,0.9223,182.0,818.17
P0062,durevoli,elettronica_consumo,38,1129.06,1143.33,-0.0125,0,1.0026,0.9206,274.2,818.17
P0062,durevoli,elettronica_consumo,39,1180.41,1143.33,0.0324,0,1.0229,0.92,201.6,818.17
P0062,durevoli,elettronica_consumo,40,1153.27,1143.33,0.0087,0,0.9421,0.9206,202.4,818.17
P0062,durevoli,elettronica_consumo,41,1059.98,1143.33,-0.0729,1,1.0673,0.9223,353.8,818.17
P0062,durevoli,elettronica_consumo,42,1132.39,1143.33,-0.0096,0,1.0117,0.9252,249.3,818.17
P0062,durevoli,elettronica_consumo,43,1093.81,1143.33,-0.0433,0,0.9972,0.9292,265.2,818.17
P0062,durevoli,elettronica_consumo,44,1107.93,1143.33,-0.031,0,1.0877,0.9342,239.0,818.17
P0062,durevoli,elettronica_consumo,45,1116.84,1143.33,-0.0232,0,1.0553,0.9401,256.0,818.17
P0062,durevoli,elettronica_consumo,46,1097.24,1143.33,-0.0403,0,1.0547,0.947,274.4,818.17
P0062,durevoli,elettronica_consumo,47,1144.81,1143.33,0.0013,0,0.9963,0.9546,224.5,818.17
P0062,durevoli,elettronica_consumo,48,1121.62,1143.33,-0.019,0,0.9407,0.9628,231.8,818.17
P0062,durevoli,elettronica_consumo,49,1193.74,1143.33,0.0441,0,0.9322,0.9716,198.6,818.17
P0062,durevoli,elettronica_consumo,50,1194.08,1143.33,0.0444,0,1.0357,0.9809,260.3,818.17
P0062,durevoli,elettronica_consumo,51,1135.18,1143.33,-0.0071,0,1.0428,0.9904,206.0,818.17
P0062,durevoli,elettronica_consumo,52,1182.4,1143.33,0.0342,0,1.0105,1.0,250.8,818.17
P0062,durevoli,elettronica_consumo,53,1194.74,1143.33,0.045,0,1.0335,1.0096,219.5,818.17
P0062,durevoli,elettronica_consumo,54,1157.21,1143.33,0.0121,0,0.9572,1.0191,228.3,818.17
P0062,durevoli,elettronica_consumo,55,1126.32,1143.33,-0.0149,0,0.9265,1.0284,265.7,818.17
P0062,durevoli,elettronica_consumo,56,1186.09,1143.33,0.0374,0,1.0266,1.0372,253.8,818.17
P0062,durevoli,elettronica_consumo,57,1146.52,1143.33,0.0028,0,0.8941,1.0454,287.9,818.17
P0062,durevoli,elettronica_consumo,58,1098.08,1143.33,-0.0396,0,0.9448,1.053,374.9,818.17
P0062,durevoli,elettronica_consumo,59,1028.67,1143.33,-0.1003,1,0.9658,1.0599,405.8,818.17
P0062,durevoli,elettronica_consumo,60,1154.51,1143.33,0.0098,0,0.9536,1.0658,261.1,818.17
P0062,durevoli,elettronica_consumo,61,1185.22,1143.33,0.0366,0,1.0028,1.0708,217.2,818.17
P0062,durevoli,elettronica_consumo,62,1158.67,1143.33,0.0134,0,0.9763,1.0748,274.4,818.17
P0062,durevoli,elettronica_consumo,63,1191.42,1143.33,0.0421,0,1.0355,1.0777,230.7,818.17
P0062,durevoli,elettronica_consumo,64,1044.49,1143.33,-0.0865,1,1.0171,1.0794,401.7,818.17
P0062,durevoli,elettronica_consumo,65,1170.49,1143.33,0.0238,0,0.9544,1.08,268.1,818.17
P0062,durevoli,elettronica_consumo,66,1133.21,1143.33,-0.0088,0,1.0219,1.0794,266.6,818.17
P0062,durevoli,elettronica_consumo,67,1147.47,1143.33,0.0036,0,0.9742,1.0777,231.2,818.17
P0062,durevoli,elettronica_consumo,68,1160.88,1143.33,0.0153,0,1.0415,1.0748,262.6,818.17
P0062,durevoli,elettronica_consumo,69,1012.69,1143.33,-0.1143,1,1.0042,1.0708,451.4,818.17
P0062,durevoli,elettronica_consumo,70,1250.3,1143.33,0.0936,0,1.0204,1.0658,193.8,818.17
P0062,durevoli,elettronica_consumo,71,1107.12,1143.33,-0.0317,0,0.9613,1.0599,194.1,818.17
P0062,durevoli,elettronica_consumo,72,1172.01,1143.33,0.0251,0,1.0038,1.053,232.7,818.17
P0062,durevoli,elettronica_consumo,73,1185.36,1143.33,0.0368,0,1.0256,1.0454,231.9,818.17
P0062,durevoli,elettronica_consumo,74,1123.69,1143.33,-0.0172,0,1.0217,1.0372,259.2,818.17
P0062,durevoli,elettronica_consumo,75,1170.76,1143.33,0.024,0,1.0077,1.0284,254.0,818.17
P0062,durevoli,elettronica_consumo,76,1094.4,1143.33,-0.0428,0,1.0239,1.0191,294.5,818.17
P0062,durevoli,elettronica_consumo,77,1148.6,1143.33,0.0046,0,0.9838,1.0096,247.1,818.17
P0062,durevoli,elettronica_consumo,78,1160.91,1143.33,0.0154,0,1.1304,1.0,208.5,818.17
P0062,durevoli,elettronica_consumo,79,1093.04,1143.33,-0.044,0,1.0193,0.9904,229.1,818.17
P0062,durevoli,elettronica_consumo,80,1182.63,1143.33,0.0344,0,1.0016,0.9809,246.2,818.17
P0062,durevoli,elettronica_consumo,81,1061.3,1143.33,-0.0717,0,1.0313,0.9716,278.3,818.17
P0062,durevoli,elettronica_consumo,82,1126.9,1143.33,-0.0144,0,1.0203,0.9628,217.5,818.17
P0062,durevoli,elettronica_consumo,83,1013.69,1143.33,-0.1134,1,1.103,0.9546,447.2,818.17
P0062,durevoli,elettronica_consumo,84,1153.64,1143.33,0.009,0,0.98,0.947,211.6,818.17
P0062,durevoli,elettronica_consumo,85,1131.02,1143.33,-0.0108,0,1.0183,0.9401,207.0,818.17
P0062,durevoli,elettronica_consumo,86,1130.43,1143.33,-0.0113,0,1.0544,0.9342,212.4,818.17
P0062,durevoli,elettronica_consumo,87,1009.39,1143.33,-0.1171,1,0.9687,0.9292,307.7,818.17
P0062,durevoli,elettronica_consumo,88,1177.61,1143.33,0.03,0,1.038,0.9252,190.4,818.17
P0062,durevoli,elettronica_consumo,89,1170.26,1143.33,0.0236,0,1.0658,0.9223,209.2,818.17
P0062,durevoli,elettronica_consumo,90,1178.28,1143.33,0.0306,0,1.1077,0.9206,180.5,818.17
P0062,durevoli,elettronica_consumo,91,1123.06,1143.33,-0.0177,0,1.0414,0.92,224.1,818.17
P0062,durevoli,elettronica_consumo,92,1148.21,1143.33,0.0043,0,1.0001,0.9206,222.7,818.17
P0062,durevoli,elettronica_consumo,93,1104.49,1143.33,-0.034,0,0.9926,0.9223,207.9,818.17
P0062,durevoli,elettronica_consumo,94,1135.51,1143.33,-0.0068,0,1.0535,0.9252,226.4,818.17
P0062,durevoli,elettronica_consumo,95,1133.46,1143.33,-0.0086,0,1.0862,0.9292,189.2,818.17
P0062,durevoli,elettronica_consumo,96,1000.88,1143.33,-0.1246,1,0.9682,0.9342,403.7,818.17
P0062,durevoli,elettronica_consumo,97,1153.57,1143.33,0.009,0,1.0059,0.9401,219.4,818.17
P0062,durevoli,elettronica_consumo,98,1150.38,1143.33,0.0062,0,0.9118,0.947,207.7,818.17
P0062,durevoli,elettronica_consumo,99,1190.94,1143.33,0.0416,0,1.1175,0.9546,199.3,818.17
P0062,durevoli,elettronica_consumo,100,1077.2,1143.33,-0.0578,1,1.0935,0.9628,399.2,818.17
P0062,durevoli,elettronica_consumo,101,1137.71,1143.33,-0.0049,0,1.0425,0.9716,264.5,818.17
P0062,durevoli,elettronica_consumo,102,1125.37,1143.33,-0.0157,0,1.0291,0.9809,274.0,818.17
P0062,durevoli,elettronica_consumo,103,1196.56,1143.33,0.0466,0,1.0496,0.9904,197.0,818.17
P0063,durevoli,elettrodomestici,0,703.23,683.77,0.0285,0,1.0426,1.0,353.6,475.11
P0063,durevoli,elettrodomestici,1,645.52,683.77,-0.0559,1,0.8681,1.0096,491.1,475.11
P0063,durevoli,elettrodomestici,2,716.22,683.77,0.0475,0,0.9532,1.0191,324.1,475.11
P0063,durevoli,elettrodomestici,3,668.19,683.77,-0.0228,0,1.0528,1.0284,348.1,475.11
P0063,durevoli,elettrodomestici,4,697.76,683.77,0.0205,0,0.9616,1.0372,251.7,475.11
P0063,durevoli,elettrodomestici,5,682.21,683.77,-0.0023,0,1.0702,1.0454,329.9,475.11
P0063,durevoli,elettrodomestici,6,695.95,683.77,0.0178,0,1.051,1.053,282.2,475.11
P0063,durevoli,elettrodomestici,7,680.4,683.77,-0.0049,0,1.0327,1.0599,339.0,475.11
P0063,durevoli,elettrodomestici,8,675.68,683.77,-0.0118,0,1.0824,1.0658,273.1,475.11
P0063,durevoli,elettrodomestici,9,713.48,683.77,0.0435,0,1.0289,1.0708,387.0,475.11
P0063,durevoli,elettrodomestici,10,692.96,683.77,0.0134,0,0.9767,1.0748,338.8,475.11
P0063,durevoli,elettrodomestici,11,683.85,683.77,0.0001,0,0.9629,1.0777,286.7,475.11
P0063,durevoli,elettrodomestici,12,648.34,683.77,-0.0518,0,0.9764,1.0794,272.3,475.11
P0063,durevoli,elettrodomestici,13,711.39,683.77,0.0404,0,1.0039,1.08,385.8,475.11
P0063,durevoli,elettrodomestici,14,695.25,683.77,0.0168,0,0.9943,1.0794,309.1,475.11
P0063,durevoli,elettrodomestici,15,680.39,683.77,-0.0049,0,1.0274,1.0777,360.2,475.11
P0063,durevoli,elettrodomestici,16,709.99,683.77,0.0384,0,0.9886,1.0748,310.1,475.11
P0063,durevoli,elettrodomestici,17,677.29,683.77,-0.0095,0,1.1079,1.0708,300.6,475.11
P0063,durevoli,elettrodomestici,18,672.89,683.77,-0.0159,0,0.8893,1.0658,360.5,475.11
P0063,durevoli,elettrodomestici,19,691.41,683.77,0.0112,0,1.0495,1.0599,328.7,475.11
P0063,durevoli,elettrodomestici,20,663.0,683.77,-0.0304,0,1.0353,1.053,334.2,475.11
P0063,durevoli,elettrodomestici,21,703.57,683.77,0.029,0,1.0566,1.0454,365.2,475.11
P0063,durevoli,elettrodomestici,22,610.71,683.77,-0.1068,1,1.0257,1.0372,554.6,475.11
P0063,durevoli,elettrodomestici,23,643.76,683.77,-0.0585,0,0.9761,1.0284,409.9,475.11
P0063,durevoli,elettrodomestici,24,694.91,683.77,0.0163,0,1.0287,1.0191,313.6,475.11
P0063,durevoli,elettrodomestici,25,691.97,683.77,0.012,0,0.9789,1.0096,372.9,475.11
P0063,durevoli,elettrodomestici,26,674.53,683.77,-0.0135,0,1.0883,1.0,328.2,475.11
P0063,durevoli,elettrodomestici,27,681.9,683.77,-0.0027,0,1.0818,0.9904,277.3,475.11
P0063,durevoli,elettrodomestici,28,629.73,683.77,-0.079,1,0.9399,0.9809,394.4,475.11
P0063,durevoli,elettrodomestici,29,668.97,683.77,-0.0216,0,1.0869,0.9716,309.2,475.11
P0063,durevoli,elettrodomestici,30,709.89,683.77,0.0382,0,0.9446,0.9628,250.8,475.11
P0063,durevoli,elettrodomestici,31,668.59,683.77,-0.0222,0,1.035,0.9546,373.5,475.11
P0063,durevoli,elettrodomestici,32,582.91,683.77,-0.1475,1,0.9901,0.947,452.7,475.11
P0063,durevoli,elettrodomestici,33,671.99,683.77,-0.0172,0,0.9992,0.9401,304.0,475.11
P0063,durevoli,elettrodomestici,34,683.17,683.77,-0.0009,0,1.0559,0.9342,268.0,475.11
P0063,durevoli,elettrodomestici,35,676.48,683.77,-0.0107,0,1.0231,0.9292,322.8,475.11
P0063,durevoli,elettrodomestici,36,690.72,683.77,0.0102,0,1.0377,0.9252,329.4,475.11
P0063,durevoli,elettrodomestici,37,678.74,683.77,-0.0074,0,1.1385,0.9223,318.4,475.11
P0063,durevoli,elettrodomestici,38,705.16,683.77,0.0313,0,0.9332,0.9206,248.1,475.11
P0063,durevoli,elettrodomestici,39,693.79,683.77,0.0147,0,0.9816,0.92,278.9,475.11
P0063,durevoli,elettrodomestici,40,621.71,683.77,-0.0908,1,1.0442,0.9206,338.7,475.11
P0063,durevoli,elettrodomestici,41,652.29,683.77,-0.046,0,0.956,0.9223,315.7,475.11
P0063,durevoli,elettrodomestici,42,646.41,683.77,-0.0546,0,0.9721,0.9252,254.6,475.11
P0063,durevoli,elettrodomestici,43,685.49,683.77,0.0025,0,1.0384,0.9292,220.6,475.11
P0063,durevoli,elettrodomestici,44,660.49,683.77,-0.034,0,0.9392,0.9342,307.8,475.11
P0063,durevoli,elettrodomestici,45,681.37,683.77,-0.0035,0,0.9453,0.9401,287.4,475.11
P0063,durevoli,elettrodomestici,46,698.23,683.77,0.0211,0,1.0538,0.947,316.9,475.11
P0063,durevoli,elettrodomestici,47,710.64,683.77,0.0393,0,0.949,0.9546,339.7,475.11
P0063,durevoli,elettrodomestici,48,635.19,683.77,-0.0711,0,1.0683,0.9628,309.6,475.11
P0063,durevoli,elettrodomestici,49,659.1,683.77,-0.0361,0,1.1182,0.9716,396.7,475.11
P0063,durevoli,elettrodomestici,50,685.88,683.77,0.0031,0,1.049,0.9809,298.1,475.11
P0063,durevoli,elettrodomestici,51,673.94,683.77,-0.0144,0,1.0792,0.9904,295.6,475.11
P0063,durevoli,elettrodomestici,52,586.61,683.77,-0.1421,1,1.0096,1.0,480.6,475.11
P0063,durevoli,elettrodomestici,53,634.5,683.77,-0.0721,1,1.0395,1.0096,531.2,475.11
P0063,durevoli,elettrodomestici,54,736.86,683.77,0.0776,0,1.0564,1.0191,355.1,475.11
P0063,durevoli,elettrodomestici,55,644.01,683.77,-0.0582,0,0.9647,1.0284,326.9,475.11
P0063,durevoli,elettrodomestici,56,631.22,683.77,-0.0769,0,1.0512,1.0372,293.7,475.11
P0063,durevoli,elettrodomestici,57,736.07,683.77,0.0765,0,0.9611,1.0454,295.8,475.11
P0063,durevoli,elettrodomestici,58,585.73,683.77,-0.1434,1,0.9403,1.053,523.3,475.11
P0063,durevoli,elettrodomestici,59,606.21,683.77,-0.1134,1,0.9275,1.0599,500.7,475.11
P0063,durevoli,elettrodomestici,60,713.49,683.77,0.0435,0,0.9352,1.0658,307.0,475.11
P0063,durevoli,elettrodomestici,61,686.64,683.77,0.0042,0,1.1269,1.0708,357.0,475.11
P0063,durevoli,elettrodomestici,62,698.19,683.77,0.0211,0,1.0105,1.0748,320.3,475.11
P0063,durevoli,elettrodomestici,63,673.38,683.77,-0.0152,0,1.0106,1.0777,320.4,475.11
P0063,durevoli,elettrodomestici,64,711.06,683.77,0.0399,0,0.9717,1.0794,315.1,475.11
P0063,durevoli,elettrodomestici,65,666.29,683.77,-0.0256,0,0.9481,1.08,389.5,475.11
P0063,durevoli,elettrodomestici,66,684.39,683.77,0.0009,0,0.9732,1.0794,270.5,475.11
P0063,durevoli,elettrodomestici,67,667.58,683.77,-0.0237,0,0.9441,1.0777,346.9,475.11
P0063,durevoli,elettrodomestici,68,647.44,683.77,-0.0531,0,0.931,1.0748,378.9,475.11
P0063,durevoli,elettrodomestici,69,591.96,683.77,-0.1343,1,1.0073,1.0708,601.7,475.11
P0063,durevoli,elettrodomestici,70,689.34,683.77,0.0081,0,1.0319,1.0658,299.7,475.11
P0063,durevoli,elettrodomestici,71,643.89,683.77,-0.0583,0,0.9584,1.0599,295.3,475.11
P0063,durevoli,elettrodomestici,72,680.07,683.77,-0.0054,0,1.0416,1.053,320.9,475.11
P0063,durevoli,elettrodomestici,73,646.69,683.77,-0.0542,0,0.9393,1.0454,368.1,475.11
P0063,durevoli,elettrodomestici,74,594.15,683.77,-0.1311,1,1.0606,1.0372,455.6,475.11
P0063,durevoli,elettrodomestici,75,654.98,683.77,-0.0421,0,0.9847,1.0284,409.8,475.11
P0063,durevoli,elettrodomestici,76,640.73,683.77,-0.0629,0,1.0476,1.0191,438.6,475.11
P0063,durevoli,elettrodomestici,77,618.63,683.77,-0.0953,1,1.0432,1.0096,586.0,475.11
P0063,durevoli,elettrodomestici,78,644.93,683.77,-0.0568,0,1.0377,1.0,357.8,475.11
P0063,durevoli,elettrodomestici,79,714.61,683.77,0.0451,0,1.0219,0.9904,329.9,475.11
P0063,durevoli,elettrodomestici,80,693.31,683.77,0.014,0,0.9552,0.9809,303.2,475.11
P0063,durevoli,elettrodomestici,81,649.63,683.77,-0.0499,0,0.9315,0.9716,366.7,475.11
P0063,durevoli,elettrodomestici,82,711.8,683.77,0.041,0,0.9596,0.9628,277.5,475.11
P0063,durevoli,elettrodomestici,83,688.8,683.77,0.0074,0,0.9106,0.9546,406.6,475.11
P0063,durevoli,elettrodomestici,84,651.69,683.77,-0.0469,0,1.0157,0.947,333.7,475.11
P0063,durevoli,elettrodomestici,85,603.72,683.77,-0.1171,1,0.9893,0.9401,366.0,475.11
P0063,durevoli,elettrodomestici,86,644.46,683.77,-0.0575,0,1.0608,0.9342,292.0,475.11
P0063,durevoli,elettrodomestici,87,668.07,683.77,-0.023,0,0.9754,0.9292,270.4,475.11
P0063,durevoli,elettrodomestici,88,668.9,683.77,-0.0217,0,1.0384,0.9252,275.4,475.11
P0063,durevoli,elettrodomestici,89,684.62,683.77,0.0012,0,1.0077,0.9223,253.3,475.11
P0063,durevoli,elettrodomestici,90,608.12,683.77,-0.1106,1,1.0272,0.9206,434.2,475.11
P0063,durevoli,elettrodomestici,91,673.93,683.77,-0.0144,0,0.9605,0.92,305.5,475.11
P0063,durevoli,elettrodomestici,92,612.66,683.77,-0.104,1,1.0034,0.9206,364.1,475.11
P0063,durevoli,elettrodomestici,93,659.85,683.77,-0.035,0,1.0536,0.9223,331.3,475.11
P0063,durevoli,elettrodomestici,94,690.71,683.77,0.0102,0,0.9956,0.9252,309.9,475.11
P0063,durevoli,elettrodomestici,95,620.2,683.77,-0.093,1,0.9904,0.9292,393.2,475.11
P0063,durevoli,elettrodomestici,96,720.9,683.77,0.0543,0,1.0553,0.9342,316.4,475.11
P0063,durevoli,elettrodomestici,97,660.56,683.77,-0.0339,0,0.9559,0.9401,362.5,475.11
P0063,durevoli,elettrodomestici,98,719.78,683.77,0.0527,0,0.9606,0.947,335.1,475.11
P0063,durevoli,elettrodomestici,99,701.06,683.77,0.0253,0,1.1193,0.9546,270.0,475.11
P0063,durevoli,elettrodomestici,100,667.14,683.77,-0.0243,0,0.9499,0.9628,297.2,475.11
P0063,durevoli,elettrodomestici,101,653.85,683.77,-0.0438,0,0.9895,0.9716,341.2,475.11
P0063,durevoli,elettrodomestici,102,679.88,683.77,-0.0057,0,1.0703,0.9809,256.9,475.11
P0063,durevoli,elettrodomestici,103,667.64,683.77,-0.0236,0,1.01,0.9904,370.3,475.11
P0064,durevoli,elettrodomestici,0,804.56,791.54,0.0164,0,0.9653,1.0,394.4,540.11
P0064,durevoli,elettrodomestici,1,843.88,791.54,0.0661,0,0.9808,1.0096,390.0,540.11
P0064,durevoli,elettrodomestici,2,759.5,791.54,-0.0405,0,1.0013,1.0191,511.2,540.11
P0064,durevoli,elettrodomestici,3,750.56,791.54,-0.0518,0,0.9963,1.0284,671.0,540.11
P0064,durevoli,elettrodomestici,4,816.4,791.54,0.0314,0,0.8268,1.0372,389.4,540.11
P0064,durevoli,elettrodomestici,5,825.79,791.54,0.0433,0,1.0439,1.0454,367.9,540.11
P0064,durevoli,elettrodomestici,6,824.83,791.54,0.0421,0,1.0679,1.053,401.1,540.11
P0064,durevoli,elettrodomestici,7,766.65,791.54,-0.0314,0,1.0383,1.0599,690.0,540.11
P0064,durevoli,elettrodomestici,8,774.73,791.54,-0.0212,0,1.12,1.0658,547.5,540.11
P0064,durevoli,elettrodomestici,9,788.25,791.54,-0.0042,0,1.05,1.0708,491.4,540.11
P0064,durevoli,elettrodomestici,10,747.08,791.54,-0.0562,0,0.9283,1.0748,541.2,540.11
P0064,durevoli,elettrodomestici,11,800.79,791.54,0.0117,0,1.0318,1.0777,637.3,540.11
P0064,durevoli,elettrodomestici,12,782.84,791.54,-0.011,0,0.9645,1.0794,581.3,540.11
P0064,durevoli,elettrodomestici,13,779.14,791.54,-0.0157,0,1.1033,1.08,476.5,540.11
P0064,durevoli,elettrodomestici,14,831.84,791.54,0.0509,0,0.9319,1.0794,450.3,540.11
P0064,durevoli,elettrodomestici,15,814.37,791.54,0.0288,0,0.9449,1.0777,480.7,540.11
P0064,durevoli,elettrodomestici,16,822.57,791.54,0.0392,0,1.0445,1.0748,436.6,540.11
P0064,durevoli,elettrodomestici,17,789.48,791.54,-0.0026,0,0.9442,1.0708,480.7,540.11
P0064,durevoli,elettrodomestici,18,687.9,791.54,-0.1309,1,0.9129,1.0658,819.7,540.11
P0064,durevoli,elettrodomestici,19,814.37,791.54,0.0288,0,0.9846,1.0599,461.2,540.11
P0064,durevoli,elettrodomestici,20,694.28,791.54,-0.1229,1,0.9939,1.053,795.7,540.11
P0064,durevoli,elettrodomestici,21,820.65,791.54,0.0368,0,0.9513,1.0454,429.0,540.11
P0064,durevoli,elettrodomestici,22,768.76,791.54,-0.0288,0,1.0504,1.0372,546.0,540.11
P0064,durevoli,elettrodomestici,23,857.01,791.54,0.0827,0,1.0506,1.0284,297.0,540.11
P0064,durevoli,elettrodomestici,24,859.88,791.54,0.0863,0,0.9509,1.0191,359.4,540.11
P0064,durevoli,elettrodomestici,25,809.61,791.54,0.0228,0,1.0398,1.0096,468.4,540.11
P0064,durevoli,elettrodomestici,26,769.59,791.54,-0.0277,0,1.0217,1.0,476.3,540.11
P0064,durevoli,elettrodomestici,27,832.61,791.54,0.0519,0,0.981,0.9904,471.6,540.11
P0064,durevoli,elettrodomestici,28,787.13,791.54,-0.0056,0,0.9091,0.9809,588.1,540.11
P0064,durevoli,elettrodomestici,29,730.33,791.54,-0.0773,1,1.0494,0.9716,714.1,540.11
P0064,durevoli,elettrodomestici,30,678.2,791.54,-0.1432,1,0.8726,0.9628,829.3,540.11
P0064,durevoli,elettrodomestici,31,815.15,791.54,0.0298,0,1.112,0.9546,385.1,540.11
P0064,durevoli,elettrodomestici,32,867.68,791.54,0.0962,0,1.0002,0.947,340.4,540.11
P0064,durevoli,elettrodomestici,33,700.32,791.54,-0.1152,1,0.9644,0.9401,821.7,540.11
P0064,durevoli,elettrodomestici,34,683.45,791.54,-0.1366,1,0.9783,0.9342,880.2,540.11
P0064,durevoli,elettrodomestici,35,854.73,791.54,0.0798,0,0.9912,0.9292,314.0,540.11
P0064,durevoli,elettrodomestici,36,865.96,791.54,0.094,0,1.0064,0.9252,361.7,540.11
P0064,durevoli,elettrodomestici,37,852.72,791.54,0.0773,0,0.9876,0.9223,290.2,540.11
P0064,durevoli,elettrodomestici,38,816.57,791.54,0.0316,0,1.0228,0.9206,457.2,540.11
P0064,durevoli,elettrodomestici,39,835.03,791.54,0.0549,0,1.0123,0.92,394.1,540.11
P0064,durevoli,elettrodomestici,40,782.53,791.54,-0.0114,0,0.9897,0.9206,416.0,540.11
P0064,durevoli,elettrodomestici,41,778.91,791.54,-0.016,0,1.0218,0.9223,465.4,540.11
P0064,durevoli,elettrodomestici,42,704.29,791.54,-0.1102,1,0.9717,0.9252,743.3,540.11
P0064,durevoli,elettrodomestici,43,788.22,791.54,-0.0042,0,0.9507,0.9292,435.2,540.11
P0064,durevoli,elettrodomestici,44,734.73,791.54,-0.0718,0,1.1126,0.9342,527.2,540.11
P0064,durevoli,elettrodomestici,45,776.94,791.54,-0.0184,0,1.0849,0.9401,396.9,540.11
P0064,durevoli,elettrodomestici,46,728.65,791.54,-0.0794,1,1.13,0.947,684.6,540.11
P0064,durevoli,elettrodomestici,47,804.02,791.54,0.0158,0,0.9987,0.9546,441.0,540.11
P0064,durevoli,elettrodomestici,48,737.9,791.54,-0.0678,1,1.0081,0.9628,733.0,540.11
P0064,durevoli,elettrodomestici,49,779.99,791.54,-0.0146,0,0.9073,0.9716,407.8,540.11
P0064,durevoli,elettrodomestici,50,767.13,791.54,-0.0308,0,0.9577,0.9809,494.0,540.11
P0064,durevoli,elettrodomestici,51,798.1,791.54,0.0083,0,0.9635,0.9904,496.1,540.11
P0064,durevoli,elettrodomestici,52,835.35,791.54,0.0553,0,1.0423,1.0,368.2,540.11
P0064,durevoli,elettrodomestici,53,799.12,791.54,0.0096,0,1.0399,1.0096,487.5,540.11
P0064,durevoli,elettrodomestici,54,794.4,791.54,0.0036,0,0.9934,1.0191,415.2,540.11
P0064,durevoli,elettrodomestici,55,772.32,791.54,-0.0243,0,1.01,1.0284,578.9,540.11
P0064,durevoli,elettrodomestici,56,783.79,791.54,-0.0098,0,0.966,1.0372,478.4,540.11
P0064,durevoli,elettrodomestici,57,732.94,791.54,-0.074,0,0.9227,1.0454,721.0,540.11
P0064,durevoli,elettrodomestici,58,812.43,791.54,0.0264,0,0.9971,1.053,374.1,540.11
P0064,durevoli,elettrodomestici,59,808.49,791.54,0.0214,0,1.0415,1.0599,491.0,540.11
P0064,durevoli,elettrodomestici,60,845.37,791.54,0.068,0,0.9797,1.0658,551.5,540.11
P0064,durevoli,elettrodomestici,61,769.98,791.54,-0.0272,0,1.01,1.0708,570.8,540.11
P0064,durevoli,elettrodomestici,62,777.81,791.54,-0.0174,0,1.1101,1.0748,486.4,540.11
P0064,durevoli,elettrodomestici,63,838.38,791.54,0.0592,0,1.0425,1.0777,466.4,540.11
P0064,durevoli,elettrodomestici,64,691.08,791.54,-0.1269,1,1.0042,1.0794,795.0,540.11
P0064,durevoli,elettrodomestici,65,700.75,791.54,-0.1147,1,1.0538,1.08,902.1,540.11
P0064,durevoli,elettrodomestici,66,766.5,791.54,-0.0316,0,1.0483,1.0794,592.6,540.11
P0064,durevoli,elettrodomestici,67,676.03,791.54,-0.1459,1,1.0545,1.0777,1031.4,540.11
P0064,durevoli,elettrodomestici,68,796.46,791.54,0.0062,0,1.0276,1.0748,435.5,540.11
P0064,durevoli,elettrodomestici,69,805.99,791.54,0.0183,0,1.0412,1.0708,597.1,540.11
P0064,durevoli,elettrodomestici,70,758.04,791.54,-0.0423,0,1.102,1.0658,634.8,540.11
P0064,durevoli,elettrodomestici,71,763.0,791.54,-0.0361,0,0.9754,1.0599,602.3,540.11
P0064,durevoli,elettrodomestici,72,714.93,791.54,-0.0968,1,1.0391,1.053,593.5,540.11
P0064,durevoli,elettrodomestici,73,815.56,791.54,0.0303,0,0.9577,1.0454,377.5,540.11
P0064,durevoli,elettrodomestici,74,717.51,791.54,-0.0935,0,0.9837,1.0372,666.8,540.11
P0064,durevoli,elettrodomestici,75,818.47,791.54,0.034,0,1.0051,1.0284,435.0,540.11
P0064,durevoli,elettrodomestici,76,812.13,791.54,0.026,0,1.0645,1.0191,408.0,540.11
P0064,durevoli,elettrodomestici,77,812.93,791.54,0.027,0,1.0209,1.0096,517.4,540.11
P0064,durevoli,elettrodomestici,78,779.86,791.54,-0.0148,0,0.9612,1.0,522.5,540.11
P0064,durevoli,elettrodomestici,79,772.27,791.54,-0.0244,0,1.0832,0.9904,608.2,540.11
P0064,durevoli,elettrodomestici,80,753.66,791.54,-0.0479,0,1.0932,0.9809,554.9,540.11
P0064,durevoli,elettrodomestici,81,794.45,791.54,0.0037,0,0.96,0.9716,417.2,540.11
P0064,durevoli,elettrodomestici,82,779.14,791.54,-0.0157,0,1.0216,0.9628,463.3,540.11
P0064,durevoli,elettrodomestici,83,836.45,791.54,0.0567,0,1.0297,0.9546,379.7,540.11
P0064,durevoli,elettrodomestici,84,741.87,791.54,-0.0628,0,0.9753,0.947,443.4,540.11
P0064,durevoli,elettrodomestici,85,800.57,791.54,0.0114,0,1.0071,0.9401,476.8,540.11
P0064,durevoli,elettrodomestici,86,769.4,791.54,-0.028,0,1.0207,0.9342,482.3,540.11
P0064,durevoli,elettrodomestici,87,824.69,791.54,0.0419,0,1.0772,0.9292,391.3,540.11
P0064,durevoli,elettrodomestici,88,795.97,791.54,0.0056,0,1.017,0.9252,401.6,540.11
P0064,durevoli,elettrodomestici,89,788.33,791.54,-0.0041,0,1.1052,0.9223,468.7,540.11
P0064,durevoli,elettrodomestici,90,817.04,791.54,0.0322,0,1.0765,0.9206,422.8,540.11
P0064,durevoli,elettrodomestici,91,773.26,791.54,-0.0231,0,0.9439,0.92,337.9,540.11
P0064,durevoli,elettrodomestici,92,720.66,791.54,-0.0895,1,0.9833,0.9206,803.9,540.11
P0064,durevoli,elettrodomestici,93,682.32,791.54,-0.138,1,0.9713,0.9223,755.4,540.11
P0064,durevoli,elettrodomestici,94,811.56,791.54,0.0253,0,1.0576,0.9252,363.0,540.11
P0064,durevoli,elettrodomestici,95,833.93,791.54,0.0536,0,0.9275,0.9292,404.9,540.11
P0064,durevoli,elettrodomestici,96,802.54,791.54,0.0139,0,1.0538,0.9342,432.0,540.11
P0064,durevoli,elettrodomestici,97,830.22,791.54,0.0489,0,1.0145,0.9401,572.8,540.11
P0064,durevoli,elettrodomestici,98,743.89,791.54,-0.0602,0,1.0497,0.947,526.0,540.11
P0064,durevoli,elettrodomestici,99,761.11,791.54,-0.0384,0,1.0027,0.9546,522.3,540.11
P0064,durevoli,elettrodomestici,100,683.85,791.54,-0.1361,1,0.9319,0.9628,922.3,540.11
P0064,durevoli,elettrodomestici,101,757.25,791.54,-0.0433,0,0.9351,0.9716,590.1,540.11
P0064,durevoli,elettrodomestici,102,698.96,791.54,-0.117,1,1.0028,0.9809,794.4,540.11
P0064,durevoli,elettrodomestici,103,817.25,791.54,0.0325,0,1.014,0.9904,315.1,540.11
P0065,durevoli,elettrodomestici,0,163.48,187.86,-0.1298,1,0.9889,1.0,541.5,130.53
P0065,durevoli,elettrodomestici,1,186.19,187.86,-0.0089,0,0.9289,1.0096,389.1,130.53
P0065,durevoli,elettrodomestici,2,192.88,187.86,0.0267,0,1.0744,1.0191,374.1,130.53
P0065,durevoli,elettrodomestici,3,178.71,187.86,-0.0487,0,1.0421,1.0284,353.0,130.53
P0065,durevoli,elettrodomestici,4,180.48,187.86,-0.0393,0,1.0292,1.0372,377.2,130.53
P0065,durevoli,elettrodomestici,5,178.73,187.86,-0.0486,0,1.0605,1.0454,381.8,130.53
P0065,durevoli,elettrodomestici,6,174.03,187.86,-0.0736,0,1.0028,1.053,363.4,130.53
P0065,durevoli,elettrodomestici,7,170.73,187.86,-0.0912,1,1.0185,1.0599,521.2,130.53
P0065,durevoli,elettrodomestici,8,177.6,187.86,-0.0546,0,0.9547,1.0658,438.1,130.53
P0065,durevoli,elettrodomestici,9,195.36,187.86,0.0399,0,1.0413,1.0708,345.1,130.53
P0065,durevoli,elettrodomestici,10,184.99,187.86,-0.0153,0,0.9924,1.0748,380.5,130.53
P0065,durevoli,elettrodomestici,11,196.04,187.86,0.0435,0,0.975,1.0777,306.9,130.53
P0065,durevoli,elettrodomestici,12,167.0,187.86,-0.111,1,0.9343,1.0794,566.9,130.53
P0065,durevoli,elettrodomestici,13,174.42,187.86,-0.0716,0,0.935,1.08,450.0,130.53
P0065,durevoli,elettrodomestici,14,164.98,187.86,-0.1218,1,0.9659,1.0794,623.4,130.53
P0065,durevoli,elettrodomestici,15,186.96,187.86,-0.0048,0,0.9347,1.0777,338.4,130.53
P0065,durevoli,elettrodomestici,16,192.83,187.86,0.0265,0,1.0217,1.0748,299.8,130.53
P0065,durevoli,elettrodomestici,17,181.57,187.86,-0.0335,0,0.9982,1.0708,340.1,130.53
P0065,durevoli,elettrodomestici,18,192.09,187.86,0.0225,0,1.0651,1.0658,324.3,130.53
P0065,durevoli,elettrodomestici,19,185.03,187.86,-0.0151,0,1.0783,1.0599,334.0,130.53
P0065,durevoli,elettrodomestici,20,190.81,187.86,0.0157,0,1.0262,1.053,295.1,130.53
P0065,durevoli,elettrodomestici,21,193.51,187.86,0.0301,0,0.9877,1.0454,279.8,130.53
P0065,durevoli,elettrodomestici,22,188.23,187.86,0.002,0,0.9417,1.0372,326.6,130.53
P0065,durevoli,elettrodomestici,23,197.47,187.86,0.0511,0,1.0447,1.0284,286.9,130.53
P0065,durevoli,elettrodomestici,24,194.53,187.86,0.0355,0,0.9913,1.0191,326.9,130.53
P0065,durevoli,elettrodomestici,25,184.63,187.86,-0.0172,0,1.0823,1.0096,391.2,130.53
P0065,durevoli,elettrodomestici,26,184.94,187.86,-0.0155,0,1.0118,1.0,318.6,130.53
P0065,durevoli,elettrodomestici,27,191.36,187.86,0.0186,0,0.9488,0.9904,288.9,130.53
P0065,durevoli,elettrodomestici,28,178.88,187.86,-0.0478,0,1.0329,0.9809,337.4,130.53
P0065,durevoli,elettrodomestici,29,162.76,187.86,-0.1336,1,0.9797,0.9716,476.3,130.53
P0065,durevoli,elettrodomestici,30,188.15,187.86,0.0016,0,1.0371,0.9628,306.3,130.53
P0065,durevoli,elettrodomestici,31,190.86,187.86,0.016,0,0.9507,0.9546,256.5,130.53
P0065,durevoli,elettrodomestici,32,181.16,187.86,-0.0356,0,1.0297,0.947,362.3,130.53
P0065,durevoli,elettrodomestici,33,182.15,187.86,-0.0304,0,1.0461,0.9401,331.7,130.53
P0065,durevoli,elettrodomestici,34,186.81,187.86,-0.0056,0,1.0236,0.9342,276.4,130.53
P0065,durevoli,elettrodomestici,35,197.36,187.86,0.0506,0,1.0482,0.9292,266.0,130.53
P0065,durevoli,elettrodomestici,36,184.32,187.86,-0.0188,0,0.9745,0.9252,254.3,130.53
P0065,durevoli,elettrodomestici,37,165.47,187.86,-0.1192,1,0.9965,0.9223,437.1,130.53
P0065,durevoli,elettrodomestici,38,196.68,187.86,0.047,0,1.0449,0.9206,262.1,130.53
P0065,durevoli,elettrodomestici,39,205.6,187.86,0.0945,0,0.976,0.92,231.0,130.53
P0065,durevoli,elettrodomestici,40,181.86,187.86,-0.032,0,1.0425,0.9206,317.5,130.53
P0065,durevoli,elettrodomestici,41,184.08,187.86,-0.0201,0,0.9606,0.9223,240.9,130.53
P0065,durevoli,elettrodomestici,42,194.05,187.86,0.033,0,1.0337,0.9252,284.1,130.53
P0065,durevoli,elettrodomestici,43,182.92,187.86,-0.0263,0,0.9872,0.9292,274.4,130.53
P0065,durevoli,elettrodomestici,44,181.43,187.86,-0.0342,0,1.0025,0.9342,321.8,130.53
P0065,durevoli,elettrodomestici,45,201.43,187.86,0.0722,0,1.0343,0.9401,249.3,130.53
P0065,durevoli,elettrodomestici,46,163.49,187.86,-0.1297,1,0.8961,0.947,460.6,130.53
P0065,durevoli,elettrodomestici,47,188.97,187.86,0.0059,0,0.9436,0.9546,273.4,130.53
P0065,durevoli,elettrodomestici,48,160.92,187.86,-0.1434,1,1.0776,0.9628,530.5,130.53
P0065,durevoli,elettrodomestici,49,182.01,187.86,-0.0312,0,1.0246,0.9716,339.5,130.53
P0065,durevoli,elettrodomestici,50,189.53,187.86,0.0089,0,1.0493,0.9809,325.4,130.53
P0065,durevoli,elettrodomestici,51,192.68,187.86,0.0256,0,0.9948,0.9904,269.9,130.53
P0065,durevoli,elettrodomestici,52,193.92,187.86,0.0323,0,0.9758,1.0,282.7,130.53
P0065,durevoli,elettrodomestici,53,175.99,187.86,-0.0632,0,0.9879,1.0096,407.2,130.53
P0065,durevoli,elettrodomestici,54,197.25,187.86,0.05,0,0.9897,1.0191,282.4,130.53
P0065,durevoli,elettrodomestici,55,177.2,187.86,-0.0567,1,0.9521,1.0284,457.1,130.53
P0065,durevoli,elettrodomestici,56,165.22,187.86,-0.1205,1,1.0018,1.0372,540.5,130.53
P0065,durevoli,elettrodomestici,57,187.79,187.86,-0.0004,0,1.0278,1.0454,338.3,130.53
P0065,durevoli,elettrodomestici,58,185.87,187.86,-0.0106,0,0.985,1.053,373.5,130.53
P0065,durevoli,elettrodomestici,59,191.14,187.86,0.0174,0,1.1169,1.0599,287.1,130.53
P0065,durevoli,elettrodomestici,60,184.62,187.86,-0.0172,0,1.0669,1.0658,381.1,130.53
P0065,durevoli,elettrodomestici,61,160.0,187.86,-0.1483,1,0.9875,1.0708,557.5,130.53
P0065,durevoli,elettrodomestici,62,186.65,187.86,-0.0064,0,1.0096,1.0748,291.6,130.53
P0065,durevoli,elettrodomestici,63,196.16,187.86,0.0442,0,1.0472,1.0777,310.6,130.53
P0065,durevoli,elettrodomestici,64,184.06,187.86,-0.0202,0,0.9957,1.0794,300.7,130.53
P0065,durevoli,elettrodomestici,65,199.62,187.86,0.0626,0,0.9817,1.08,248.4,130.53
P0065,durevoli,elettrodomestici,66,190.42,187.86,0.0136,0,1.0415,1.0794,320.0,130.53
P0065,durevoli,elettrodomestici,67,186.65,187.86,-0.0064,0,1.0277,1.0777,343.3,130.53
P0065,durevoli,elettrodomestici,68,184.33,187.86,-0.0188,0,1.0213,1.0748,355.1,130.53
P0065,durevoli,elettrodomestici,69,188.78,187.86,0.0049,0,0.9807,1.0708,361.2,130.53
P0065,durevoli,elettrodomestici,70,191.16,187.86,0.0176,0,0.9183,1.0658,289.1,130.53
P0065,durevoli,elettrodomestici,71,182.62,187.86,-0.0279,0,0.9729,1.0599,399.7,130.53
P0065,durevoli,elettrodomestici,72,185.07,187.86,-0.0148,0,1.0296,1.053,358.8,130.53
P0065,durevoli,elettrodomestici,73,195.41,187.86,0.0402,0,0.9669,1.0454,305.0,130.53
P0065,durevoli,elettrodomestici,74,181.27,187.86,-0.0351,0,0.932,1.0372,316.2,130.53
P0065,durevoli,elettrodomestici,75,169.64,187.86,-0.097,1,0.9865,1.0284,493.9,130.53
P0065,durevoli,elettrodomestici,76,175.37,187.86,-0.0665,1,0.9378,1.0191,425.5,130.53
P0065,durevoli,elettrodomestici,77,191.24,187.86,0.018,0,1.0309,1.0096,344.0,130.53
P0065,durevoli,elettrodomestici,78,185.25,187.86,-0.0139,0,1.0817,1.0,234.0,130.53
P0065,durevoli,elettrodomestici,79,190.69,187.86,0.0151,0,1.0937,0.9904,248.5,130.53
P0065,durevoli,elettrodomestici,80,178.93,187.86,-0.0475,0,0.9101,0.9809,338.1,130.53
P0065,durevoli,elettrodomestici,81,195.79,187.86,0.0422,0,0.9734,0.9716,303.8,130.53
P0065,durevoli,elettrodomestici,82,191.52,187.86,0.0195,0,1.0577,0.9628,285.3,130.53
P0065,durevoli,elettrodomestici,83,167.99,187.86,-0.1058,1,1.0328,0.9546,550.0,130.53
P0065,durevoli,elettrodomestici,84,180.07,187.86,-0.0415,0,0.9897,0.947,342.0,130.53
P0065,durevoli,elettrodomestici,85,188.62,187.86,0.0041,0,1.0715,0.9401,252.6,130.53
P0065,durevoli,elettrodomestici,86,176.76,187.86,-0.0591,0,1.0311,0.9342,362.6,130.53
P0065,durevoli,elettrodomestici,87,187.69,187.86,-0.0009,0,1.1674,0.9292,333.5,130.53
P0065,durevoli,elettrodomestici,88,189.54,187.86,0.0089,0,0.9842,0.9252,291.8,130.53
P0065,durevoli,elettrodomestici,89,174.94,187.86,-0.0688,0,1.0098,0.9223,347.0,130.53
P0065,durevoli,elettrodomestici,90,186.99,187.86,-0.0046,0,0.9617,0.9206,304.2,130.53
P0065,durevoli,elettrodomestici,91,187.0,187.86,-0.0046,0,0.9361,0.92,288.9,130.53
P0065,durevoli,elettrodomestici,92,186.44,187.86,-0.0076,0,1.0366,0.9206,273.5,130.53
P0065,durevoli,elettrodomestici,93,191.42,187.86,0.0189,0,0.9865,0.9223,383.0,130.53
P0065,durevoli,elettrodomestici,94,179.69,187.86,-0.0435,0,0.958,0.9252,289.2,130.53
P0065,durevoli,elettrodomestici,95,167.48,187.86,-0.1085,1,0.9447,0.9292,457.6,130.53
P0065,durevoli,elettrodomestici,96,184.44,187.86,-0.0182,0,1.0336,0.9342,251.9,130.53
P0065,durevoli,elettrodomestici,97,182.03,187.86,-0.031,0,1.015,0.9401,282.3,130.53
P0065,durevoli,elettrodomestici,98,168.26,187.86,-0.1043,1,1.0568,0.947,533.6,130.53
P0065,durevoli,elettrodomestici,99,166.85,187.86,-0.1118,1,1.0927,0.9546,663.6,130.53
P0065,durevoli,elettrodomestici,100,188.9,187.86,0.0055,0,0.9724,0.9628,261.7,130.53
P0065,durevoli,elettrodomestici,101,189.5,187.86,0.0087,0,0.9195,0.9716,318.7,130.53
P0065,durevoli,elettrodomestici,102,183.91,187.86,-0.021,0,0.9667,0.9809,342.8,130.53
P0065,durevoli,elettrodomestici,103,190.48,187.86,0.0139,0,1.039,0.9904,275.1,130.53
P0066,durevoli,elettrodomestici,0,852.82,835.05,0.0213,0,0.9321,1.0,245.0,632.54
P0066,durevoli,elettrodomestici,1,833.92,835.05,-0.0013,0,1.016,1.0096,255.7,632.54
P0066,durevoli,elettrodomestici,2,800.62,835.05,-0.0412,0,0.9955,1.0191,328.7,632.54
P0066,durevoli,elettrodomestici,3,764.88,835.05,-0.084,1,0.9817,1.0284,373.0,632.54
P0066,durevoli,elettrodomestici,4,843.46,835.05,0.0101,0,1.0529,1.0372,333.5,632.54
P0066,durevoli,elettrodomestici,5,854.08,835.05,0.0228,0,1.0271,1.0454,239.4,632.54
P0066,durevoli,elettrodomestici,6,843.1,835.05,0.0096,0,1.106,1.053,266.8,632.54
P0066,durevoli,elettrodomestici,7,833.72,835.05,-0.0016,0,0.9921,1.0599,232.6,632.54
P0066,durevoli,elettrodomestici,8,855.02,835.05,0.0239,0,0.9654,1.0658,171.4,632.54
P0066,durevoli,elettrodomestici,9,820.39,835.05,-0.0176,0,0.9625,1.0708,255.1,632.54
P0066,durevoli,elettrodomestici,10,823.13,835.05,-0.0143,0,1.0465,1.0748,312.1,632.54
P0066,durevoli,elettrodomestici,11,819.83,835.05,-0.0182,0,1.0064,1.0777,276.8,632.54
P0066,durevoli,elettrodomestici,12,890.99,835.05,0.067,0,1.0357,1.0794,221.0,632.54
P0066,durevoli,elettrodomestici,13,732.07,835.05,-0.1233,1,0.9706,1.08,452.9,632.54
P0066,durevoli,elettrodomestici,14,821.25,835.05,-0.0165,0,0.9794,1.0794,274.6,632.54
P0066,durevoli,elettrodomestici,15,731.92,835.05,-0.1235,1,1.0761,1.0777,428.1,632.54
P0066,durevoli,elettrodomestici,16,784.57,835.05,-0.0605,0,0.9744,1.0748,262.3,632.54
P0066,durevoli,elettrodomestici,17,832.24,835.05,-0.0034,0,1.047,1.0708,322.5,632.54
P0066,durevoli,elettrodomestici,18,824.9,835.05,-0.0122,0,1.0666,1.0658,281.0,632.54
P0066,durevoli,elettrodomestici,19,865.24,835.05,0.0362,0,1.0448,1.0599,257.5,632.54
P0066,durevoli,elettrodomestici,20,833.06,835.05,-0.0024,0,1.026,1.053,259.9,632.54
P0066,durevoli,elettrodomestici,21,814.57,835.05,-0.0245,0,0.9159,1.0454,299.9,632.54
P0066,durevoli,elettrodomestici,22,802.34,835.05,-0.0392,0,1.0632,1.0372,319.7,632.54
P0066,durevoli,elettrodomestici,23,728.93,835.05,-0.1271,1,1.0267,1.0284,474.9,632.54
P0066,durevoli,elettrodomestici,24,848.81,835.05,0.0165,0,0.9909,1.0191,234.4,632.54
P0066,durevoli,elettrodomestici,25,814.67,835.05,-0.0244,0,1.0161,1.0096,278.8,632.54
P0066,durevoli,elettrodomestici,26,793.94,835.05,-0.0492,0,0.917,1.0,268.6,632.54
P0066,durevoli,elettrodomestici,27,840.49,835.05,0.0065,0,0.9345,0.9904,281.9,632.54
P0066,durevoli,elettrodomestici,28,738.95,835.05,-0.1151,1,1.0262,0.9809,357.4,632.54
P0066,durevoli,elettrodomestici,29,842.81,835.05,0.0093,0,1.0083,0.9716,236.7,632.54
P0066,durevoli,elettrodomestici,30,850.41,835.05,0.0184,0,0.9568,0.9628,225.7,632.54
P0066,durevoli,elettrodomestici,31,852.08,835.05,0.0204,0,1.03,0.9546,233.2,632.54
P0066,durevoli,elettrodomestici,32,817.47,835.05,-0.0211,0,0.9404,0.947,267.5,632.54
P0066,durevoli,elettrodomestici,33,829.45,835.05,-0.0067,0,1.0119,0.9401,239.4,632.54
P0066,durevoli,elettrodomestici,34,808.6,835.05,-0.0317,0,1.0134,0.9342,242.6,632.54
P0066,durevoli,elettrodomestici,35,868.89,835.05,0.0405,0,1.0253,0.9292,198.8,632.54
P0066,durevoli,elettrodomestici,36,881.8,835.05,0.056,0,0.9846,0.9252,206.0,632.54
P0066,durevoli,elettrodomestici,37,841.34,835.05,0.0075,0,0.9814,0.9223,207.9,632.54
P0066,durevoli,elettrodomestici,38,854.28,835.05,0.023,0,1.066,0.9206,183.8,632.54
P0066,durevoli,elettrodomestici,39,826.62,835.05,-0.0101,0,1.0462,0.92,216.0,632.54
P0066,durevoli,elettrodomestici,40,796.68,835.05,-0.046,0,0.9835,0.9206,273.4,632.54
P0066,durevoli,elettrodomestici,41,827.74,835.05,-0.0088,0,1.0559,0.9223,235.9,632.54
P0066,durevoli,elettrodomestici,42,760.43,835.05,-0.0894,1,0.9996,0.9252,329.8,632.54
P0066,durevoli,elettrodomestici,43,856.51,835.05,0.0257,0,1.015,0.9292,224.1,632.54
P0066,durevoli,elettrodomestici,44,874.72,835.05,0.0475,0,0.9941,0.9342,195.1,632.54
P0066,durevoli,elettrodomestici,45,816.08,835.05,-0.0227,0,1.0443,0.9401,261.3,632.54
P0066,durevoli,elettrodomestici,46,878.11,835.05,0.0516,0,0.9461,0.947,199.0,632.54
P0066,durevoli,elettrodomestici,47,772.57,835.05,-0.0748,0,1.0057,0.9546,247.4,632.54
P0066,durevoli,elettrodomestici,48,868.89,835.05,0.0405,0,0.9864,0.9628,212.1,632.54
P0066,durevoli,elettrodomestici,49,885.16,835.05,0.06,0,0.9534,0.9716,187.9,632.54
P0066,durevoli,elettrodomestici,50,847.65,835.05,0.0151,0,0.9743,0.9809,250.9,632.54
P0066,durevoli,elettrodomestici,51,793.96,835.05,-0.0492,0,0.9777,0.9904,235.7,632.54
P0066,durevoli,elettrodomestici,52,826.44,835.05,-0.0103,0,0.9636,1.0,273.2,632.54
P0066,durevoli,elettrodomestici,53,843.79,835.05,0.0105,0,0.9847,1.0096,240.9,632.54
P0066,durevoli,elettrodomestici,54,827.78,835.05,-0.0087,0,1.021,1.0191,206.9,632.54
P0066,durevoli,elettrodomestici,55,809.66,835.05,-0.0304,0,0.9831,1.0284,229.3,632.54
P0066,durevoli,elettrodomestici,56,843.17,835.05,0.0097,0,1.0229,1.0372,220.6,632.54
P0066,durevoli,elettrodomestici,57,759.61,835.05,-0.0903,1,0.9753,1.0454,406.1,632.54
P0066,durevoli,elettrodomestici,58,808.83,835.05,-0.0314,0,1.0135,1.053,318.3,632.54
P0066,durevoli,elettrodomestici,59,913.07,835.05,0.0934,0,1.0157,1.0599,186.2,632.54
P0066,durevoli,elettrodomestici,60,798.43,835.05,-0.0439,0,1.0164,1.0658,264.6,632.54
P0066,durevoli,elettrodomestici,61,863.17,835.05,0.0337,0,0.987,1.0708,306.3,632.54
P0066,durevoli,elettrodomestici,62,791.01,835.05,-0.0527,1,0.976,1.0748,538.8,632.54
P0066,durevoli,elettrodomestici,63,851.24,835.05,0.0194,0,1.0293,1.0777,244.0,632.54
P0066,durevoli,elettrodomestici,64,848.44,835.05,0.016,0,1.0182,1.0794,293.8,632.54
P0066,durevoli,elettrodomestici,65,809.35,835.05,-0.0308,0,0.9877,1.08,327.4,632.54
P0066,durevoli,elettrodomestici,66,833.08,835.05,-0.0024,0,0.9896,1.0794,225.2,632.54
P0066,durevoli,elettrodomestici,67,850.9,835.05,0.019,0,0.9258,1.0777,306.7,632.54
P0066,durevoli,elettrodomestici,68,845.16,835.05,0.0121,0,1.0004,1.0748,230.0,632.54
P0066,durevoli,elettrodomestici,69,845.63,835.05,0.0127,0,0.9674,1.0708,266.9,632.54
P0066,durevoli,elettrodomestici,70,733.07,835.05,-0.1221,1,1.0263,1.0658,369.2,632.54
P0066,durevoli,elettrodomestici,71,736.8,835.05,-0.1177,1,0.9069,1.0599,410.8,632.54
P0066,durevoli,elettrodomestici,72,776.08,835.05,-0.0706,1,1.0696,1.053,419.1,632.54
P0066,durevoli,elettrodomestici,73,861.22,835.05,0.0313,0,0.968,1.0454,258.6,632.54
P0066,durevoli,elettrodomestici,74,855.49,835.05,0.0245,0,1.0621,1.0372,251.6,632.54
P0066,durevoli,elettrodomestici,75,828.96,835.05,-0.0073,0,1.1059,1.0284,280.8,632.54
P0066,durevoli,elettrodomestici,76,800.59,835.05,-0.0413,0,0.9596,1.0191,250.6,632.54
P0066,durevoli,elettrodomestici,77,797.82,835.05,-0.0446,0,1.0646,1.0096,284.5,632.54
P0066,durevoli,elettrodomestici,78,800.99,835.05,-0.0408,0,0.9615,1.0,211.1,632.54
P0066,durevoli,elettrodomestici,79,793.61,835.05,-0.0496,0,0.9329,0.9904,330.2,632.54
P0066,durevoli,elettrodomestici,80,838.58,835.05,0.0042,0,1.017,0.9809,273.1,632.54
P0066,durevoli,elettrodomestici,81,789.94,835.05,-0.054,0,1.0367,0.9716,290.6,632.54
P0066,durevoli,elettrodomestici,82,798.54,835.05,-0.0437,0,0.9635,0.9628,280.0,632.54
P0066,durevoli,elettrodomestici,83,766.28,835.05,-0.0823,0,1.0099,0.9546,323.8,632.54
P0066,durevoli,elettrodomestici,84,851.07,835.05,0.0192,0,1.0202,0.947,227.7,632.54
P0066,durevoli,elettrodomestici,85,874.48,835.05,0.0472,0,0.9518,0.9401,232.9,632.54
P0066,durevoli,elettrodomestici,86,811.82,835.05,-0.0278,0,1.0598,0.9342,215.9,632.54
P0066,durevoli,elettrodomestici,87,904.06,835.05,0.0826,0,1.0513,0.9292,178.1,632.54
P0066,durevoli,elettrodomestici,88,830.08,835.05,-0.006,0,1.0656,0.9252,208.5,632.54
P0066,durevoli,elettrodomestici,89,855.9,835.05,0.025,0,0.9159,0.9223,196.0,632.54
P0066,durevoli,elettrodomestici,90,772.67,835.05,-0.0747,1,0.9318,0.9206,358.9,632.54
P0066,durevoli,elettrodomestici,91,815.69,835.05,-0.0232,0,1.083,0.92,253.4,632.54
P0066,durevoli,elettrodomestici,92,882.42,835.05,0.0567,0,0.9738,0.9206,208.1,632.54
P0066,durevoli,elettrodomestici,93,745.33,835.05,-0.1074,1,0.9759,0.9223,355.6,632.54
P0066,durevoli,elettrodomestici,94,820.38,835.05,-0.0176,0,1.0536,0.9252,207.6,632.54
P0066,durevoli,elettrodomestici,95,741.66,835.05,-0.1118,1,0.9938,0.9292,428.0,632.54
P0066,durevoli,elettrodomestici,96,851.65,835.05,0.0199,0,0.9378,0.9342,210.7,632.54
P0066,durevoli,elettrodomestici,97,825.34,835.05,-0.0116,0,0.9711,0.9401,294.6,632.54
P0066,durevoli,elettrodomestici,98,847.9,835.05,0.0154,0,0.9446,0.947,250.6,632.54
P0066,durevoli,elettrodomestici,99,860.47,835.05,0.0304,0,0.9344,0.9546,211.5,632.54
P0066,durevoli,elettrodomestici,100,818.18,835.05,-0.0202,0,1.1266,0.9628,238.6,632.54
P0066,durevoli,elettrodomestici,101,817.51,835.05,-0.021,0,1.0116,0.9716,301.7,632.54
P0066,durevoli,elettrodomestici,102,828.65,835.05,-0.0077,0,0.9463,0.9809,289.3,632.54
P0066,durevoli,elettrodomestici,103,731.61,835.05,-0.1239,1,0.8831,0.9904,412.6,632.54
P0067,durevoli,elettronica_consumo,0,644.39,688.38,-0.0639,0,1.0495,1.0,578.5,535.06
P0067,durevoli,elettronica_consumo,1,722.46,688.38,0.0495,0,0.964,1.0096,550.8,535.06
P0067,durevoli,elettronica_consumo,2,674.91,688.38,-0.0196,0,0.9484,1.0191,432.1,535.06
P0067,durevoli,elettronica_consumo,3,664.93,688.38,-0.0341,0,1.0205,1.0284,547.7,535.06
P0067,durevoli,elettronica_consumo,4,622.13,688.38,-0.0962,1,0.935,1.0372,816.5,535.06
P0067,durevoli,elettronica_consumo,5,688.04,688.38,-0.0005,0,1.0052,1.0454,481.0,535.06
P0067,durevoli,elettronica_consumo,6,684.54,688.38,-0.0056,0,1.0751,1.053,574.5,535.06
P0067,durevoli,elettronica_consumo,7,676.55,688.38,-0.0172,0,1.0307,1.0599,580.9,535.06
P0067,durevoli,elettronica_consumo,8,634.71,688.38,-0.078,1,0.9637,1.0658,918.8,535.06
P0067,durevoli,elettronica_consumo,9,699.42,688.38,0.016,0,0.9783,1.0708,511.7,535.06
P0067,durevoli,elettronica_consumo,10,673.83,688.38,-0.0211,0,0.958,1.0748,585.2,535.06
P0067,durevoli,elettronica_consumo,11,698.88,688.38,0.0152,0,1.0028,1.0777,553.3,535.06
P0067,durevoli,elettronica_consumo,12,645.73,688.38,-0.062,1,0.9876,1.0794,909.1,535.06
P0067,durevoli,elettronica_consumo,13,697.43,688.38,0.0131,0,0.9347,1.08,594.9,535.06
P0067,durevoli,elettronica_consumo,14,666.4,688.38,-0.0319,0,0.9431,1.0794,528.8,535.06
P0067,durevoli,elettronica_consumo,15,724.49,688.38,0.0525,0,0.9678,1.0777,380.0,535.06
P0067,durevoli,elettronica_consumo,16,661.53,688.38,-0.039,0,1.0407,1.0748,590.1,535.06
P0067,durevoli,elettronica_consumo,17,717.23,688.38,0.0419,0,1.0309,1.0708,434.7,535.06
P0067,durevoli,elettronica_consumo,18,645.41,688.38,-0.0624,0,1.1302,1.0658,590.4,535.06
P0067,durevoli,elettronica_consumo,19,675.56,688.38,-0.0186,0,0.946,1.0599,582.2,535.06
P0067,durevoli,elettronica_consumo,20,699.94,688.38,0.0168,0,1.0401,1.053,582.0,535.06
P0067,durevoli,elettronica_consumo,21,653.69,688.38,-0.0504,0,0.9401,1.0454,473.0,535.06
P0067,durevoli,elettronica_consumo,22,688.1,688.38,-0.0004,0,0.9429,1.0372,466.2,535.06
P0067,durevoli,elettronica_consumo,23,598.72,688.38,-0.1302,1,0.9894,1.0284,912.4,535.06
P0067,durevoli,elettronica_consumo,24,674.76,688.38,-0.0198,0,0.9756,1.0191,446.8,535.06
P0067,durevoli,elettronica_consumo,25,690.52,688.38,0.0031,0,0.9911,1.0096,658.6,535.06
P0067,durevoli,elettronica_consumo,26,684.61,688.38,-0.0055,0,1.025,1.0,682.8,535.06
P0067,durevoli,elettronica_consumo,27,634.81,688.38,-0.0778,0,1.0216,0.9904,570.8,535.06
P0067,durevoli,elettronica_consumo,28,617.44,688.38,-0.1031,1,1.0741,0.9809,755.2,535.06
P0067,durevoli,elettronica_consumo,29,692.24,688.38,0.0056,0,0.9557,0.9716,492.6,535.06
P0067,durevoli,elettronica_consumo,30,678.73,688.38,-0.014,0,0.9298,0.9628,575.7,535.06
P0067,durevoli,elettronica_consumo,31,685.97,688.38,-0.0035,0,0.9982,0.9546,542.7,535.06
P0067,durevoli,elettronica_consumo,32,730.05,688.38,0.0605,0,0.9342,0.947,473.5,535.06
P0067,durevoli,elettronica_consumo,33,591.55,688.38,-0.1407,1,1.1124,0.9401,1196.2,535.06
P0067,durevoli,elettronica_consumo,34,650.18,688.38,-0.0555,1,0.9764,0.9342,678.5,535.06
P0067,durevoli,elettronica_consumo,35,657.53,688.38,-0.0448,0,1.0922,0.9292,542.3,535.06
P0067,durevoli,elettronica_consumo,36,668.85,688.38,-0.0284,0,1.0095,0.9252,433.9,535.06
P0067,durevoli,elettronica_consumo,37,626.98,688.38,-0.0892,1,1.0646,0.9223,624.8,535.06
P0067,durevoli,elettronica_consumo,38,639.05,688.38,-0.0717,0,0.9555,0.9206,548.7,535.06
P0067,durevoli,elettronica_consumo,39,590.22,688.38,-0.1426,1,0.9795,0.92,916.7,535.06
P0067,durevoli,elettronica_consumo,40,746.44,688.38,0.0843,0,0.9704,0.9206,412.6,535.06
P0067,durevoli,elettronica_consumo,41,673.45,688.38,-0.0217,0,1.0083,0.9223,479.6,535.06
P0067,durevoli,elettronica_consumo,42,690.81,688.38,0.0035,0,0.993,0.9252,417.2,535.06
P0067,durevoli,elettronica_consumo,43,702.51,688.38,0.0205,0,0.9206,0.9292,438.7,535.06
P0067,durevoli,elettronica_consumo,44,706.74,688.38,0.0267,0,0.9989,0.9342,457.2,535.06
P0067,durevoli,elettronica_consumo,45,641.05,688.38,-0.0688,1,1.0394,0.9401,833.6,535.06
P0067,durevoli,elettronica_consumo,46,650.98,688.38,-0.0543,0,0.9907,0.947,586.9,535.06
P0067,durevoli,elettronica_consumo,47,648.41,688.38,-0.0581,0,0.9357,0.9546,694.0,535.06
P0067,durevoli,elettronica_consumo,48,689.53,688.38,0.0017,0,0.9922,0.9628,491.9,535.06
P0067,durevoli,elettronica_consumo,49,707.39,688.38,0.0276,0,1.0018,0.9716,439.9,535.06
P0067,durevoli,elettronica_consumo,50,679.34,688.38,-0.0131,0,1.0026,0.9809,454.6,535.06
P0067,durevoli,elettronica_consumo,51,671.97,688.38,-0.0238,0,0.9688,0.9904,584.8,535.06
P0067,durevoli,elettronica_consumo,52,679.92,688.38,-0.0123,0,1.0584,1.0,479.7,535.06
P0067,durevoli,elettronica_consumo,53,715.02,688.38,0.0387,0,1.0249,1.0096,537.6,535.06
P0067,durevoli,elettronica_consumo,54,740.82,688.38,0.0762,0,0.9679,1.0191,399.2,535.06
P0067,durevoli,elettronica_consumo,55,711.03,688.38,0.0329,0,0.9605,1.0284,525.2,535.06
P0067,durevoli,elettronica_consumo,56,645.85,688.38,-0.0618,1,1.0462,1.0372,960.8,535.06
P0067,durevoli,elettronica_consumo,57,596.86,688.38,-0.1329,1,1.0627,1.0454,888.8,535.06
P0067,durevoli,elettronica_consumo,58,677.62,688.38,-0.0156,0,0.9057,1.053,472.3,535.06
P0067,durevoli,elettronica_consumo,59,699.21,688.38,0.0157,0,0.9479,1.0599,642.0,535.06
P0067,durevoli,elettronica_consumo,60,694.58,688.38,0.009,0,0.9792,1.0658,551.6,535.06
P0067,durevoli,elettronica_consumo,61,706.63,688.38,0.0265,0,1.0354,1.0708,561.8,535.06
P0067,durevoli,elettronica_consumo,62,715.71,688.38,0.0397,0,0.947,1.0748,502.9,535.06
P0067,durevoli,elettronica_consumo,63,696.82,688.38,0.0123,0,0.9758,1.0777,535.9,535.06
P0067,durevoli,elettronica_consumo,64,657.17,688.38,-0.0453,0,0.9999,1.0794,554.5,535.06
P0067,durevoli,elettronica_consumo,65,642.5,688.38,-0.0667,1,1.0019,1.08,715.6,535.06
P0067,durevoli,elettronica_consumo,66,690.13,688.38,0.0025,0,1.0069,1.0794,619.1,535.06
P0067,durevoli,elettronica_consumo,67,673.56,688.38,-0.0215,0,1.0085,1.0777,481.5,535.06
P0067,durevoli,elettronica_consumo,68,668.59,688.38,-0.0287,0,0.943,1.0748,579.9,535.06
P0067,durevoli,elettronica_consumo,69,706.45,688.38,0.0262,0,1.0905,1.0708,523.0,535.06
P0067,durevoli,elettronica_consumo,70,687.78,688.38,-0.0009,0,1.016,1.0658,585.6,535.06
P0067,durevoli,elettronica_consumo,71,710.5,688.38,0.0321,0,1.026,1.0599,613.3,535.06
P0067,durevoli,elettronica_consumo,72,605.97,688.38,-0.1197,1,0.9776,1.053,935.4,535.06
P0067,durevoli,elettronica_consumo,73,673.6,688.38,-0.0215,0,0.943,1.0454,601.2,535.06
P0067,durevoli,elettronica_consumo,74,645.76,688.38,-0.0619,0,0.9673,1.0372,792.2,535.06
P0067,durevoli,elettronica_consumo,75,590.26,688.38,-0.1425,1,0.9668,1.0284,1022.9,535.06
P0067,durevoli,elettronica_consumo,76,590.99,688.38,-0.1415,1,0.9753,1.0191,922.7,535.06
P0067,durevoli,elettronica_consumo,77,656.49,688.38,-0.0463,0,0.99,1.0096,536.8,535.06
P0067,durevoli,elettronica_consumo,78,710.51,688.38,0.0321,0,0.985,1.0,398.1,535.06
P0067,durevoli,elettronica_consumo,79,738.51,688.38,0.0728,0,1.0514,0.9904,496.9,535.06
P0067,durevoli,elettronica_consumo,80,588.92,688.38,-0.1445,1,1.0043,0.9809,849.4,535.06
P0067,durevoli,elettronica_consumo,81,703.58,688.38,0.0221,0,0.9768,0.9716,512.0,535.06
P0067,durevoli,elettronica_consumo,82,673.2,688.38,-0.0221,0,1.0388,0.9628,560.4,535.06
P0067,durevoli,elettronica_consumo,83,588.95,688.38,-0.1444,1,1.0087,0.9546,740.1,535.06
P0067,durevoli,elettronica_consumo,84,657.9,688.38,-0.0443,0,1.0006,0.947,631.8,535.06
P0067,durevoli,elettronica_consumo,85,676.06,688.38,-0.0179,0,0.9647,0.9401,469.6,535.06
P0067,durevoli,elettronica_consumo,86,690.02,688.38,0.0024,0,1.01,0.9342,376.7,535.06
P0067,durevoli,elettronica_consumo,87,687.32,688.38,-0.0015,0,0.9751,0.9292,495.3,535.06
P0067,durevoli,elettronica_consumo,88,702.85,688.38,0.021,0,0.9065,0.9252,401.9,535.06
P0067,durevoli,elettronica_consumo,89,672.78,688.38,-0.0227,0,0.9845,0.9223,517.3,535.06
P0067,durevoli,elettronica_consumo,90,663.7,688.38,-0.0359,0,0.9628,0.9206,539.6,535.06
P0067,durevoli,elettronica_consumo,91,689.95,688.38,0.0023,0,1.036,0.92,368.3,535.06
P0067,durevoli,elettronica_consumo,92,607.59,688.38,-0.1174,1,0.9568,0.9206,729.7,535.06
P0067,durevoli,elettronica_consumo,93,687.96,688.38,-0.0006,0,0.9733,0.9223,602.3,535.06
P0067,durevoli,elettronica_consumo,94,666.63,688.38,-0.0316,0,0.928,0.9252,550.2,535.06
P0067,durevoli,elettronica_consumo,95,740.24,688.38,0.0753,0,1.0214,0.9292,432.8,535.06
P0067,durevoli,elettronica_consumo,96,715.4,688.38,0.0393,0,0.8802,0.9342,383.6,535.06
P0067,durevoli,elettronica_consumo,97,724.53,688.38,0.0525,0,0.9382,0.9401,347.4,535.06
P0067,durevoli,elettronica_consumo,98,646.5,688.38,-0.0608,1,1.0074,0.947,719.0,535.06
P0067,durevoli,elettronica_consumo,99,679.34,688.38,-0.0131,0,0.9887,0.9546,482.8,535.06
P0067,durevoli,elettronica_consumo,100,639.03,688.38,-0.0717,1,1.0433,0.9628,689.1,535.06
P0067,durevoli,elettronica_consumo,101,676.41,688.38,-0.0174,0,0.9756,0.9716,563.0,535.06
P0067,durevoli,elettronica_consumo,102,714.27,688.38,0.0376,0,1.0527,0.9809,457.7,535.06
P0067,durevoli,elettronica_consumo,103,725.72,688.38,0.0542,0,0.9671,0.9904,460.2,535.06
P0068,durevoli,elettronica_consumo,0,1030.23,1029.25,0.001,0,1.0837,1.0,509.4,641.4
P0068,durevoli,elettronica_consumo,1,1041.31,1029.25,0.0117,0,1.0303,1.0096,455.0,641.4
P0068,durevoli,elettronica_consumo,2,1124.91,1029.25,0.0929,0,0.9841,1.0191,260.1,641.4
P0068,durevoli,elettronica_consumo,3,1000.08,1029.25,-0.0283,0,1.021,1.0284,331.1,641.4
P0068,durevoli,elettronica_consumo,4,1053.17,1029.25,0.0232,0,1.0741,1.0372,388.9,641.4
P0068,durevoli,elettronica_consumo,5,1007.43,1029.25,-0.0212,0,1.0197,1.0454,308.5,641.4
P0068,durevoli,elettronica_consumo,6,1043.18,1029.25,0.0135,0,1.0239,1.053,308.4,641.4
P0068,durevoli,elettronica_consumo,7,1020.22,1029.25,-0.0088,0,0.9785,1.0599,432.1,641.4
P0068,durevoli,elettronica_consumo,8,965.79,1029.25,-0.0617,1,0.9755,1.0658,647.7,641.4
P0068,durevoli,elettronica_consumo,9,1018.14,1029.25,-0.0108,0,1.1425,1.0708,366.9,641.4
P0068,durevoli,elettronica_consumo,10,994.99,1029.25,-0.0333,0,1.0387,1.0748,464.5,641.4
P0068,durevoli,elettronica_consumo,11,1024.55,1029.25,-0.0046,0,1.0934,1.0777,361.5,641.4
P0068,durevoli,elettronica_consumo,12,1041.34,1029.25,0.0117,0,0.9979,1.0794,311.6,641.4
P0068,durevoli,elettronica_consumo,13,1029.67,1029.25,0.0004,0,1.0552,1.08,405.7,641.4
P0068,durevoli,elettronica_consumo,14,1042.67,1029.25,0.013,0,0.9506,1.0794,460.9,641.4
P0068,durevoli,elettronica_consumo,15,930.67,1029.25,-0.0958,1,1.0646,1.0777,650.6,641.4
P0068,durevoli,elettronica_consumo,16,892.69,1029.25,-0.1327,1,1.0313,1.0748,688.2,641.4
P0068,durevoli,elettronica_consumo,17,983.48,1029.25,-0.0445,0,1.0131,1.0708,482.3,641.4
P0068,durevoli,elettronica_consumo,18,948.52,1029.25,-0.0784,0,0.9937,1.0658,412.2,641.4
P0068,durevoli,elettronica_consumo,19,1015.18,1029.25,-0.0137,0,1.0587,1.0599,346.5,641.4
P0068,durevoli,elettronica_consumo,20,1029.54,1029.25,0.0003,0,1.1382,1.053,443.3,641.4
P0068,durevoli,elettronica_consumo,21,1102.3,1029.25,0.071,0,1.0142,1.0454,319.0,641.4
P0068,durevoli,elettronica_consumo,22,1041.06,1029.25,0.0115,0,0.8615,1.0372,368.9,641.4
P0068,durevoli,elettronica_consumo,23,1023.64,1029.25,-0.0055,0,0.9235,1.0284,374.4,641.4
P0068,durevoli,elettronica_consumo,24,1093.15,1029.25,0.0621,0,0.9871,1.0191,250.8,641.4
P0068,durevoli,elettronica_consumo,25,1061.51,1029.25,0.0313,0,1.0088,1.0096,306.6,641.4
P0068,durevoli,elettronica_consumo,26,1018.92,1029.25,-0.01,0,0.978,1.0,322.3,641.4
P0068,durevoli,elettronica_consumo,27,981.2,1029.25,-0.0467,0,1.0475,0.9904,463.4,641.4
P0068,durevoli,elettronica_consumo,28,1003.43,1029.25,-0.0251,0,0.9788,0.9809,380.5,641.4
P0068,durevoli,elettronica_consumo,29,1045.93,1029.25,0.0162,0,1.022,0.9716,411.5,641.4
P0068,durevoli,elettronica_consumo,30,982.33,1029.25,-0.0456,0,0.9195,0.9628,480.7,641.4
P0068,durevoli,elettronica_consumo,31,1036.69,1029.25,0.0072,0,1.0225,0.9546,349.6,641.4
P0068,durevoli,elettronica_consumo,32,1015.83,1029.25,-0.013,0,1.0528,0.947,335.9,641.4
P0068,durevoli,elettronica_consumo,33,968.34,1029.25,-0.0592,0,0.9881,0.9401,465.3,641.4
P0068,durevoli,elettronica_consumo,34,979.59,1029.25,-0.0482,0,1.0142,0.9342,356.9,641.4
P0068,durevoli,elettronica_consumo,35,924.04,1029.25,-0.1022,1,0.9365,0.9292,542.7,641.4
P0068,durevoli,elettronica_consumo,36,987.44,1029.25,-0.0406,0,0.9972,0.9252,413.5,641.4
P0068,durevoli,elettronica_consumo,37,1010.66,1029.25,-0.0181,0,0.8897,0.9223,325.7,641.4
P0068,durevoli,elettronica_consumo,38,980.91,1029.25,-0.047,0,1.0641,0.9206,353.4,641.4
P0068,durevoli,elettronica_consumo,39,904.06,1029.25,-0.1216,1,0.9412,0.92,610.5,641.4
P0068,durevoli,elettronica_consumo,40,944.26,1029.25,-0.0826,1,0.8812,0.9206,608.6,641.4
P0068,durevoli,elettronica_consumo,41,1069.11,1029.25,0.0387,0,1.031,0.9223,350.7,641.4
P0068,durevoli,elettronica_consumo,42,979.81,1029.25,-0.048,0,1.0381,0.9252,388.1,641.4
P0068,durevoli,elettronica_consumo,43,1056.01,1029.25,0.026,0,1.0154,0.9292,344.4,641.4
P0068,durevoli,elettronica_consumo,44,1064.47,1029.25,0.0342,0,0.9998,0.9342,358.1,641.4
P0068,durevoli,elettronica_consumo,45,1053.97,1029.25,0.024,0,0.9944,0.9401,353.1,641.4
P0068,durevoli,elettronica_consumo,46,1051.11,1029.25,0.0212,0,1.0101,0.947,358.1,641.4
P0068,durevoli,elettronica_consumo,47,1083.79,1029.25,0.053,0,0.9159,0.9546,308.6,641.4
P0068,durevoli,elettronica_consumo,48,1006.16,1029.25,-0.0224,0,1.0153,0.9628,325.3,641.4
P0068,durevoli,elettronica_consumo,49,980.54,1029.25,-0.0473,0,0.9524,0.9716,353.2,641.4
P0068,durevoli,elettronica_consumo,50,1065.8,1029.25,0.0355,0,1.0263,0.9809,392.7,641.4
P0068,durevoli,elettronica_consumo,51,1052.98,1029.25,0.0231,0,0.9848,0.9904,351.9,641.4
P0068,durevoli,elettronica_consumo,52,968.29,1029.25,-0.0592,0,1.0996,1.0,417.8,641.4
P0068,durevoli,elettronica_consumo,53,958.45,1029.25,-0.0688,1,1.0051,1.0096,506.3,641.4
P0068,durevoli,elettronica_consumo,54,1032.74,1029.25,0.0034,0,0.9639,1.0191,399.6,641.4
P0068,durevoli,elettronica_consumo,55,1029.0,1029.25,-0.0002,0,0.9466,1.0284,493.6,641.4
P0068,durevoli,elettronica_consumo,56,1036.34,1029.25,0.0069,0,1.0312,1.0372,299.7,641.4
P0068,durevoli,elettronica_consumo,57,883.08,1029.25,-0.142,1,0.984,1.0454,692.1,641.4
P0068,durevoli,elettronica_consumo,58,1082.01,1029.25,0.0513,0,0.9878,1.053,292.9,641.4
P0068,durevoli,elettronica_consumo,59,979.72,1029.25,-0.0481,0,0.9951,1.0599,395.7,641.4
P0068,durevoli,elettronica_consumo,60,991.07,1029.25,-0.0371,0,0.973,1.0658,481.5,641.4
P0068,durevoli,elettronica_consumo,61,1074.67,1029.25,0.0441,0,1.0544,1.0708,374.2,641.4
P0068,durevoli,elettronica_consumo,62,1039.22,1029.25,0.0097,0,1.0712,1.0748,311.3,641.4
P0068,durevoli,elettronica_consumo,63,1002.37,1029.25,-0.0261,0,1.0413,1.0777,390.8,641.4
P0068,durevoli,elettronica_consumo,64,973.47,1029.25,-0.0542,0,0.9154,1.0794,446.8,641.4
P0068,durevoli,elettronica_consumo,65,975.36,1029.25,-0.0524,1,1.0265,1.08,625.0,641.4
P0068,durevoli,elettronica_consumo,66,1051.25,1029.25,0.0214,0,0.971,1.0794,360.8,641.4
P0068,durevoli,elettronica_consumo,67,936.95,1029.25,-0.0897,1,0.9967,1.0777,602.5,641.4
P0068,durevoli,elettronica_consumo,68,1024.18,1029.25,-0.0049,0,1.0078,1.0748,348.7,641.4
P0068,durevoli,elettronica_consumo,69,1011.47,1029.25,-0.0173,0,1.0099,1.0708,377.4,641.4
P0068,durevoli,elettronica_consumo,70,1087.82,1029.25,0.0569,0,1.0525,1.0658,381.4,641.4
P0068,durevoli,elettronica_consumo,71,1048.16,1029.25,0.0184,0,1.0723,1.0599,330.7,641.4
P0068,durevoli,elettronica_consumo,72,1055.73,1029.25,0.0257,0,0.9346,1.053,329.5,641.4
P0068,durevoli,elettronica_consumo,73,1056.18,1029.25,0.0262,0,0.9654,1.0454,346.7,641.4
P0068,durevoli,elettronica_consumo,74,1070.62,1029.25,0.0402,0,0.957,1.0372,290.7,641.4
P0068,durevoli,elettronica_consumo,75,1054.24,1029.25,0.0243,0,1.0383,1.0284,411.8,641.4
P0068,durevoli,elettronica_consumo,76,1020.92,1029.25,-0.0081,0,1.1214,1.0191,366.7,641.4
P0068,durevoli,elettronica_consumo,77,1028.49,1029.25,-0.0007,0,1.0265,1.0096,393.4,641.4
P0068,durevoli,elettronica_consumo,78,1008.17,1029.25,-0.0205,0,0.9852,1.0,352.6,641.4
P0068,durevoli,elettronica_consumo,79,1094.38,1029.25,0.0633,0,0.9797,0.9904,298.5,641.4
P0068,durevoli,elettronica_consumo,80,1026.35,1029.25,-0.0028,0,1.0217,0.9809,341.6,641.4
P0068,durevoli,elettronica_consumo,81,1050.79,1029.25,0.0209,0,0.9905,0.9716,311.7,641.4
P0068,durevoli,elettronica_consumo,82,1023.41,1029.25,-0.0057,0,0.9379,0.9628,403.6,641.4
P0068,durevoli,elettronica_consumo,83,936.13,1029.25,-0.0905,1,0.8743,0.9546,527.5,641.4
P0068,durevoli,elettronica_consumo,84,939.42,1029.25,-0.0873,1,1.0299,0.947,486.6,641.4
P0068,durevoli,elettronica_consumo,85,1029.39,1029.25,0.0001,0,1.0122,0.9401,439.0,641.4
P0068,durevoli,elettronica_consumo,86,1057.78,1029.25,0.0277,0,1.0402,0.9342,286.3,641.4
P0068,durevoli,elettronica_consumo,87,974.04,1029.25,-0.0536,0,0.9365,0.9292,350.0,641.4
P0068,durevoli,elettronica_consumo,88,985.12,1029.25,-0.0429,0,0.998,0.9252,370.1,641.4
P0068,durevoli,elettronica_consumo,89,1084.21,1029.25,0.0534,0,0.9338,0.9223,339.2,641.4
P0068,durevoli,elettronica_consumo,90,1024.13,1029.25,-0.005,0,0.9401,0.9206,315.1,641.4
P0068,durevoli,elettronica_consumo,91,1016.75,1029.25,-0.0121,0,0.9448,0.92,367.6,641.4
P0068,durevoli,elettronica_consumo,92,942.72,1029.25,-0.0841,1,0.9543,0.9206,471.1,641.4
P0068,durevoli,elettronica_consumo,93,1058.01,1029.25,0.0279,0,0.9887,0.9223,277.9,641.4
P0068,durevoli,elettronica_consumo,94,1032.11,1029.25,0.0028,0,1.0287,0.9252,317.2,641.4
P0068,durevoli,elettronica_consumo,95,1021.06,1029.25,-0.008,0,1.0211,0.9292,307.0,641.4
P0068,durevoli,elettronica_consumo,96,1029.84,1029.25,0.0006,0,0.9449,0.9342,298.7,641.4
P0068,durevoli,elettronica_consumo,97,1009.43,1029.25,-0.0193,0,1.0377,0.9401,348.5,641.4
P0068,durevoli,elettronica_consumo,98,950.74,1029.25,-0.0763,1,0.9989,0.947,616.5,641.4
P0068,durevoli,elettronica_consumo,99,1009.33,1029.25,-0.0194,0,0.9568,0.9546,365.5,641.4
P0068,durevoli,elettronica_consumo,100,980.13,1029.25,-0.0477,0,0.9975,0.9628,323.4,641.4
P0068,durevoli,elettronica_consumo,101,1018.97,1029.25,-0.01,0,1.0131,0.9716,301.3,641.4
P0068,durevoli,elettronica_consumo,102,1039.72,1029.25,0.0102,0,1.0066,0.9809,364.4,641.4
P0068,durevoli,elettronica_consumo,103,1039.7,1029.25,0.0102,0,0.97,0.9904,384.9,641.4
P0069,durevoli,elettrodomestici,0,495.76,500.84,-0.0101,0,1.0049,1.0,193.1,331.94
P0069,durevoli,elettrodomestici,1,504.14,500.84,0.0066,0,1.0188,1.0096,181.1,331.94
P0069,durevoli,elettrodomestici,2,476.24,500.84,-0.0491,0,0.9203,1.0191,210.4,331.94
P0069,durevoli,elettrodomestici,3,453.3,500.84,-0.0949,1,0.9707,1.0284,300.9,331.94
P0069,durevoli,elettrodomestici,4,509.25,500.84,0.0168,0,0.9446,1.0372,124.7,331.94
P0069,durevoli,elettrodomestici,5,477.16,500.84,-0.0473,0,0.9299,1.0454,238.9,331.94
P0069,durevoli,elettrodomestici,6,509.07,500.84,0.0164,0,1.0453,1.053,176.4,331.94
P0069,durevoli,elettrodomestici,7,523.98,500.84,0.0462,0,1.0892,1.0599,136.6,331.94
P0069,durevoli,elettrodomestici,8,523.2,500.84,0.0447,0,0.9569,1.0658,139.1,331.94
P0069,durevoli,elettrodomestici,9,508.92,500.84,0.0161,0,0.9051,1.0708,189.5,331.94
P0069,durevoli,elettrodomestici,10,458.54,500.84,-0.0845,1,0.8818,1.0748,260.2,331.94
P0069,durevoli,elettrodomestici,11,497.73,500.84,-0.0062,0,0.9138,1.0777,179.1,331.94
P0069,durevoli,elettrodomestici,12,510.16,500.84,0.0186,0,0.9925,1.0794,182.6,331.94
P0069,durevoli,elettrodomestici,13,510.31,500.84,0.0189,0,1.0068,1.08,156.7,331.94
P0069,durevoli,elettrodomestici,14,494.82,500.84,-0.012,0,1.0016,1.0794,172.3,331.94
P0069,durevoli,elettrodomestici,15,491.44,500.84,-0.0188,0,1.0784,1.0777,170.5,331.94
P0069,durevoli,elettrodomestici,16,517.72,500.84,0.0337,0,1.0083,1.0748,151.6,331.94
P0069,durevoli,elettrodomestici,17,491.78,500.84,-0.0181,0,1.011,1.0708,180.2,331.94
P0069,durevoli,elettrodomestici,18,492.87,500.84,-0.0159,0,0.9803,1.0658,146.5,331.94
P0069,durevoli,elettrodomestici,19,510.54,500.84,0.0194,0,1.0489,1.0599,176.6,331.94
P0069,durevoli,elettrodomestici,20,448.92,500.84,-0.1037,1,1.0305,1.053,342.6,331.94
P0069,durevoli,elettrodomestici,21,481.56,500.84,-0.0385,0,0.9368,1.0454,222.7,331.94
P0069,durevoli,elettrodomestici,22,489.92,500.84,-0.0218,0,1.0003,1.0372,153.3,331.94
P0069,durevoli,elettrodomestici,23,463.5,500.84,-0.0746,0,0.9411,1.0284,222.1,331.94
P0069,durevoli,elettrodomestici,24,523.61,500.84,0.0455,0,1.0023,1.0191,156.5,331.94
P0069,durevoli,elettrodomestici,25,432.06,500.84,-0.1373,1,0.9502,1.0096,386.2,331.94
P0069,durevoli,elettrodomestici,26,537.38,500.84,0.073,0,1.0414,1.0,116.0,331.94
P0069,durevoli,elettrodomestici,27,508.24,500.84,0.0148,0,1.0581,0.9904,173.8,331.94
P0069,durevoli,elettrodomestici,28,479.53,500.84,-0.0425,0,0.9073,0.9809,159.0,331.94
P0069,durevoli,elettrodomestici,29,527.21,500.84,0.0527,0,1.076,0.9716,142.5,331.94
P0069,durevoli,elettrodomestici,30,488.44,500.84,-0.0248,0,0.9242,0.9628,148.1,331.94
P0069,durevoli,elettrodomestici,31,481.31,500.84,-0.039,0,0.9747,0.9546,178.5,331.94
P0069,durevoli,elettrodomestici,32,488.75,500.84,-0.0241,0,1.0284,0.947,151.3,331.94
P0069,durevoli,elettrodomestici,33,481.38,500.84,-0.0388,0,1.0544,0.9401,172.6,331.94
P0069,durevoli,elettrodomestici,34,479.52,500.84,-0.0426,0,1.0087,0.9342,185.9,331.94
P0069,durevoli,elettrodomestici,35,521.32,500.84,0.0409,0,0.9375,0.9292,129.8,331.94
P0069,durevoli,elettrodomestici,36,517.58,500.84,0.0334,0,0.9255,0.9252,126.7,331.94
P0069,durevoli,elettrodomestici,37,486.52,500.84,-0.0286,0,0.982,0.9223,155.0,331.94
P0069,durevoli,elettrodomestici,38,473.9,500.84,-0.0538,0,1.0313,0.9206,165.9,331.94
P0069,durevoli,elettrodomestici,39,464.14,500.84,-0.0733,1,1.03,0.92,240.6,331.94
P0069,durevoli,elettrodomestici,40,518.18,500.84,0.0346,0,0.9602,0.9206,151.1,331.94
P0069,durevoli,elettrodomestici,41,503.82,500.84,0.0059,0,1.0424,0.9223,125.9,331.94
P0069,durevoli,elettrodomestici,42,482.43,500.84,-0.0368,0,1.0012,0.9252,156.3,331.94
P0069,durevoli,elettrodomestici,43,487.44,500.84,-0.0268,0,1.002,0.9292,166.3,331.94
P0069,durevoli,elettrodomestici,44,448.78,500.84,-0.104,1,0.9194,0.9342,328.2,331.94
P0069,durevoli,elettrodomestici,45,515.03,500.84,0.0283,0,1.0428,0.9401,151.6,331.94
P0069,durevoli,elettrodomestici,46,489.46,500.84,-0.0227,0,0.9002,0.947,144.7,331.94
P0069,durevoli,elettrodomestici,47,488.54,500.84,-0.0245,0,0.943,0.9546,166.5,331.94
P0069,durevoli,elettrodomestici,48,499.86,500.84,-0.002,0,0.9434,0.9628,178.6,331.94
P0069,durevoli,elettrodomestici,49,526.77,500.84,0.0518,0,0.9868,0.9716,128.9,331.94
P0069,durevoli,elettrodomestici,50,477.15,500.84,-0.0473,0,0.9475,0.9809,178.5,331.94
P0069,durevoli,elettrodomestici,51,547.15,500.84,0.0925,0,0.9556,0.9904,96.4,331.94
P0069,durevoli,elettrodomestici,52,504.91,500.84,0.0081,0,1.0246,1.0,140.9,331.94
P0069,durevoli,elettrodomestici,53,534.94,500.84,0.0681,0,1.0018,1.0096,129.9,331.94
P0069,durevoli,elettrodomestici,54,488.6,500.84,-0.0244,0,0.9618,1.0191,167.0,331.94
P0069,durevoli,elettrodomestici,55,468.92,500.84,-0.0637,0,1.0069,1.0284,213.1,331.94
P0069,durevoli,elettrodomestici,56,505.18,500.84,0.0087,0,1.0129,1.0372,135.6,331.94
P0069,durevoli,elettrodomestici,57,510.63,500.84,0.0195,0,0.9201,1.0454,183.3,331.94
P0069,durevoli,elettrodomestici,58,480.89,500.84,-0.0398,0,1.0101,1.053,206.5,331.94
P0069,durevoli,elettrodomestici,59,510.67,500.84,0.0196,0,0.974,1.0599,157.9,331.94
P0069,durevoli,elettrodomestici,60,503.89,500.84,0.0061,0,1.0034,1.0658,155.1,331.94
P0069,durevoli,elettrodomestici,61,468.37,500.84,-0.0648,0,1.0415,1.0708,225.1,331.94
P0069,durevoli,elettrodomestici,62,514.74,500.84,0.0278,0,0.9973,1.0748,137.2,331.94
P0069,durevoli,elettrodomestici,63,488.78,500.84,-0.0241,0,0.9534,1.0777,169.5,331.94
P0069,durevoli,elettrodomestici,64,507.35,500.84,0.013,0,1.1018,1.0794,167.1,331.94
P0069,durevoli,elettrodomestici,65,485.4,500.84,-0.0308,0,0.9916,1.08,189.9,331.94
P0069,durevoli,elettrodomestici,66,499.97,500.84,-0.0017,0,1.0176,1.0794,178.4,331.94
P0069,durevoli,elettrodomestici,67,493.73,500.84,-0.0142,0,0.9666,1.0777,204.6,331.94
P0069,durevoli,elettrodomestici,68,506.61,500.84,0.0115,0,0.9922,1.0748,185.0,331.94
P0069,durevoli,elettrodomestici,69,506.15,500.84,0.0106,0,0.9373,1.0708,170.6,331.94
P0069,durevoli,elettrodomestici,70,474.93,500.84,-0.0517,0,1.0169,1.0658,210.9,331.94
P0069,durevoli,elettrodomestici,71,499.01,500.84,-0.0037,0,1.0081,1.0599,195.7,331.94
P0069,durevoli,elettrodomestici,72,518.6,500.84,0.0355,0,0.9981,1.053,170.9,331.94
P0069,durevoli,elettrodomestici,73,489.16,500.84,-0.0233,0,0.9451,1.0454,179.7,331.94
P0069,durevoli,elettrodomestici,74,525.46,500.84,0.0492,0,0.9564,1.0372,126.3,331.94
P0069,durevoli,elettrodomestici,75,521.63,500.84,0.0415,0,1.0366,1.0284,158.7,331.94
P0069,durevoli,elettrodomestici,76,499.68,500.84,-0.0023,0,1.1006,1.0191,199.1,331.94
P0069,durevoli,elettrodomestici,77,431.79,500.84,-0.1379,1,1.0429,1.0096,299.6,331.94
P0069,durevoli,elettrodomestici,78,527.08,500.84,0.0524,0,1.036,1.0,129.8,331.94
P0069,durevoli,elettrodomestici,79,440.8,500.84,-0.1199,1,1.0378,0.9904,329.0,331.94
P0069,durevoli,elettrodomestici,80,511.58,500.84,0.0214,0,1.065,0.9809,170.1,331.94
P0069,durevoli,elettrodomestici,81,507.07,500.84,0.0124,0,1.0636,0.9716,144.4,331.94
P0069,durevoli,elettrodomestici,82,484.91,500.84,-0.0318,0,0.958,0.9628,162.5,331.94
P0069,durevoli,elettrodomestici,83,518.88,500.84,0.036,0,0.9862,0.9546,153.9,331.94
P0069,durevoli,elettrodomestici,84,494.65,500.84,-0.0124,0,1.0052,0.947,172.8,331.94
P0069,durevoli,elettrodomestici,85,491.4,500.84,-0.0188,0,1.0497,0.9401,130.4,331.94
P0069,durevoli,elettrodomestici,86,477.33,500.84,-0.0469,0,1.0223,0.9342,202.2,331.94
P0069,durevoli,elettrodomestici,87,472.11,500.84,-0.0574,0,0.9776,0.9292,199.4,331.94
P0069,durevoli,elettrodomestici,88,505.68,500.84,0.0097,0,0.8899,0.9252,163.0,331.94
P0069,durevoli,elettrodomestici,89,503.71,500.84,0.0057,0,1.0114,0.9223,151.6,331.94
P0069,durevoli,elettrodomestici,90,505.23,500.84,0.0088,0,0.9904,0.9206,147.5,331.94
P0069,durevoli,elettrodomestici,91,500.84,500.84,0.0,0,0.9117,0.92,154.9,331.94
P0069,durevoli,elettrodomestici,92,446.65,500.84,-0.1082,1,1.051,0.9206,312.1,331.94
P0069,durevoli,elettrodomestici,93,503.39,500.84,0.0051,0,1.0596,0.9223,158.8,331.94
P0069,durevoli,elettrodomestici,94,489.05,500.84,-0.0235,0,0.9661,0.9252,153.6,331.94
P0069,durevoli,elettrodomestici,95,477.68,500.84,-0.0463,0,1.0234,0.9292,183.8,331.94
P0069,durevoli,elettrodomestici,96,507.04,500.84,0.0124,0,0.9268,0.9342,133.2,331.94
P0069,durevoli,elettrodomestici,97,457.38,500.84,-0.0868,1,0.927,0.9401,232.9,331.94
P0069,durevoli,elettrodomestici,98,519.39,500.84,0.037,0,1.0131,0.947,147.8,331.94
P0069,durevoli,elettrodomestici,99,438.24,500.84,-0.125,1,1.025,0.9546,303.3,331.94
P0069,durevoli,elettrodomestici,100,474.72,500.84,-0.0521,0,0.9701,0.9628,205.3,331.94
P0069,durevoli,elettrodomestici,101,487.29,500.84,-0.0271,0,0.9133,0.9716,190.1,331.94
P0069,durevoli,elettrodomestici,102,461.26,500.84,-0.079,1,0.8445,0.9809,234.5,331.94
P0069,durevoli,elettrodomestici,103,480.65,500.84,-0.0403,0,1.0346,0.9904,165.5,331.94
P0070,durevoli,elettrodomestici,0,337.15,311.29,0.0831,0,1.0059,1.0,304.6,194.23
P0070,durevoli,elettrodomestici,1,318.58,311.29,0.0234,0,1.0273,1.0096,352.4,194.23
P0070,durevoli,elettrodomestici,2,304.02,311.29,-0.0234,0,0.9859,1.0191,610.3,194.23
P0070,durevoli,elettrodomestici,3,310.42,311.29,-0.0028,0,1.0622,1.0284,462.8,194.23
P0070,durevoli,elettrodomestici,4,316.36,311.29,0.0163,0,0.9181,1.0372,513.7,194.23
P0070,durevoli,elettrodomestici,5,286.71,311.29,-0.079,0,0.92,1.0454,740.0,194.23
P0070,durevoli,elettrodomestici,6,325.99,311.29,0.0472,0,1.0041,1.053,409.3,194.23
P0070,durevoli,elettrodomestici,7,316.99,311.29,0.0183,0,1.0158,1.0599,424.3,194.23
P0070,durevoli,elettrodomestici,8,315.2,311.29,0.0125,0,0.9091,1.0658,491.2,194.23
P0070,durevoli,elettrodomestici,9,293.0,311.29,-0.0588,1,0.8692,1.0708,658.9,194.23
P0070,durevoli,elettrodomestici,10,318.63,311.29,0.0236,0,0.9529,1.0748,574.1,194.23
P0070,durevoli,elettrodomestici,11,300.22,311.29,-0.0356,0,0.9907,1.0777,488.0,194.23
P0070,durevoli,elettrodomestici,12,322.3,311.29,0.0354,0,1.0257,1.0794,430.1,194.23
P0070,durevoli,elettrodomestici,13,316.59,311.29,0.017,0,0.9466,1.08,475.5,194.23
P0070,durevoli,elettrodomestici,14,306.08,311.29,-0.0167,0,0.9977,1.0794,495.5,194.23
P0070,durevoli,elettrodomestici,15,300.75,311.29,-0.0339,0,0.9989,1.0777,504.6,194.23
P0070,durevoli,elettrodomestici,16,325.43,311.29,0.0454,0,0.944,1.0748,389.1,194.23
P0070,durevoli,elettrodomestici,17,309.83,311.29,-0.0047,0,0.9797,1.0708,526.6,194.23
P0070,durevoli,elettrodomestici,18,325.14,311.29,0.0445,0,0.9703,1.0658,363.3,194.23
P0070,durevoli,elettrodomestici,19,312.39,311.29,0.0035,0,1.0054,1.0599,360.9,194.23
P0070,durevoli,elettrodomestici,20,320.7,311.29,0.0302,0,0.9608,1.053,438.3,194.23
P0070,durevoli,elettrodomestici,21,309.11,311.29,-0.007,0,1.0679,1.0454,449.6,194.23
P0070,durevoli,elettrodomestici,22,292.58,311.29,-0.0601,1,1.004,1.0372,805.8,194.23
P0070,durevoli,elettrodomestici,23,320.75,311.29,0.0304,0,1.0034,1.0284,420.3,194.23
P0070,durevoli,elettrodomestici,24,305.72,311.29,-0.0179,0,0.9388,1.0191,489.9,194.23
P0070,durevoli,elettrodomestici,25,320.79,311.29,0.0305,0,0.9731,1.0096,349.3,194.23
P0070,durevoli,elettrodomestici,26,267.66,311.29,-0.1402,1,0.9792,1.0,1023.0,194.23
P0070,durevoli,elettrodomestici,27,292.85,311.29,-0.0592,0,1.0168,0.9904,512.5,194.23
P0070,durevoli,elettrodomestici,28,305.26,311.29,-0.0194,0,1.0518,0.9809,524.6,194.23
P0070,durevoli,elettrodomestici,29,326.97,311.29,0.0504,0,1.038,0.9716,404.5,194.23
P0070,durevoli,elettrodomestici,30,321.66,311.29,0.0333,0,0.9616,0.9628,327.7,194.23
P0070,durevoli,elettrodomestici,31,299.46,311.29,-0.038,0,0.9782,0.9546,390.1,194.23
P0070,durevoli,elettrodomestici,32,300.46,311.29,-0.0348,0,0.9665,0.947,496.6,194.23
P0070,durevoli,elettrodomestici,33,300.32,311.29,-0.0352,0,0.9605,0.9401,542.7,194.23
P0070,durevoli,elettrodomestici,34,324.97,311.29,0.044,0,0.9177,0.9342,389.6,194.23
P0070,durevoli,elettrodomestici,35,292.81,311.29,-0.0594,0,1.0541,0.9292,539.3,194.23
P0070,durevoli,elettrodomestici,36,312.45,311.29,0.0037,0,1.0222,0.9252,454.8,194.23
P0070,durevoli,elettrodomestici,37,294.87,311.29,-0.0527,0,0.9676,0.9223,511.3,194.23
P0070,durevoli,elettrodomestici,38,281.57,311.29,-0.0955,0,0.9695,0.9206,511.9,194.23
P0070,durevoli,elettrodomestici,39,322.03,311.29,0.0345,0,0.9734,0.92,261.4,194.23
P0070,durevoli,elettrodomestici,40,280.02,311.29,-0.1005,1,0.9097,0.9206,839.1,194.23
P0070,durevoli,elettrodomestici,41,310.75,311.29,-0.0017,0,1.0964,0.9223,373.2,194.23
P0070,durevoli,elettrodomestici,42,295.07,311.29,-0.0521,1,0.9984,0.9252,528.9,194.23
P0070,durevoli,elettrodomestici,43,291.44,311.29,-0.0638,1,1.0297,0.9292,708.7,194.23
P0070,durevoli,elettrodomestici,44,309.95,311.29,-0.0043,0,1.0679,0.9342,428.7,194.23
P0070,durevoli,elettrodomestici,45,312.89,311.29,0.0052,0,1.1024,0.9401,430.8,194.23
P0070,durevoli,elettrodomestici,46,310.81,311.29,-0.0016,0,1.0232,0.947,394.0,194.23
P0070,durevoli,elettrodomestici,47,311.17,311.29,-0.0004,0,1.076,0.9546,457.0,194.23
P0070,durevoli,elettrodomestici,48,320.76,311.29,0.0304,0,1.0004,0.9628,383.7,194.23
P0070,durevoli,elettrodomestici,49,267.77,311.29,-0.1398,1,0.8476,0.9716,1033.9,194.23
P0070,durevoli,elettrodomestici,50,291.67,311.29,-0.063,1,0.9589,0.9809,786.9,194.23
P0070,durevoli,elettrodomestici,51,319.7,311.29,0.027,0,1.0227,0.9904,344.0,194.23
P0070,durevoli,elettrodomestici,52,317.67,311.29,0.0205,0,0.9941,1.0,401.3,194.23
P0070,durevoli,elettrodomestici,53,281.3,311.29,-0.0964,1,1.0544,1.0096,906.0,194.23
P0070,durevoli,elettrodomestici,54,278.91,311.29,-0.104,1,0.9353,1.0191,838.7,194.23
P0070,durevoli,elettrodomestici,55,315.19,311.29,0.0125,0,1.0591,1.0284,376.7,194.23
P0070,durevoli,elettrodomestici,56,304.07,311.29,-0.0232,0,1.018,1.0372,498.7,194.23
P0070,durevoli,elettrodomestici,57,302.66,311.29,-0.0277,0,1.0534,1.0454,462.7,194.23
P0070,durevoli,elettrodomestici,58,299.07,311.29,-0.0393,0,1.0723,1.053,631.4,194.23
P0070,durevoli,elettrodomestici,59,282.97,311.29,-0.091,1,0.9009,1.0599,863.6,194.23
P0070,durevoli,elettrodomestici,60,321.0,311.29,0.0312,0,1.0277,1.0658,456.9,194.23
P0070,durevoli,elettrodomestici,61,309.21,311.29,-0.0067,0,0.925,1.0708,423.4,194.23
P0070,durevoli,elettrodomestici,62,315.29,311.29,0.0129,0,1.0052,1.0748,514.7,194.23
P0070,durevoli,elettrodomestici,63,319.14,311.29,0.0252,0,0.941,1.0777,502.8,194.23
P0070,durevoli,elettrodomestici,64,321.8,311.29,0.0338,0,0.9649,1.0794,528.9,194.23
P0070,durevoli,elettrodomestici,65,315.98,311.29,0.0151,0,1.0588,1.08,424.7,194.23
P0070,durevoli,elettrodomestici,66,319.96,311.29,0.0279,0,0.954,1.0794,488.2,194.23
P0070,durevoli,elettrodomestici,67,313.85,311.29,0.0082,0,1.009,1.0777,509.3,194.23
P0070,durevoli,elettrodomestici,68,306.88,311.29,-0.0142,0,0.9243,1.0748,557.2,194.23
P0070,durevoli,elettrodomestici,69,287.81,311.29,-0.0754,1,0.9952,1.0708,844.2,194.23
P0070,durevoli,elettrodomestici,70,318.38,311.29,0.0228,0,0.9517,1.0658,416.8,194.23
P0070,durevoli,elettrodomestici,71,307.66,311.29,-0.0116,0,1.0395,1.0599,490.1,194.23
P0070,durevoli,elettrodomestici,72,286.79,311.29,-0.0787,1,0.9886,1.053,682.9,194.23
P0070,durevoli,elettrodomestici,73,302.3,311.29,-0.0289,0,0.8937,1.0454,508.7,194.23
P0070,durevoli,elettrodomestici,74,322.41,311.29,0.0357,0,0.943,1.0372,392.1,194.23
P0070,durevoli,elettrodomestici,75,305.03,311.29,-0.0201,0,1.0268,1.0284,590.7,194.23
P0070,durevoli,elettrodomestici,76,314.26,311.29,0.0095,0,1.0581,1.0191,407.8,194.23
P0070,durevoli,elettrodomestici,77,318.2,311.29,0.0222,0,1.0885,1.0096,428.4,194.23
P0070,durevoli,elettrodomestici,78,292.3,311.29,-0.061,1,0.9316,1.0,659.6,194.23
P0070,durevoli,elettrodomestici,79,322.17,311.29,0.035,0,0.9845,0.9904,461.4,194.23
P0070,durevoli,elettrodomestici,80,316.32,311.29,0.0162,0,1.0217,0.9809,339.3,194.23
P0070,durevoli,elettrodomestici,81,337.22,311.29,0.0833,0,0.9539,0.9716,323.2,194.23
P0070,durevoli,elettrodomestici,82,301.13,311.29,-0.0326,0,0.9293,0.9628,540.1,194.23
P0070,durevoli,elettrodomestici,83,325.1,311.29,0.0444,0,0.9734,0.9546,349.9,194.23
P0070,durevoli,elettrodomestici,84,293.67,311.29,-0.0566,0,1.0102,0.947,550.9,194.23
P0070,durevoli,elettrodomestici,85,300.84,311.29,-0.0336,0,0.9591,0.9401,512.0,194.23
P0070,durevoli,elettrodomestici,86,304.83,311.29,-0.0207,0,0.9382,0.9342,427.6,194.23
P0070,durevoli,elettrodomestici,87,315.62,311.29,0.0139,0,0.946,0.9292,427.8,194.23
P0070,durevoli,elettrodomestici,88,322.23,311.29,0.0351,0,0.8788,0.9252,280.9,194.23
P0070,durevoli,elettrodomestici,89,303.45,311.29,-0.0252,0,0.9267,0.9223,436.5,194.23
P0070,durevoli,elettrodomestici,90,276.68,311.29,-0.1112,1,1.0234,0.9206,862.4,194.23
P0070,durevoli,elettrodomestici,91,325.98,311.29,0.0472,0,0.9993,0.92,326.6,194.23
P0070,durevoli,elettrodomestici,92,317.31,311.29,0.0193,0,0.9549,0.9206,364.6,194.23
P0070,durevoli,elettrodomestici,93,304.9,311.29,-0.0205,0,0.973,0.9223,370.8,194.23
P0070,durevoli,elettrodomestici,94,281.75,311.29,-0.0949,1,1.0064,0.9252,675.6,194.23
P0070,durevoli,elettrodomestici,95,299.89,311.29,-0.0366,0,1.0456,0.9292,498.3,194.23
P0070,durevoli,elettrodomestici,96,274.01,311.29,-0.1198,1,0.9277,0.9342,994.7,194.23
P0070,durevoli,elettrodomestici,97,291.98,311.29,-0.062,0,1.032,0.9401,596.1,194.23
P0070,durevoli,elettrodomestici,98,284.9,311.29,-0.0848,0,0.9852,0.947,561.0,194.23
P0070,durevoli,elettrodomestici,99,310.32,311.29,-0.0031,0,0.9794,0.9546,391.9,194.23
P0070,durevoli,elettrodomestici,100,311.91,311.29,0.002,0,0.9605,0.9628,428.3,194.23
P0070,durevoli,elettrodomestici,101,283.05,311.29,-0.0907,0,1.0334,0.9716,679.9,194.23
P0070,durevoli,elettrodomestici,102,273.39,311.29,-0.1217,1,0.9964,0.9809,1025.2,194.23
P0070,durevoli,elettrodomestici,103,320.66,311.29,0.0301,0,0.9263,0.9904,386.9,194.23
P0071,premium,elettronica_alta_gamma,0,1179.59,1139.6,0.0351,0,0.9541,1.0,115.3,445.67
P0071,premium,elettronica_alta_gamma,1,1117.0,1139.6,-0.0198,0,1.0128,1.0096,108.1,445.67
P0071,premium,elettronica_alta_gamma,2,1072.95,1139.6,-0.0585,1,0.9949,1.0191,176.5,445.67
P0071,premium,elettronica_alta_gamma,3,1003.77,1139.6,-0.1192,1,0.9891,1.0284,187.1,445.67
P0071,premium,elettronica_alta_gamma,4,1145.69,1139.6,0.0053,0,0.9845,1.0372,127.8,445.67
P0071,premium,elettronica_alta_gamma,5,1178.47,1139.6,0.0341,0,0.9387,1.0454,135.5,445.67
P0071,premium,elettronica_alta_gamma,6,1183.53,1139.6,0.0386,0,1.0255,1.053,137.5,445.67
P0071,premium,elettronica_alta_gamma,7,1103.65,1139.6,-0.0315,0,0.9873,1.0599,152.4,445.67
P0071,premium,elettronica_alta_gamma,8,1171.06,1139.6,0.0276,0,1.061,1.0658,133.7,445.67
P0071,premium,elettronica_alta_gamma,9,1063.85,1139.6,-0.0665,0,1.1128,1.0708,140.9,445.67
P0071,premium,elettronica_alta_gamma,10,1123.07,1139.6,-0.0145,0,0.9781,1.0748,138.2,445.67
P0071,premium,elettronica_alta_gamma,11,1040.67,1139.6,-0.0868,0,1.058,1.0777,162.0,445.67
P0071,premium,elettronica_alta_gamma,12,1157.62,1139.6,0.0158,0,1.0412,1.0794,128.2,445.67
P0071,premium,elettronica_alta_gamma,13,1179.76,1139.6,0.0352,0,0.9281,1.08,146.3,445.67
P0071,premium,elettronica_alta_gamma,14,1214.6,1139.6,0.0658,0,1.0279,1.0794,127.5,445.67
P0071,premium,elettronica_alta_gamma,15,993.23,1139.6,-0.1284,1,0.9823,1.0777,211.4,445.67
P0071,premium,elettronica_alta_gamma,16,1017.09,1139.6,-0.1075,1,1.0565,1.0748,192.2,445.67
P0071,premium,elettronica_alta_gamma,17,1122.42,1139.6,-0.0151,0,0.9136,1.0708,143.4,445.67
P0071,premium,elettronica_alta_gamma,18,1107.05,1139.6,-0.0286,0,0.9083,1.0658,146.2,445.67
P0071,premium,elettronica_alta_gamma,19,1155.34,1139.6,0.0138,0,0.9505,1.0599,143.7,445.67
P0071,premium,elettronica_alta_gamma,20,1174.08,1139.6,0.0303,0,0.9513,1.053,154.2,445.67
P0071,premium,elettronica_alta_gamma,21,1144.23,1139.6,0.0041,0,1.0202,1.0454,149.6,445.67
P0071,premium,elettronica_alta_gamma,22,1120.2,1139.6,-0.017,0,1.0092,1.0372,175.3,445.67
P0071,premium,elettronica_alta_gamma,23,993.29,1139.6,-0.1284,1,0.9903,1.0284,187.2,445.67
P0071,premium,elettronica_alta_gamma,24,1220.23,1139.6,0.0708,0,1.0211,1.0191,144.8,445.67
P0071,premium,elettronica_alta_gamma,25,987.59,1139.6,-0.1334,1,0.9324,1.0096,174.3,445.67
P0071,premium,elettronica_alta_gamma,26,1148.06,1139.6,0.0074,0,1.0864,1.0,166.2,445.67
P0071,premium,elettronica_alta_gamma,27,975.11,1139.6,-0.1443,1,1.058,0.9904,213.9,445.67
P0071,premium,elettronica_alta_gamma,28,1167.74,1139.6,0.0247,0,1.0275,0.9809,111.6,445.67
P0071,premium,elettronica_alta_gamma,29,1137.57,1139.6,-0.0018,0,0.99,0.9716,131.5,445.67
P0071,premium,elettronica_alta_gamma,30,979.22,1139.6,-0.1407,1,0.8944,0.9628,194.6,445.67
P0071,premium,elettronica_alta_gamma,31,1130.34,1139.6,-0.0081,0,0.9721,0.9546,112.6,445.67
P0071,premium,elettronica_alta_gamma,32,1180.28,1139.6,0.0357,0,0.988,0.947,129.8,445.67
P0071,premium,elettronica_alta_gamma,33,1152.23,1139.6,0.0111,0,1.0401,0.9401,122.0,445.67
P0071,premium,elettronica_alta_gamma,34,1172.44,1139.6,0.0288,0,1.0478,0.9342,106.6,445.67
P0071,premium,elettronica_alta_gamma,35,1066.41,1139.6,-0.0642,0,1.0701,0.9292,119.0,445.67
P0071,premium,elettronica_alta_gamma,36,1085.06,1139.6,-0.0479,0,0.9982,0.9252,121.9,445.67
P0071,premium,elettronica_alta_gamma,37,1173.87,1139.6,0.0301,0,0.9743,0.9223,96.3,445.67
P0071,premium,elettronica_alta_gamma,38,1098.67,1139.6,-0.0359,0,0.9334,0.9206,129.3,445.67
P0071,premium,elettronica_alta_gamma,39,1140.29,1139.6,0.0006,0,0.9526,0.92,122.4,445.67
P0071,premium,elettronica_alta_gamma,40,1136.08,1139.6,-0.0031,0,1.0415,0.9206,115.5,445.67
P0071,premium,elettronica_alta_gamma,41,1060.75,1139.6,-0.0692,0,0.8971,0.9223,133.0,445.67
P0071,premium,elettronica_alta_gamma,42,1130.1,1139.6,-0.0083,0,1.1073,0.9252,102.4,445.67
P0071,premium,elettronica_alta_gamma,43,1145.19,1139.6,0.0049,0,1.0232,0.9292,112.8,445.67
P0071,premium,elettronica_alta_gamma,44,1164.34,1139.6,0.0217,0,1.0067,0.9342,115.1,445.67
P0071,premium,elettronica_alta_gamma,45,1134.16,1139.6,-0.0048,0,0.993,0.9401,120.8,445.67
P0071,premium,elettronica_alta_gamma,46,1102.8,1139.6,-0.0323,0,0.9737,0.947,127.6,445.67
P0071,premium,elettronica_alta_gamma,47,1177.28,1139.6,0.0331,0,1.0009,0.9546,106.9,445.67
P0071,premium,elettronica_alta_gamma,48,1141.27,1139.6,0.0015,0,0.9332,0.9628,151.8,445.67
P0071,premium,elettronica_alta_gamma,49,1103.35,1139.6,-0.0318,0,0.9839,0.9716,123.4,445.67
P0071,premium,elettronica_alta_gamma,50,1152.55,1139.6,0.0114,0,1.0423,0.9809,137.4,445.67
P0071,premium,elettronica_alta_gamma,51,1177.18,1139.6,0.033,0,0.9432,0.9904,156.8,445.67
P0071,premium,elettronica_alta_gamma,52,1113.24,1139.6,-0.0231,0,0.9712,1.0,123.3,445.67
P0071,premium,elettronica_alta_gamma,53,1130.37,1139.6,-0.0081,0,1.0065,1.0096,120.4,445.67
P0071,premium,elettronica_alta_gamma,54,1096.11,1139.6,-0.0382,0,1.0366,1.0191,149.9,445.67
P0071,premium,elettronica_alta_gamma,55,1124.81,1139.6,-0.013,0,0.9675,1.0284,141.0,445.67
P0071,premium,elettronica_alta_gamma,56,1140.98,1139.6,0.0012,0,0.9924,1.0372,185.7,445.67
P0071,premium,elettronica_alta_gamma,57,1033.21,1139.6,-0.0934,0,0.9681,1.0454,120.5,445.67
P0071,premium,elettronica_alta_gamma,58,1087.84,1139.6,-0.0454,0,0.9548,1.053,125.8,445.67
P0071,premium,elettronica_alta_gamma,59,997.77,1139.6,-0.1245,1,1.0538,1.0599,194.0,445.67
P0071,premium,elettronica_alta_gamma,60,1127.55,1139.6,-0.0106,0,1.0797,1.0658,148.7,445.67
P0071,premium,elettronica_alta_gamma,61,1164.3,1139.6,0.0217,0,1.0014,1.0708,134.2,445.67
P0071,premium,elettronica_alta_gamma,62,1169.56,1139.6,0.0263,0,0.8941,1.0748,131.9,445.67
P0071,premium,elettronica_alta_gamma,63,1149.5,1139.6,0.0087,0,0.9437,1.0777,105.3,445.67
P0071,premium,elettronica_alta_gamma,64,1132.14,1139.6,-0.0065,0,1.0757,1.0794,156.0,445.67
P0071,premium,elettronica_alta_gamma,65,1039.83,1139.6,-0.0876,0,0.9769,1.08,151.5,445.67
P0071,premium,elettronica_alta_gamma,66,1095.29,1139.6,-0.0389,0,1.0089,1.0794,148.9,445.67
P0071,premium,elettronica_alta_gamma,67,1127.36,1139.6,-0.0107,0,1.0221,1.0777,147.1,445.67
P0071,premium,elettronica_alta_gamma,68,1106.9,1139.6,-0.0287,0,0.8465,1.0748,139.8,445.67
P0071,premium,elettronica_alta_gamma,69,1093.43,1139.6,-0.0405,0,0.9246,1.0708,135.1,445.67
P0071,premium,elettronica_alta_gamma,70,1143.41,1139.6,0.0033,0,0.8857,1.0658,112.6,445.67
P0071,premium,elettronica_alta_gamma,71,1132.04,1139.6,-0.0066,0,0.9999,1.0599,118.7,445.67
P0071,premium,elettronica_alta_gamma,72,1124.62,1139.6,-0.0131,0,0.9691,1.053,116.7,445.67
P0071,premium,elettronica_alta_gamma,73,1039.06,1139.6,-0.0882,1,0.9825,1.0454,202.5,445.67
P0071,premium,elettronica_alta_gamma,74,1127.15,1139.6,-0.0109,0,0.9682,1.0372,160.8,445.67
P0071,premium,elettronica_alta_gamma,75,1108.11,1139.6,-0.0276,0,0.9803,1.0284,156.5,445.67
P0071,premium,elettronica_alta_gamma,76,1151.98,1139.6,0.0109,0,1.0269,1.0191,120.7,445.67
P0071,premium,elettronica_alta_gamma,77,1019.04,1139.6,-0.1058,1,0.9384,1.0096,200.0,445.67
P0071,premium,elettronica_alta_gamma,78,1133.5,1139.6,-0.0054,0,1.0052,1.0,142.9,445.67
P0071,premium,elettronica_alta_gamma,79,1163.93,1139.6,0.0213,0,1.0405,0.9904,130.2,445.67
P0071,premium,elettronica_alta_gamma,80,1081.13,1139.6,-0.0513,0,0.9131,0.9809,136.3,445.67
P0071,premium,elettronica_alta_gamma,81,1036.91,1139.6,-0.0901,0,0.9998,0.9716,134.3,445.67
P0071,premium,elettronica_alta_gamma,82,1156.7,1139.6,0.015,0,0.9096,0.9628,109.2,445.67
P0071,premium,elettronica_alta_gamma,83,1169.07,1139.6,0.0259,0,1.0187,0.9546,113.4,445.67
P0071,premium,elettronica_alta_gamma,84,996.85,1139.6,-0.1253,1,1.1025,0.947,184.9,445.67
P0071,premium,elettronica_alta_gamma,85,1080.29,1139.6,-0.052,1,1.0508,0.9401,161.1,445.67
P0071,premium,elettronica_alta_gamma,86,1190.98,1139.6,0.0451,0,1.0013,0.9342,107.6,445.67
P0071,premium,elettronica_alta_gamma,87,1102.27,1139.6,-0.0328,0,0.9133,0.9292,140.6,445.67
P0071,premium,elettronica_alta_gamma,88,1156.95,1139.6,0.0152,0,1.0909,0.9252,101.3,445.67
P0071,premium,elettronica_alta_gamma,89,1019.42,1139.6,-0.1055,1,1.0341,0.9223,161.6,445.67
P0071,premium,elettronica_alta_gamma,90,1135.8,1139.6,-0.0033,0,1.0198,0.9206,147.1,445.67
P0071,premium,elettronica_alta_gamma,91,1192.32,1139.6,0.0463,0,0.955,0.92,134.3,445.67
P0071,premium,elettronica_alta_gamma,92,1109.85,1139.6,-0.0261,0,1.0111,0.9206,125.8,445.67
P0071,premium,elettronica_alta_gamma,93,1154.81,1139.6,0.0133,0,0.961,0.9223,105.6,445.67
P0071,premium,elettronica_alta_gamma,94,1085.9,1139.6,-0.0471,0,0.9642,0.9252,122.2,445.67
P0071,premium,elettronica_alta_gamma,95,1168.59,1139.6,0.0254,0,0.9631,0.9292,88.5,445.67
P0071,premium,elettronica_alta_gamma,96,1054.31,1139.6,-0.0748,1,0.9707,0.9342,140.2,445.67
P0071,premium,elettronica_alta_gamma,97,1172.66,1139.6,0.029,0,0.9971,0.9401,123.4,445.67
P0071,premium,elettronica_alta_gamma,98,1089.59,1139.6,-0.0439,0,1.0515,0.947,142.2,445.67
P0071,premium,elettronica_alta_gamma,99,1148.63,1139.6,0.0079,0,1.0168,0.9546,119.3,445.67
P0071,premium,elettronica_alta_gamma,100,1008.43,1139.6,-0.1151,1,0.9811,0.9628,169.3,445.67
P0071,premium,elettronica_alta_gamma,101,1115.22,1139.6,-0.0214,0,0.954,0.9716,137.4,445.67
P0071,premium,elettronica_alta_gamma,102,1006.98,1139.6,-0.1164,1,1.0395,0.9809,132.8,445.67
P0071,premium,elettronica_alta_gamma,103,1048.38,1139.6,-0.08,1,1.081,0.9904,185.1,445.67
P0072,premium,moda_lusso,0,783.35,747.95,0.0473,0,1.0377,1.0,170.5,334.95
P0072,premium,moda_lusso,1,756.94,747.95,0.012,0,1.0887,1.0096,166.1,334.95
P0072,premium,moda_lusso,2,748.9,747.95,0.0013,0,1.0053,1.0191,188.3,334.95
P0072,premium,moda_lusso,3,727.85,747.95,-0.0269,0,0.9761,1.0284,166.1,334.95
P0072,premium,moda_lusso,4,767.09,747.95,0.0256,0,0.9918,1.0372,174.8,334.95
P0072,premium,moda_lusso,5,770.4,747.95,0.03,0,1.0668,1.0454,166.9,334.95
P0072,premium,moda_lusso,6,648.84,747.95,-0.1325,1,1.0636,1.053,255.9,334.95
P0072,premium,moda_lusso,7,791.33,747.95,0.058,0,1.0381,1.0599,141.6,334.95
P0072,premium,moda_lusso,8,770.49,747.95,0.0301,0,1.0633,1.0658,159.0,334.95
P0072,premium,moda_lusso,9,646.3,747.95,-0.1359,1,1.0484,1.0708,302.7,334.95
P0072,premium,moda_lusso,10,793.27,747.95,0.0606,0,1.0082,1.0748,186.6,334.95
P0072,premium,moda_lusso,11,684.36,747.95,-0.085,1,1.0961,1.0777,216.3,334.95
P0072,premium,moda_lusso,12,715.07,747.95,-0.044,0,1.0634,1.0794,212.3,334.95
P0072,premium,moda_lusso,13,722.19,747.95,-0.0344,0,0.9997,1.08,169.2,334.95
P0072,premium,moda_lusso,14,735.15,747.95,-0.0171,0,1.0253,1.0794,160.0,334.95
P0072,premium,moda_lusso,15,653.49,747.95,-0.1263,1,1.084,1.0777,232.8,334.95
P0072,premium,moda_lusso,16,752.89,747.95,0.0066,0,1.0201,1.0748,145.7,334.95
P0072,premium,moda_lusso,17,728.63,747.95,-0.0258,0,1.0013,1.0708,202.0,334.95
P0072,premium,moda_lusso,18,724.38,747.95,-0.0315,0,1.0044,1.0658,170.9,334.95
P0072,premium,moda_lusso,19,747.55,747.95,-0.0005,0,1.0382,1.0599,152.1,334.95
P0072,premium,moda_lusso,20,773.66,747.95,0.0344,0,1.0234,1.053,185.1,334.95
P0072,premium,moda_lusso,21,712.33,747.95,-0.0476,0,1.0144,1.0454,162.2,334.95
P0072,premium,moda_lusso,22,727.29,747.95,-0.0276,0,0.985,1.0372,161.4,334.95
P0072,premium,moda_lusso,23,747.59,747.95,-0.0005,0,1.1223,1.0284,130.8,334.95
P0072,premium,moda_lusso,24,747.47,747.95,-0.0006,0,0.9781,1.0191,125.2,334.95
P0072,premium,moda_lusso,25,710.23,747.95,-0.0504,0,1.0414,1.0096,205.9,334.95
P0072,premium,moda_lusso,26,778.54,747.95,0.0409,0,1.0013,1.0,116.5,334.95
P0072,premium,moda_lusso,27,752.62,747.95,0.0062,0,1.0201,0.9904,127.3,334.95
P0072,premium,moda_lusso,28,680.71,747.95,-0.0899,1,1.0499,0.9809,202.2,334.95
P0072,premium,moda_lusso,29,776.02,747.95,0.0375,0,1.0426,0.9716,162.5,334.95
P0072,premium,moda_lusso,30,739.97,747.95,-0.0107,0,1.0057,0.9628,150.6,334.95
P0072,premium,moda_lusso,31,727.96,747.95,-0.0267,0,1.0556,0.9546,128.0,334.95
P0072,premium,moda_lusso,32,747.0,747.95,-0.0013,0,1.0235,0.947,160.5,334.95
P0072,premium,moda_lusso,33,749.99,747.95,0.0027,0,0.9641,0.9401,144.1,334.95
P0072,premium,moda_lusso,34,761.56,747.95,0.0182,0,0.9467,0.9342,140.3,334.95
P0072,premium,moda_lusso,35,752.66,747.95,0.0063,0,0.9474,0.9292,138.6,334.95
P0072,premium,moda_lusso,36,746.41,747.95,-0.0021,0,1.0824,0.9252,125.8,334.95
P0072,premium,moda_lusso,37,730.85,747.95,-0.0229,0,1.0461,0.9223,181.5,334.95
P0072,premium,moda_lusso,38,714.29,747.95,-0.045,0,0.9989,0.9206,187.6,334.95
P0072,premium,moda_lusso,39,751.63,747.95,0.0049,0,1.012,0.92,118.9,334.95
P0072,premium,moda_lusso,40,770.3,747.95,0.0299,0,0.9003,0.9206,118.9,334.95
P0072,premium,moda_lusso,41,767.54,747.95,0.0262,0,0.9624,0.9223,147.2,334.95
P0072,premium,moda_lusso,42,701.47,747.95,-0.0621,1,1.0248,0.9252,200.4,334.95
P0072,premium,moda_lusso,43,756.51,747.95,0.0114,0,1.0108,0.9292,140.0,334.95
P0072,premium,moda_lusso,44,797.18,747.95,0.0658,0,0.9779,0.9342,160.6,334.95
P0072,premium,moda_lusso,45,769.16,747.95,0.0284,0,1.0892,0.9401,137.0,334.95
P0072,premium,moda_lusso,46,736.71,747.95,-0.015,0,0.999,0.947,156.5,334.95
P0072,premium,moda_lusso,47,736.96,747.95,-0.0147,0,1.0977,0.9546,148.1,334.95
P0072,premium,moda_lusso,48,769.69,747.95,0.0291,0,1.0423,0.9628,172.9,334.95
P0072,premium,moda_lusso,49,757.01,747.95,0.0121,0,0.9856,0.9716,119.4,334.95
P0072,premium,moda_lusso,50,753.41,747.95,0.0073,0,0.941,0.9809,125.8,334.95
P0072,premium,moda_lusso,51,768.28,747.95,0.0272,0,0.9877,0.9904,167.5,334.95
P0072,premium,moda_lusso,52,778.03,747.95,0.0402,0,1.1087,1.0,205.0,334.95
P0072,premium,moda_lusso,53,735.91,747.95,-0.0161,0,1.0031,1.0096,194.1,334.95
P0072,premium,moda_lusso,54,785.85,747.95,0.0507,0,0.9915,1.0191,155.2,334.95
P0072,premium,moda_lusso,55,679.74,747.95,-0.0912,1,0.9861,1.0284,260.8,334.95
P0072,premium,moda_lusso,56,790.16,747.95,0.0564,0,0.9714,1.0372,134.4,334.95
P0072,premium,moda_lusso,57,765.73,747.95,0.0238,0,1.0094,1.0454,162.3,334.95
P0072,premium,moda_lusso,58,750.43,747.95,0.0033,0,0.9765,1.053,143.2,334.95
P0072,premium,moda_lusso,59,736.81,747.95,-0.0149,0,0.9836,1.0599,191.2,334.95
P0072,premium,moda_lusso,60,648.35,747.95,-0.1332,1,0.9932,1.0658,243.3,334.95
P0072,premium,moda_lusso,61,738.63,747.95,-0.0125,0,0.9825,1.0708,189.4,334.95
P0072,premium,moda_lusso,62,783.53,747.95,0.0476,0,0.9942,1.0748,152.9,334.95
P0072,premium,moda_lusso,63,748.51,747.95,0.0008,0,0.9937,1.0777,169.1,334.95
P0072,premium,moda_lusso,64,755.96,747.95,0.0107,0,1.0625,1.0794,162.2,334.95
P0072,premium,moda_lusso,65,754.17,747.95,0.0083,0,1.0441,1.08,188.0,334.95
P0072,premium,moda_lusso,66,674.48,747.95,-0.0982,1,1.0479,1.0794,270.0,334.95
P0072,premium,moda_lusso,67,750.69,747.95,0.0037,0,1.077,1.0777,155.1,334.95
P0072,premium,moda_lusso,68,740.68,747.95,-0.0097,0,1.0598,1.0748,149.1,334.95
P0072,premium,moda_lusso,69,702.91,747.95,-0.0602,0,1.0368,1.0708,150.6,334.95
P0072,premium,moda_lusso,70,739.36,747.95,-0.0115,0,0.9615,1.0658,149.7,334.95
P0072,premium,moda_lusso,71,728.21,747.95,-0.0264,0,0.9998,1.0599,179.1,334.95
P0072,premium,moda_lusso,72,772.41,747.95,0.0327,0,1.0082,1.053,140.2,334.95
P0072,premium,moda_lusso,73,765.13,747.95,0.023,0,0.9909,1.0454,154.1,334.95
P0072,premium,moda_lusso,74,714.1,747.95,-0.0453,0,1.0247,1.0372,193.4,334.95
P0072,premium,moda_lusso,75,743.54,747.95,-0.0059,0,0.9799,1.0284,161.9,334.95
P0072,premium,moda_lusso,76,742.76,747.95,-0.0069,0,1.1555,1.0191,152.1,334.95
P0072,premium,moda_lusso,77,762.19,747.95,0.019,0,1.0054,1.0096,184.6,334.95
P0072,premium,moda_lusso,78,759.08,747.95,0.0149,0,0.9642,1.0,146.1,334.95
P0072,premium,moda_lusso,79,722.72,747.95,-0.0337,0,0.9174,0.9904,168.5,334.95
P0072,premium,moda_lusso,80,695.86,747.95,-0.0696,1,1.038,0.9809,219.0,334.95
P0072,premium,moda_lusso,81,671.61,747.95,-0.1021,1,1.0509,0.9716,286.4,334.95
P0072,premium,moda_lusso,82,686.11,747.95,-0.0827,1,0.9381,0.9628,198.7,334.95
P0072,premium,moda_lusso,83,826.37,747.95,0.1048,0,0.9654,0.9546,130.2,334.95
P0072,premium,moda_lusso,84,761.92,747.95,0.0187,0,0.955,0.947,162.1,334.95
P0072,premium,moda_lusso,85,744.77,747.95,-0.0043,0,0.9077,0.9401,139.3,334.95
P0072,premium,moda_lusso,86,732.27,747.95,-0.021,0,0.975,0.9342,168.0,334.95
P0072,premium,moda_lusso,87,756.83,747.95,0.0119,0,0.957,0.9292,144.6,334.95
P0072,premium,moda_lusso,88,771.23,747.95,0.0311,0,1.0144,0.9252,115.8,334.95
P0072,premium,moda_lusso,89,773.26,747.95,0.0338,0,1.0748,0.9223,130.8,334.95
P0072,premium,moda_lusso,90,716.93,747.95,-0.0415,0,0.9974,0.9206,158.1,334.95
P0072,premium,moda_lusso,91,756.91,747.95,0.012,0,1.0084,0.92,134.6,334.95
P0072,premium,moda_lusso,92,741.81,747.95,-0.0082,0,1.0066,0.9206,121.8,334.95
P0072,premium,moda_lusso,93,735.47,747.95,-0.0167,0,1.0479,0.9223,125.5,334.95
P0072,premium,moda_lusso,94,690.83,747.95,-0.0764,0,1.0308,0.9252,154.5,334.95
P0072,premium,moda_lusso,95,732.24,747.95,-0.021,0,0.9525,0.9292,141.2,334.95
P0072,premium,moda_lusso,96,649.25,747.95,-0.132,1,1.0152,0.9342,190.4,334.95
P0072,premium,moda_lusso,97,704.81,747.95,-0.0577,1,0.9689,0.9401,206.3,334.95
P0072,premium,moda_lusso,98,743.36,747.95,-0.0061,0,0.9854,0.947,167.8,334.95
P0072,premium,moda_lusso,99,694.65,747.95,-0.0713,0,1.0615,0.9546,162.2,334.95
P0072,premium,moda_lusso,100,783.33,747.95,0.0473,0,0.8673,0.9628,157.9,334.95
P0072,premium,moda_lusso,101,729.92,747.95,-0.0241,0,0.9303,0.9716,190.0,334.95
P0072,premium,moda_lusso,102,672.25,747.95,-0.1012,1,1.0512,0.9809,225.9,334.95
P0072,premium,moda_lusso,103,741.01,747.95,-0.0093,0,1.0231,0.9904,143.7,334.95
P0073,premium,orologeria_gioielli,0,1361.64,1359.95,0.0012,0,0.923,1.0,27.2,545.43
P0073,premium,orologeria_gioielli,1,1228.14,1359.95,-0.0969,1,1.0228,1.0096,31.0,545.43
P0073,premium,orologeria_gioielli,2,1214.58,1359.95,-0.1069,1,1.032,1.0191,36.1,545.43
P0073,premium,orologeria_gioielli,3,1157.41,1359.95,-0.1489,1,1.0131,1.0284,36.9,545.43
P0073,premium,orologeria_gioielli,4,1209.62,1359.95,-0.1105,1,1.0459,1.0372,37.7,545.43
P0073,premium,orologeria_gioielli,5,1438.14,1359.95,0.0575,0,1.0084,1.0454,23.2,545.43
P0073,premium,orologeria_gioielli,6,1163.28,1359.95,-0.1446,1,0.9281,1.053,35.4,545.43
P0073,premium,orologeria_gioielli,7,1415.69,1359.95,0.041,0,0.9228,1.0599,26.6,545.43
P0073,premium,orologeria_gioielli,8,1361.74,1359.95,0.0013,0,1.0071,1.0658,26.9,545.43
P0073,premium,orologeria_gioielli,9,1419.16,1359.95,0.0435,0,1.1072,1.0708,26.5,545.43
P0073,premium,orologeria_gioielli,10,1313.89,1359.95,-0.0339,0,0.974,1.0748,30.4,545.43
P0073,premium,orologeria_gioielli,11,1392.1,1359.95,0.0236,0,0.9668,1.0777,24.9,545.43
P0073,premium,orologeria_gioielli,12,1320.35,1359.95,-0.0291,0,1.0708,1.0794,29.3,545.43
P0073,premium,orologeria_gioielli,13,1303.57,1359.95,-0.0415,0,0.9656,1.08,29.6,545.43
P0073,premium,orologeria_gioielli,14,1433.94,1359.95,0.0544,0,0.9896,1.0794,28.9,545.43
P0073,premium,orologeria_gioielli,15,1437.15,1359.95,0.0568,0,0.9781,1.0777,26.8,545.43
P0073,premium,orologeria_gioielli,16,1364.86,1359.95,0.0036,0,1.057,1.0748,28.0,545.43
P0073,premium,orologeria_gioielli,17,1169.93,1359.95,-0.1397,1,0.973,1.0708,39.3,545.43
P0073,premium,orologeria_gioielli,18,1321.92,1359.95,-0.028,0,0.9391,1.0658,27.6,545.43
P0073,premium,orologeria_gioielli,19,1417.31,1359.95,0.0422,0,0.995,1.0599,23.3,545.43
P0073,premium,orologeria_gioielli,20,1223.96,1359.95,-0.1,0,1.0019,1.053,29.2,545.43
P0073,premium,orologeria_gioielli,21,1383.75,1359.95,0.0175,0,1.0055,1.0454,27.9,545.43
P0073,premium,orologeria_gioielli,22,1271.45,1359.95,-0.0651,1,0.9977,1.0372,30.3,545.43
P0073,premium,orologeria_gioielli,23,1415.23,1359.95,0.0407,0,1.0779,1.0284,29.3,545.43
P0073,premium,orologeria_gioielli,24,1362.8,1359.95,0.0021,0,1.0508,1.0191,27.0,545.43
P0073,premium,orologeria_gioielli,25,1316.25,1359.95,-0.0321,0,1.0336,1.0096,22.5,545.43
P0073,premium,orologeria_gioielli,26,1278.12,1359.95,-0.0602,0,0.9393,1.0,22.6,545.43
P0073,premium,orologeria_gioielli,27,1376.82,1359.95,0.0124,0,1.1225,0.9904,24.7,545.43
P0073,premium,orologeria_gioielli,28,1367.61,1359.95,0.0056,0,1.0344,0.9809,25.3,545.43
P0073,premium,orologeria_gioielli,29,1309.84,1359.95,-0.0368,0,0.8776,0.9716,26.5,545.43
P0073,premium,orologeria_gioielli,30,1422.39,1359.95,0.0459,0,0.9726,0.9628,21.0,545.43
P0073,premium,orologeria_gioielli,31,1359.07,1359.95,-0.0006,0,0.9895,0.9546,26.5,545.43
P0073,premium,orologeria_gioielli,32,1414.17,1359.95,0.0399,0,0.9334,0.947,25.1,545.43
P0073,premium,orologeria_gioielli,33,1316.11,1359.95,-0.0322,0,1.0024,0.9401,19.6,545.43
P0073,premium,orologeria_gioielli,34,1346.11,1359.95,-0.0102,0,0.9761,0.9342,23.5,545.43
P0073,premium,orologeria_gioielli,35,1414.24,1359.95,0.0399,0,0.9452,0.9292,22.0,545.43
P0073,premium,orologeria_gioielli,36,1309.25,1359.95,-0.0373,0,1.008,0.9252,22.0,545.43
P0073,premium,orologeria_gioielli,37,1385.0,1359.95,0.0184,0,1.0774,0.9223,23.3,545.43
P0073,premium,orologeria_gioielli,38,1354.03,1359.95,-0.0044,0,0.9742,0.9206,27.0,545.43
P0073,premium,orologeria_gioielli,39,1255.02,1359.95,-0.0772,1,1.0599,0.92,34.4,545.43
P0073,premium,orologeria_gioielli,40,1186.54,1359.95,-0.1275,1,0.9999,0.9206,35.3,545.43
P0073,premium,orologeria_gioielli,41,1369.71,1359.95,0.0072,0,1.0448,0.9223,23.7,545.43
P0073,premium,orologeria_gioielli,42,1367.65,1359.95,0.0057,0,1.0041,0.9252,26.1,545.43
P0073,premium,orologeria_gioielli,43,1307.72,1359.95,-0.0384,0,1.0002,0.9292,25.9,545.43
P0073,premium,orologeria_gioielli,44,1404.26,1359.95,0.0326,0,0.9966,0.9342,22.8,545.43
P0073,premium,orologeria_gioielli,45,1371.84,1359.95,0.0087,0,0.9179,0.9401,23.8,545.43
P0073,premium,orologeria_gioielli,46,1288.37,1359.95,-0.0526,0,1.0078,0.947,26.0,545.43
P0073,premium,orologeria_gioielli,47,1313.94,1359.95,-0.0338,0,1.0258,0.9546,23.2,545.43
P0073,premium,orologeria_gioielli,48,1405.26,1359.95,0.0333,0,1.0332,0.9628,21.4,545.43
P0073,premium,orologeria_gioielli,49,1332.34,1359.95,-0.0203,0,0.9178,0.9716,27.4,545.43
P0073,premium,orologeria_gioielli,50,1176.09,1359.95,-0.1352,1,0.9986,0.9809,34.4,545.43
P0073,premium,orologeria_gioielli,51,1295.81,1359.95,-0.0472,0,1.0244,0.9904,22.5,545.43
P0073,premium,orologeria_gioielli,52,1309.26,1359.95,-0.0373,0,0.935,1.0,25.9,545.43
P0073,premium,orologeria_gioielli,53,1364.89,1359.95,0.0036,0,0.9554,1.0096,26.2,545.43
P0073,premium,orologeria_gioielli,54,1254.39,1359.95,-0.0776,1,1.0093,1.0191,31.6,545.43
P0073,premium,orologeria_gioielli,55,1287.11,1359.95,-0.0536,0,1.0161,1.0284,29.7,545.43
P0073,premium,orologeria_gioielli,56,1372.1,1359.95,0.0089,0,0.9913,1.0372,28.6,545.43
P0073,premium,orologeria_gioielli,57,1252.08,1359.95,-0.0793,0,1.0516,1.0454,28.8,545.43
P0073,premium,orologeria_gioielli,58,1335.99,1359.95,-0.0176,0,1.0016,1.053,25.4,545.43
P0073,premium,orologeria_gioielli,59,1326.26,1359.95,-0.0248,0,0.948,1.0599,32.1,545.43
P0073,premium,orologeria_gioielli,60,1467.18,1359.95,0.0788,0,1.0186,1.0658,27.8,545.43
P0073,premium,orologeria_gioielli,61,1349.56,1359.95,-0.0076,0,1.0036,1.0708,25.3,545.43
P0073,premium,orologeria_gioielli,62,1379.95,1359.95,0.0147,0,1.022,1.0748,23.1,545.43
P0073,premium,orologeria_gioielli,63,1386.27,1359.95,0.0194,0,0.9705,1.0777,24.9,545.43
P0073,premium,orologeria_gioielli,64,1237.48,1359.95,-0.0901,0,1.0001,1.0794,35.3,545.43
P0073,premium,orologeria_gioielli,65,1264.44,1359.95,-0.0702,1,1.0272,1.08,30.1,545.43
P0073,premium,orologeria_gioielli,66,1407.62,1359.95,0.035,0,0.9412,1.0794,24.7,545.43
P0073,premium,orologeria_gioielli,67,1291.01,1359.95,-0.0507,1,0.9729,1.0777,35.1,545.43
P0073,premium,orologeria_gioielli,68,1361.12,1359.95,0.0009,0,1.0523,1.0748,27.6,545.43
P0073,premium,orologeria_gioielli,69,1358.39,1359.95,-0.0011,0,0.96,1.0708,24.2,545.43
P0073,premium,orologeria_gioielli,70,1437.9,1359.95,0.0573,0,0.9104,1.0658,28.1,545.43
P0073,premium,orologeria_gioielli,71,1302.28,1359.95,-0.0424,0,0.9764,1.0599,25.8,545.43
P0073,premium,orologeria_gioielli,72,1438.6,1359.95,0.0578,0,0.9539,1.053,21.7,545.43
P0073,premium,orologeria_gioielli,73,1385.84,1359.95,0.019,0,1.0622,1.0454,23.1,545.43
P0073,premium,orologeria_gioielli,74,1325.12,1359.95,-0.0256,0,1.0312,1.0372,26.6,545.43
P0073,premium,orologeria_gioielli,75,1381.25,1359.95,0.0157,0,0.9843,1.0284,26.3,545.43
P0073,premium,orologeria_gioielli,76,1305.0,1359.95,-0.0404,0,1.0962,1.0191,32.1,545.43
P0073,premium,orologeria_gioielli,77,1393.26,1359.95,0.0245,0,1.1026,1.0096,29.3,545.43
P0073,premium,orologeria_gioielli,78,1355.76,1359.95,-0.0031,0,0.9141,1.0,27.9,545.43
P0073,premium,orologeria_gioielli,79,1419.43,1359.95,0.0437,0,1.0351,0.9904,25.6,545.43
P0073,premium,orologeria_gioielli,80,1375.17,1359.95,0.0112,0,0.9684,0.9809,26.4,545.43
P0073,premium,orologeria_gioielli,81,1384.64,1359.95,0.0182,0,1.0662,0.9716,25.5,545.43
P0073,premium,orologeria_gioielli,82,1403.41,1359.95,0.032,0,1.0885,0.9628,23.7,545.43
P0073,premium,orologeria_gioielli,83,1431.88,1359.95,0.0529,0,1.0335,0.9546,18.5,545.43
P0073,premium,orologeria_gioielli,84,1395.7,1359.95,0.0263,0,0.98,0.947,28.2,545.43
P0073,premium,orologeria_gioielli,85,1331.86,1359.95,-0.0207,0,0.9484,0.9401,23.2,545.43
P0073,premium,orologeria_gioielli,86,1433.07,1359.95,0.0538,0,0.9482,0.9342,25.1,545.43
P0073,premium,orologeria_gioielli,87,1398.94,1359.95,0.0287,0,1.0218,0.9292,22.8,545.43
P0073,premium,orologeria_gioielli,88,1348.28,1359.95,-0.0086,0,1.0474,0.9252,23.2,545.43
P0073,premium,orologeria_gioielli,89,1347.12,1359.95,-0.0094,0,0.9922,0.9223,23.2,545.43
P0073,premium,orologeria_gioielli,90,1389.74,1359.95,0.0219,0,1.0369,0.9206,22.3,545.43
P0073,premium,orologeria_gioielli,91,1309.94,1359.95,-0.0368,0,1.0127,0.92,28.2,545.43
P0073,premium,orologeria_gioielli,92,1331.43,1359.95,-0.021,0,1.0996,0.9206,22.7,545.43
P0073,premium,orologeria_gioielli,93,1295.13,1359.95,-0.0477,0,0.9462,0.9223,25.1,545.43
P0073,premium,orologeria_gioielli,94,1329.87,1359.95,-0.0221,0,0.9576,0.9252,20.9,545.43
P0073,premium,orologeria_gioielli,95,1408.28,1359.95,0.0355,0,1.0902,0.9292,28.9,545.43
P0073,premium,orologeria_gioielli,96,1213.26,1359.95,-0.1079,1,0.9666,0.9342,34.8,545.43
P0073,premium,orologeria_gioielli,97,1379.56,1359.95,0.0144,0,1.0965,0.9401,24.3,545.43
P0073,premium,orologeria_gioielli,98,1240.15,1359.95,-0.0881,1,1.0224,0.947,33.0,545.43
P0073,premium,orologeria_gioielli,99,1398.11,1359.95,0.0281,0,1.0765,0.9546,31.1,545.43
P0073,premium,orologeria_gioielli,100,1269.51,1359.95,-0.0665,0,1.0238,0.9628,27.9,545.43
P0073,premium,orologeria_gioielli,101,1370.19,1359.95,0.0075,0,0.9758,0.9716,24.2,545.43
P0073,premium,orologeria_gioielli,102,1426.07,1359.95,0.0486,0,0.9365,0.9809,22.8,545.43
P0073,premium,orologeria_gioielli,103,1223.38,1359.95,-0.1004,1,1.0435,0.9904,26.3,545.43
P0074,premium,moda_lusso,0,919.49,928.7,-0.0099,0,0.9622,1.0,70.5,323.22
P0074,premium,moda_lusso,1,937.46,928.7,0.0094,0,0.9679,1.0096,58.0,323.22
P0074,premium,moda_lusso,2,846.25,928.7,-0.0888,1,0.9997,1.0191,86.5,323.22
P0074,premium,moda_lusso,3,904.06,928.7,-0.0265,0,0.9983,1.0284,77.6,323.22
P0074,premium,moda_lusso,4,928.58,928.7,-0.0001,0,1.0201,1.0372,63.6,323.22
P0074,premium,moda_lusso,5,942.8,928.7,0.0152,0,1.0639,1.0454,55.0,323.22
P0074,premium,moda_lusso,6,937.62,928.7,0.0096,0,1.0247,1.053,87.0,323.22
P0074,premium,moda_lusso,7,927.62,928.7,-0.0012,0,0.9961,1.0599,67.7,323.22
P0074,premium,moda_lusso,8,957.18,928.7,0.0307,0,0.9198,1.0658,79.0,323.22
P0074,premium,moda_lusso,9,937.25,928.7,0.0092,0,0.9191,1.0708,65.2,323.22
P0074,premium,moda_lusso,10,961.09,928.7,0.0349,0,0.9115,1.0748,60.4,323.22
P0074,premium,moda_lusso,11,977.51,928.7,0.0526,0,1.0215,1.0777,75.9,323.22
P0074,premium,moda_lusso,12,960.0,928.7,0.0337,0,1.0073,1.0794,70.4,323.22
P0074,premium,moda_lusso,13,952.17,928.7,0.0253,0,0.9374,1.08,72.7,323.22
P0074,premium,moda_lusso,14,940.73,928.7,0.0129,0,0.9524,1.0794,62.9,323.22
P0074,premium,moda_lusso,15,953.22,928.7,0.0264,0,1.0547,1.0777,57.9,323.22
P0074,premium,moda_lusso,16,897.0,928.7,-0.0341,0,0.9467,1.0748,81.2,323.22
P0074,premium,moda_lusso,17,797.13,928.7,-0.1417,1,1.0855,1.0708,100.6,323.22
P0074,premium,moda_lusso,18,895.21,928.7,-0.0361,0,0.917,1.0658,66.1,323.22
P0074,premium,moda_lusso,19,929.21,928.7,0.0005,0,0.8987,1.0599,55.5,323.22
P0074,premium,moda_lusso,20,839.54,928.7,-0.096,1,0.899,1.053,71.8,323.22
P0074,premium,moda_lusso,21,888.9,928.7,-0.0429,0,0.9993,1.0454,56.0,323.22
P0074,premium,moda_lusso,22,863.14,928.7,-0.0706,0,0.9848,1.0372,73.4,323.22
P0074,premium,moda_lusso,23,792.07,928.7,-0.1471,1,0.9651,1.0284,80.7,323.22
P0074,premium,moda_lusso,24,790.97,928.7,-0.1483,1,0.9959,1.0191,78.2,323.22
P0074,premium,moda_lusso,25,893.9,928.7,-0.0375,0,0.9148,1.0096,59.4,323.22
P0074,premium,moda_lusso,26,925.23,928.7,-0.0037,0,0.9924,1.0,54.3,323.22
P0074,premium,moda_lusso,27,912.83,928.7,-0.0171,0,0.9716,0.9904,70.5,323.22
P0074,premium,moda_lusso,28,911.39,928.7,-0.0186,0,1.0548,0.9809,64.6,323.22
P0074,premium,moda_lusso,29,835.83,928.7,-0.1,0,0.9337,0.9716,66.5,323.22
P0074,premium,moda_lusso,30,874.74,928.7,-0.0581,0,1.0329,0.9628,65.4,323.22
P0074,premium,moda_lusso,31,959.59,928.7,0.0333,0,1.0676,0.9546,62.4,323.22
P0074,premium,moda_lusso,32,917.74,928.7,-0.0118,0,1.041,0.947,50.3,323.22
P0074,premium,moda_lusso,33,946.25,928.7,0.0189,0,1.0704,0.9401,54.9,323.22
P0074,premium,moda_lusso,34,922.29,928.7,-0.0069,0,1.0494,0.9342,52.8,323.22
P0074,premium,moda_lusso,35,825.38,928.7,-0.1113,1,0.9407,0.9292,72.9,323.22
P0074,premium,moda_lusso,36,895.57,928.7,-0.0357,0,0.9258,0.9252,60.8,323.22
P0074,premium,moda_lusso,37,979.52,928.7,0.0547,0,1.0769,0.9223,64.0,323.22
P0074,premium,moda_lusso,38,845.72,928.7,-0.0893,1,1.0673,0.9206,68.6,323.22
P0074,premium,moda_lusso,39,899.07,928.7,-0.0319,0,0.9901,0.92,46.4,323.22
P0074,premium,moda_lusso,40,919.13,928.7,-0.0103,0,0.9774,0.9206,56.2,323.22
P0074,premium,moda_lusso,41,930.05,928.7,0.0015,0,1.0642,0.9223,50.4,323.22
P0074,premium,moda_lusso,42,935.7,928.7,0.0075,0,1.0187,0.9252,57.1,323.22
P0074,premium,moda_lusso,43,936.25,928.7,0.0081,0,0.9641,0.9292,60.7,323.22
P0074,premium,moda_lusso,44,902.68,928.7,-0.028,0,0.9331,0.9342,59.0,323.22
P0074,premium,moda_lusso,45,961.37,928.7,0.0352,0,1.0602,0.9401,60.5,323.22
P0074,premium,moda_lusso,46,928.63,928.7,-0.0001,0,0.9378,0.947,54.2,323.22
P0074,premium,moda_lusso,47,920.03,928.7,-0.0093,0,1.0046,0.9546,50.4,323.22
P0074,premium,moda_lusso,48,953.91,928.7,0.0271,0,0.9583,0.9628,54.8,323.22
P0074,premium,moda_lusso,49,898.43,928.7,-0.0326,0,1.0553,0.9716,52.3,323.22
P0074,premium,moda_lusso,50,904.37,928.7,-0.0262,0,1.0078,0.9809,57.7,323.22
P0074,premium,moda_lusso,51,968.4,928.7,0.0427,0,0.9656,0.9904,56.0,323.22
P0074,premium,moda_lusso,52,846.73,928.7,-0.0883,1,0.9955,1.0,92.0,323.22
P0074,premium,moda_lusso,53,967.37,928.7,0.0416,0,1.0204,1.0096,66.4,323.22
P0074,premium,moda_lusso,54,877.21,928.7,-0.0554,0,1.0535,1.0191,72.8,323.22
P0074,premium,moda_lusso,55,880.4,928.7,-0.052,0,1.0243,1.0284,57.2,323.22
P0074,premium,moda_lusso,56,912.37,928.7,-0.0176,0,1.0191,1.0372,59.7,323.22
P0074,premium,moda_lusso,57,955.74,928.7,0.0291,0,1.0564,1.0454,70.1,323.22
P0074,premium,moda_lusso,58,924.1,928.7,-0.005,0,0.9716,1.053,69.8,323.22
P0074,premium,moda_lusso,59,932.57,928.7,0.0042,0,0.9462,1.0599,65.4,323.22
P0074,premium,moda_lusso,60,915.68,928.7,-0.014,0,0.9662,1.0658,60.4,323.22
P0074,premium,moda_lusso,61,849.92,928.7,-0.0848,0,0.9099,1.0708,74.8,323.22
P0074,premium,moda_lusso,62,905.19,928.7,-0.0253,0,1.0487,1.0748,62.2,323.22
P0074,premium,moda_lusso,63,806.14,928.7,-0.132,1,1.0953,1.0777,89.0,323.22
P0074,premium,moda_lusso,64,943.86,928.7,0.0163,0,0.9074,1.0794,62.2,323.22
P0074,premium,moda_lusso,65,928.57,928.7,-0.0001,0,1.1103,1.08,62.9,323.22
P0074,premium,moda_lusso,66,954.9,928.7,0.0282,0,1.0071,1.0794,69.2,323.22
P0074,premium,moda_lusso,67,864.56,928.7,-0.0691,0,1.0175,1.0777,71.7,323.22
P0074,premium,moda_lusso,68,930.75,928.7,0.0022,0,1.0485,1.0748,60.1,323.22
P0074,premium,moda_lusso,69,896.59,928.7,-0.0346,0,0.9946,1.0708,72.8,323.22
P0074,premium,moda_lusso,70,953.05,928.7,0.0262,0,0.9829,1.0658,66.7,323.22
P0074,premium,moda_lusso,71,909.95,928.7,-0.0202,0,1.1126,1.0599,59.8,323.22
P0074,premium,moda_lusso,72,902.58,928.7,-0.0281,0,1.0066,1.053,62.9,323.22
P0074,premium,moda_lusso,73,821.07,928.7,-0.1159,1,0.9841,1.0454,68.3,323.22
P0074,premium,moda_lusso,74,836.4,928.7,-0.0994,1,0.9218,1.0372,79.0,323.22
P0074,premium,moda_lusso,75,816.17,928.7,-0.1212,1,1.0023,1.0284,72.7,323.22
P0074,premium,moda_lusso,76,920.3,928.7,-0.009,0,1.0119,1.0191,69.2,323.22
P0074,premium,moda_lusso,77,932.89,928.7,0.0045,0,1.0256,1.0096,58.9,323.22
P0074,premium,moda_lusso,78,899.86,928.7,-0.031,0,0.9896,1.0,72.6,323.22
P0074,premium,moda_lusso,79,885.12,928.7,-0.0469,0,0.9795,0.9904,73.5,323.22
P0074,premium,moda_lusso,80,932.03,928.7,0.0036,0,0.9683,0.9809,59.6,323.22
P0074,premium,moda_lusso,81,959.92,928.7,0.0336,0,1.0027,0.9716,67.6,323.22
P0074,premium,moda_lusso,82,929.67,928.7,0.001,0,0.982,0.9628,62.5,323.22
P0074,premium,moda_lusso,83,891.21,928.7,-0.0404,0,1.0118,0.9546,58.1,323.22
P0074,premium,moda_lusso,84,906.24,928.7,-0.0242,0,0.9687,0.947,68.8,323.22
P0074,premium,moda_lusso,85,965.88,928.7,0.04,0,1.0066,0.9401,50.5,323.22
P0074,premium,moda_lusso,86,890.09,928.7,-0.0416,0,1.0304,0.9342,57.2,323.22
P0074,premium,moda_lusso,87,975.3,928.7,0.0502,0,0.9132,0.9292,54.0,323.22
P0074,premium,moda_lusso,88,998.85,928.7,0.0755,0,0.978,0.9252,48.2,323.22
P0074,premium,moda_lusso,89,905.1,928.7,-0.0254,0,0.9189,0.9223,50.2,323.22
P0074,premium,moda_lusso,90,930.19,928.7,0.0016,0,0.9582,0.9206,53.9,323.22
P0074,premium,moda_lusso,91,971.73,928.7,0.0463,0,1.0167,0.92,52.8,323.22
P0074,premium,moda_lusso,92,852.8,928.7,-0.0817,1,1.084,0.9206,63.9,323.22
P0074,premium,moda_lusso,93,918.53,928.7,-0.0109,0,0.9188,0.9223,46.1,323.22
P0074,premium,moda_lusso,94,975.94,928.7,0.0509,0,0.9715,0.9252,55.3,323.22
P0074,premium,moda_lusso,95,953.47,928.7,0.0267,0,0.9986,0.9292,47.6,323.22
P0074,premium,moda_lusso,96,883.54,928.7,-0.0486,0,1.0279,0.9342,51.6,323.22
P0074,premium,moda_lusso,97,807.97,928.7,-0.13,1,0.8817,0.9401,85.1,323.22
P0074,premium,moda_lusso,98,911.74,928.7,-0.0183,0,1.0137,0.947,62.3,323.22
P0074,premium,moda_lusso,99,984.79,928.7,0.0604,0,1.0208,0.9546,56.0,323.22
P0074,premium,moda_lusso,100,881.26,928.7,-0.0511,0,0.9785,0.9628,53.3,323.22
P0074,premium,moda_lusso,101,946.06,928.7,0.0187,0,0.9069,0.9716,55.3,323.22
P0074,premium,moda_lusso,102,877.87,928.7,-0.0547,0,0.9624,0.9809,85.0,323.22
P0074,premium,moda_lusso,103,963.89,928.7,0.0379,0,1.075,0.9904,54.7,323.22
P0075,premium,moda_lusso,0,2167.16,2021.49,0.0721,0,1.023,1.0,165.2,776.33
P0075,premium,moda_lusso,1,2148.64,2021.49,0.0629,0,1.0008,1.0096,120.7,776.33
P0075,premium,moda_lusso,2,2013.6,2021.49,-0.0039,0,0.9958,1.0191,133.9,776.33
P0075,premium,moda_lusso,3,1964.98,2021.49,-0.028,0,1.0361,1.0284,143.4,776.33
P0075,premium,moda_lusso,4,2041.01,2021.49,0.0097,0,1.0201,1.0372,144.3,776.33
P0075,premium,moda_lusso,5,1985.44,2021.49,-0.0178,0,0.9963,1.0454,132.6,776.33
P0075,premium,moda_lusso,6,1932.53,2021.49,-0.044,0,0.9992,1.053,147.1,776.33
P0075,premium,moda_lusso,7,1974.31,2021.49,-0.0233,0,1.0264,1.0599,126.2,776.33
P0075,premium,moda_lusso,8,2005.83,2021.49,-0.0077,0,0.9442,1.0658,156.7,776.33
P0075,premium,moda_lusso,9,1953.89,2021.49,-0.0334,0,1.0198,1.0708,127.5,776.33
P0075,premium,moda_lusso,10,1959.53,2021.49,-0.0306,0,1.0436,1.0748,153.6,776.33
P0075,premium,moda_lusso,11,2026.28,2021.49,0.0024,0,1.0608,1.0777,118.5,776.33
P0075,premium,moda_lusso,12,2068.31,2021.49,0.0232,0,0.992,1.0794,110.9,776.33
P0075,premium,moda_lusso,13,2145.05,2021.49,0.0611,0,1.1031,1.08,124.4,776.33
P0075,premium,moda_lusso,14,1989.08,2021.49,-0.016,0,1.0901,1.0794,148.0,776.33
P0075,premium,moda_lusso,15,2092.15,2021.49,0.035,0,0.934,1.0777,119.4,776.33
P0075,premium,moda_lusso,16,1758.03,2021.49,-0.1303,1,0.9661,1.0748,154.7,776.33
P0075,premium,moda_lusso,17,2031.1,2021.49,0.0048,0,1.061,1.0708,136.9,776.33
P0075,premium,moda_lusso,18,1772.83,2021.49,-0.123,1,0.9244,1.0658,124.4,776.33
P0075,premium,moda_lusso,19,2093.54,2021.49,0.0356,0,1.0036,1.0599,125.6,776.33
P0075,premium,moda_lusso,20,2104.05,2021.49,0.0408,0,1.0246,1.053,135.5,776.33
P0075,premium,moda_lusso,21,1988.27,2021.49,-0.0164,0,0.9443,1.0454,133.5,776.33
P0075,premium,moda_lusso,22,1991.49,2021.49,-0.0148,0,1.0859,1.0372,127.8,776.33
P0075,premium,moda_lusso,23,1998.97,2021.49,-0.0111,0,0.9732,1.0284,113.0,776.33
P0075,premium,moda_lusso,24,1920.71,2021.49,-0.0499,0,1.0217,1.0191,121.7,776.33
P0075,premium,moda_lusso,25,2032.08,2021.49,0.0052,0,0.9962,1.0096,123.2,776.33
P0075,premium,moda_lusso,26,2020.05,2021.49,-0.0007,0,1.0172,1.0,127.3,776.33
P0075,premium,moda_lusso,27,1982.81,2021.49,-0.0191,0,1.0119,0.9904,164.6,776.33
P0075,premium,moda_lusso,28,2025.8,2021.49,0.0021,0,0.9999,0.9809,104.5,776.33
P0075,premium,moda_lusso,29,2013.96,2021.49,-0.0037,0,1.0267,0.9716,130.2,776.33
P0075,premium,moda_lusso,30,2078.38,2021.49,0.0281,0,0.95,0.9628,126.8,776.33
P0075,premium,moda_lusso,31,2030.33,2021.49,0.0044,0,0.9819,0.9546,105.6,776.33
P0075,premium,moda_lusso,32,1774.3,2021.49,-0.1223,1,1.0249,0.947,143.6,776.33
P0075,premium,moda_lusso,33,1970.53,2021.49,-0.0252,0,1.0252,0.9401,117.3,776.33
P0075,premium,moda_lusso,34,2082.77,2021.49,0.0303,0,1.0323,0.9342,96.5,776.33
P0075,premium,moda_lusso,35,1953.69,2021.49,-0.0335,0,1.007,0.9292,78.8,776.33
P0075,premium,moda_lusso,36,2071.86,2021.49,0.0249,0,0.9945,0.9252,99.9,776.33
P0075,premium,moda_lusso,37,1736.17,2021.49,-0.1411,1,0.9734,0.9223,137.6,776.33
P0075,premium,moda_lusso,38,2054.98,2021.49,0.0166,0,0.9315,0.9206,123.8,776.33
P0075,premium,moda_lusso,39,2016.52,2021.49,-0.0025,0,0.9468,0.92,132.5,776.33
P0075,premium,moda_lusso,40,2028.09,2021.49,0.0033,0,0.9534,0.9206,116.8,776.33
P0075,premium,moda_lusso,41,1927.5,2021.49,-0.0465,0,1.067,0.9223,140.9,776.33
P0075,premium,moda_lusso,42,1859.63,2021.49,-0.0801,1,1.0883,0.9252,126.0,776.33
P0075,premium,moda_lusso,43,1914.55,2021.49,-0.0529,1,0.947,0.9292,136.7,776.33
P0075,premium,moda_lusso,44,2000.79,2021.49,-0.0102,0,0.949,0.9342,115.9,776.33
P0075,premium,moda_lusso,45,2104.78,2021.49,0.0412,0,0.9953,0.9401,129.2,776.33
P0075,premium,moda_lusso,46,1886.74,2021.49,-0.0667,0,1.0193,0.947,141.5,776.33
P0075,premium,moda_lusso,47,2091.32,2021.49,0.0345,0,0.9747,0.9546,126.9,776.33
P0075,premium,moda_lusso,48,2004.05,2021.49,-0.0086,0,0.9881,0.9628,126.4,776.33
P0075,premium,moda_lusso,49,1917.85,2021.49,-0.0513,0,1.0235,0.9716,126.6,776.33
P0075,premium,moda_lusso,50,2087.49,2021.49,0.0327,0,0.9899,0.9809,126.0,776.33
P0075,premium,moda_lusso,51,2003.19,2021.49,-0.0091,0,1.017,0.9904,161.1,776.33
P0075,premium,moda_lusso,52,2060.31,2021.49,0.0192,0,1.0387,1.0,93.6,776.33
P0075,premium,moda_lusso,53,2085.91,2021.49,0.0319,0,1.0042,1.0096,124.7,776.33
P0075,premium,moda_lusso,54,1990.83,2021.49,-0.0152,0,0.9583,1.0191,142.4,776.33
P0075,premium,moda_lusso,55,2158.4,2021.49,0.0677,0,0.9575,1.0284,118.1,776.33
P0075,premium,moda_lusso,56,1854.3,2021.49,-0.0827,1,0.9499,1.0372,150.5,776.33
P0075,premium,moda_lusso,57,1970.7,2021.49,-0.0251,0,1.0527,1.0454,152.6,776.33
P0075,premium,moda_lusso,58,2108.45,2021.49,0.043,0,0.9319,1.053,122.4,776.33
P0075,premium,moda_lusso,59,1872.53,2021.49,-0.0737,1,1.0715,1.0599,145.2,776.33
P0075,premium,moda_lusso,60,2015.48,2021.49,-0.003,0,0.9741,1.0658,116.6,776.33
P0075,premium,moda_lusso,61,1823.26,2021.49,-0.0981,1,1.0724,1.0708,146.1,776.33
P0075,premium,moda_lusso,62,2111.5,2021.49,0.0445,0,0.9744,1.0748,137.8,776.33
P0075,premium,moda_lusso,63,2050.57,2021.49,0.0144,0,1.0041,1.0777,123.3,776.33
P0075,premium,moda_lusso,64,1995.0,2021.49,-0.0131,0,1.0014,1.0794,136.6,776.33
P0075,premium,moda_lusso,65,1843.06,2021.49,-0.0883,1,0.9631,1.08,167.7,776.33
P0075,premium,moda_lusso,66,2126.31,2021.49,0.0519,0,1.0022,1.0794,129.4,776.33
P0075,premium,moda_lusso,67,2028.76,2021.49,0.0036,0,0.9634,1.0777,154.1,776.33
P0075,premium,moda_lusso,68,2076.97,2021.49,0.0274,0,0.966,1.0748,122.2,776.33
P0075,premium,moda_lusso,69,1727.37,2021.49,-0.1455,1,1.04,1.0708,175.0,776.33
P0075,premium,moda_lusso,70,2068.74,2021.49,0.0234,0,0.9514,1.0658,122.2,776.33
P0075,premium,moda_lusso,71,1938.61,2021.49,-0.041,0,0.9518,1.0599,158.0,776.33
P0075,premium,moda_lusso,72,2183.49,2021.49,0.0801,0,1.0225,1.053,141.6,776.33
P0075,premium,moda_lusso,73,1996.7,2021.49,-0.0123,0,1.0436,1.0454,152.6,776.33
P0075,premium,moda_lusso,74,1962.07,2021.49,-0.0294,0,1.0196,1.0372,117.1,776.33
P0075,premium,moda_lusso,75,1815.52,2021.49,-0.1019,1,0.94,1.0284,205.7,776.33
P0075,premium,moda_lusso,76,1824.86,2021.49,-0.0973,1,1.0034,1.0191,144.8,776.33
P0075,premium,moda_lusso,77,1723.2,2021.49,-0.1476,1,0.9836,1.0096,138.9,776.33
P0075,premium,moda_lusso,78,1928.48,2021.49,-0.046,0,0.9364,1.0,106.1,776.33
P0075,premium,moda_lusso,79,2050.19,2021.49,0.0142,0,1.0298,0.9904,123.1,776.33
P0075,premium,moda_lusso,80,2104.68,2021.49,0.0412,0,1.0204,0.9809,148.4,776.33
P0075,premium,moda_lusso,81,1915.05,2021.49,-0.0527,1,1.0352,0.9716,134.3,776.33
P0075,premium,moda_lusso,82,1838.26,2021.49,-0.0906,1,0.9935,0.9628,143.7,776.33
P0075,premium,moda_lusso,83,1992.66,2021.49,-0.0143,0,1.0256,0.9546,106.4,776.33
P0075,premium,moda_lusso,84,2061.64,2021.49,0.0199,0,0.9599,0.947,127.0,776.33
P0075,premium,moda_lusso,85,2047.61,2021.49,0.0129,0,0.9497,0.9401,152.6,776.33
P0075,premium,moda_lusso,86,1933.22,2021.49,-0.0437,0,1.0105,0.9342,112.6,776.33
P0075,premium,moda_lusso,87,1763.05,2021.49,-0.1278,1,0.9403,0.9292,144.0,776.33
P0075,premium,moda_lusso,88,1996.76,2021.49,-0.0122,0,1.0194,0.9252,108.3,776.33
P0075,premium,moda_lusso,89,2079.52,2021.49,0.0287,0,0.9556,0.9223,105.9,776.33
P0075,premium,moda_lusso,90,1963.27,2021.49,-0.0288,0,1.0065,0.9206,123.1,776.33
P0075,premium,moda_lusso,91,2064.64,2021.49,0.0213,0,1.0053,0.92,96.7,776.33
P0075,premium,moda_lusso,92,2105.99,2021.49,0.0418,0,0.9054,0.9206,145.5,776.33
P0075,premium,moda_lusso,93,1904.81,2021.49,-0.0577,0,1.0069,0.9223,126.0,776.33
P0075,premium,moda_lusso,94,1775.75,2021.49,-0.1216,1,1.106,0.9252,146.1,776.33
P0075,premium,moda_lusso,95,2110.97,2021.49,0.0443,0,1.0026,0.9292,119.6,776.33
P0075,premium,moda_lusso,96,2039.15,2021.49,0.0087,0,1.0281,0.9342,110.4,776.33
P0075,premium,moda_lusso,97,2114.97,2021.49,0.0462,0,1.0487,0.9401,98.6,776.33
P0075,premium,moda_lusso,98,2094.16,2021.49,0.0359,0,1.0462,0.947,108.2,776.33
P0075,premium,moda_lusso,99,1794.38,2021.49,-0.1123,1,1.0194,0.9546,131.8,776.33
P0075,premium,moda_lusso,100,2000.37,2021.49,-0.0104,0,0.9657,0.9628,108.7,776.33
P0075,premium,moda_lusso,101,1899.34,2021.49,-0.0604,1,1.0325,0.9716,171.5,776.33
P0075,premium,moda_lusso,102,1991.14,2021.49,-0.015,0,0.8907,0.9809,100.9,776.33
P0075,premium,moda_lusso,103,2060.87,2021.49,0.0195,0,0.984,0.9904,115.3,776.33
P0076,premium,elettronica_alta_gamma,0,2310.53,2375.29,-0.0273,0,1.0462,1.0,164.6,833.63
P0076,premium,elettronica_alta_gamma,1,2192.94,2375.29,-0.0768,0,1.0266,1.0096,161.9,833.63
P0076,premium,elettronica_alta_gamma,2,2487.76,2375.29,0.0473,0,0.9805,1.0191,165.6,833.63
P0076,premium,elettronica_alta_gamma,3,2378.29,2375.29,0.0013,0,0.9204,1.0284,162.3,833.63
P0076,premium,elettronica_alta_gamma,4,2039.3,2375.29,-0.1415,1,0.9591,1.0372,219.5,833.63
P0076,premium,elettronica_alta_gamma,5,2354.17,2375.29,-0.0089,0,0.9518,1.0454,129.3,833.63
P0076,premium,elettronica_alta_gamma,6,2371.22,2375.29,-0.0017,0,0.9926,1.053,179.3,833.63
P0076,premium,elettronica_alta_gamma,7,2337.92,2375.29,-0.0157,0,0.9207,1.0599,179.3,833.63
P0076,premium,elettronica_alta_gamma,8,2353.8,2375.29,-0.009,0,1.061,1.0658,180.3,833.63
P0076,premium,elettronica_alta_gamma,9,2033.49,2375.29,-0.1439,1,1.0425,1.0708,222.8,833.63
P0076,premium,elettronica_alta_gamma,10,2119.96,2375.29,-0.1075,1,0.9411,1.0748,233.4,833.63
P0076,premium,elettronica_alta_gamma,11,2369.57,2375.29,-0.0024,0,0.9819,1.0777,209.5,833.63
P0076,premium,elettronica_alta_gamma,12,2367.21,2375.29,-0.0034,0,1.0047,1.0794,203.1,833.63
P0076,premium,elettronica_alta_gamma,13,2295.01,2375.29,-0.0338,0,1.0113,1.08,185.8,833.63
P0076,premium,elettronica_alta_gamma,14,2444.11,2375.29,0.029,0,0.9634,1.0794,141.7,833.63
P0076,premium,elettronica_alta_gamma,15,2423.66,2375.29,0.0204,0,0.9539,1.0777,133.7,833.63
P0076,premium,elettronica_alta_gamma,16,2328.15,2375.29,-0.0198,0,0.9136,1.0748,175.4,833.63
P0076,premium,elettronica_alta_gamma,17,2514.62,2375.29,0.0587,0,1.0044,1.0708,174.4,833.63
P0076,premium,elettronica_alta_gamma,18,2325.61,2375.29,-0.0209,0,0.9756,1.0658,196.4,833.63
P0076,premium,elettronica_alta_gamma,19,2251.53,2375.29,-0.0521,0,0.9376,1.0599,152.7,833.63
P0076,premium,elettronica_alta_gamma,20,2231.35,2375.29,-0.0606,0,1.0393,1.053,185.0,833.63
P0076,premium,elettronica_alta_gamma,21,2129.32,2375.29,-0.1036,1,1.0594,1.0454,230.6,833.63
P0076,premium,elettronica_alta_gamma,22,2214.73,2375.29,-0.0676,1,0.9178,1.0372,252.4,833.63
P0076,premium,elettronica_alta_gamma,23,2465.6,2375.29,0.038,0,0.9928,1.0284,133.7,833.63
P0076,premium,elettronica_alta_gamma,24,2293.08,2375.29,-0.0346,0,0.9977,1.0191,197.2,833.63
P0076,premium,elettronica_alta_gamma,25,2334.69,2375.29,-0.0171,0,0.8882,1.0096,141.6,833.63
P0076,premium,elettronica_alta_gamma,26,2394.55,2375.29,0.0081,0,0.9822,1.0,150.2,833.63
P0076,premium,elettronica_alta_gamma,27,2275.21,2375.29,-0.0421,0,1.1036,0.9904,200.6,833.63
P0076,premium,elettronica_alta_gamma,28,2229.48,2375.29,-0.0614,0,1.0085,0.9809,161.5,833.63
P0076,premium,elettronica_alta_gamma,29,2446.34,2375.29,0.0299,0,0.9415,0.9716,175.9,833.63
P0076,premium,elettronica_alta_gamma,30,2425.83,2375.29,0.0213,0,0.9869,0.9628,168.2,833.63
P0076,premium,elettronica_alta_gamma,31,2436.67,2375.29,0.0258,0,0.9584,0.9546,150.0,833.63
P0076,premium,elettronica_alta_gamma,32,2308.52,2375.29,-0.0281,0,0.952,0.947,147.5,833.63
P0076,premium,elettronica_alta_gamma,33,2070.84,2375.29,-0.1282,1,1.0053,0.9401,213.3,833.63
P0076,premium,elettronica_alta_gamma,34,2307.15,2375.29,-0.0287,0,0.9528,0.9342,150.1,833.63
P0076,premium,elettronica_alta_gamma,35,2356.51,2375.29,-0.0079,0,0.9646,0.9292,154.8,833.63
P0076,premium,elettronica_alta_gamma,36,2365.13,2375.29,-0.0043,0,0.9847,0.9252,147.1,833.63
P0076,premium,elettronica_alta_gamma,37,2266.01,2375.29,-0.046,0,0.8804,0.9223,142.0,833.63
P0076,premium,elettronica_alta_gamma,38,2226.15,2375.29,-0.0628,1,1.0873,0.9206,206.5,833.63
P0076,premium,elettronica_alta_gamma,39,2173.59,2375.29,-0.0849,1,1.021,0.92,187.1,833.63
P0076,premium,elettronica_alta_gamma,40,2391.01,2375.29,0.0066,0,0.9982,0.9206,146.4,833.63
P0076,premium,elettronica_alta_gamma,41,2389.2,2375.29,0.0059,0,0.9485,0.9223,152.1,833.63
P0076,premium,elettronica_alta_gamma,42,2054.51,2375.29,-0.135,1,0.9974,0.9252,182.4,833.63
P0076,premium,elettronica_alta_gamma,43,2274.32,2375.29,-0.0425,0,0.9875,0.9292,141.4,833.63
P0076,premium,elettronica_alta_gamma,44,2504.14,2375.29,0.0542,0,0.9428,0.9342,142.2,833.63
P0076,premium,elettronica_alta_gamma,45,2115.93,2375.29,-0.1092,1,1.0048,0.9401,196.3,833.63
P0076,premium,elettronica_alta_gamma,46,2357.44,2375.29,-0.0075,0,1.0795,0.947,137.8,833.63
P0076,premium,elettronica_alta_gamma,47,2417.66,2375.29,0.0178,0,1.0219,0.9546,144.4,833.63
P0076,premium,elettronica_alta_gamma,48,2426.12,2375.29,0.0214,0,1.0684,0.9628,117.2,833.63
P0076,premium,elettronica_alta_gamma,49,2098.68,2375.29,-0.1165,1,0.956,0.9716,191.2,833.63
P0076,premium,elettronica_alta_gamma,50,2309.98,2375.29,-0.0275,0,1.0319,0.9809,178.0,833.63
P0076,premium,elettronica_alta_gamma,51,2462.97,2375.29,0.0369,0,0.9307,0.9904,154.3,833.63
P0076,premium,elettronica_alta_gamma,52,2456.5,2375.29,0.0342,0,1.0718,1.0,144.2,833.63
P0076,premium,elettronica_alta_gamma,53,2339.81,2375.29,-0.0149,0,1.0298,1.0096,190.3,833.63
P0076,premium,elettronica_alta_gamma,54,2221.01,2375.29,-0.065,0,1.0924,1.0191,181.7,833.63
P0076,premium,elettronica_alta_gamma,55,2361.82,2375.29,-0.0057,0,0.8952,1.0284,168.6,833.63
P0076,premium,elettronica_alta_gamma,56,2379.65,2375.29,0.0018,0,1.0015,1.0372,109.9,833.63
P0076,premium,elettronica_alta_gamma,57,2391.0,2375.29,0.0066,0,1.0162,1.0454,161.8,833.63
P0076,premium,elettronica_alta_gamma,58,2389.66,2375.29,0.006,0,1.0137,1.053,176.5,833.63
P0076,premium,elettronica_alta_gamma,59,2529.07,2375.29,0.0647,0,0.9637,1.0599,153.1,833.63
P0076,premium,elettronica_alta_gamma,60,2362.44,2375.29,-0.0054,0,1.0466,1.0658,173.1,833.63
P0076,premium,elettronica_alta_gamma,61,2457.28,2375.29,0.0345,0,1.0259,1.0708,137.8,833.63
P0076,premium,elettronica_alta_gamma,62,2292.57,2375.29,-0.0348,0,1.0636,1.0748,217.3,833.63
P0076,premium,elettronica_alta_gamma,63,2405.01,2375.29,0.0125,0,0.9769,1.0777,176.4,833.63
P0076,premium,elettronica_alta_gamma,64,2570.28,2375.29,0.0821,0,1.0597,1.0794,166.9,833.63
P0076,premium,elettronica_alta_gamma,65,2334.41,2375.29,-0.0172,0,0.9446,1.08,133.6,833.63
P0076,premium,elettronica_alta_gamma,66,2357.99,2375.29,-0.0073,0,1.026,1.0794,173.0,833.63
P0076,premium,elettronica_alta_gamma,67,2045.73,2375.29,-0.1387,1,0.927,1.0777,269.0,833.63
P0076,premium,elettronica_alta_gamma,68,2418.32,2375.29,0.0181,0,1.0511,1.0748,190.6,833.63
P0076,premium,elettronica_alta_gamma,69,2390.13,2375.29,0.0062,0,1.0446,1.0708,141.6,833.63
P0076,premium,elettronica_alta_gamma,70,2352.07,2375.29,-0.0098,0,0.9334,1.0658,165.5,833.63
P0076,premium,elettronica_alta_gamma,71,2382.53,2375.29,0.003,0,0.9972,1.0599,191.2,833.63
P0076,premium,elettronica_alta_gamma,72,2369.38,2375.29,-0.0025,0,0.9833,1.053,166.9,833.63
P0076,premium,elettronica_alta_gamma,73,2584.69,2375.29,0.0882,0,0.9271,1.0454,138.8,833.63
P0076,premium,elettronica_alta_gamma,74,2397.68,2375.29,0.0094,0,1.0115,1.0372,152.9,833.63
P0076,premium,elettronica_alta_gamma,75,2406.02,2375.29,0.0129,0,1.0469,1.0284,187.0,833.63
P0076,premium,elettronica_alta_gamma,76,2432.29,2375.29,0.024,0,0.9355,1.0191,163.8,833.63
P0076,premium,elettronica_alta_gamma,77,2372.78,2375.29,-0.0011,0,0.9398,1.0096,181.9,833.63
P0076,premium,elettronica_alta_gamma,78,2437.69,2375.29,0.0263,0,0.9284,1.0,155.4,833.63
P0076,premium,elettronica_alta_gamma,79,2571.62,2375.29,0.0827,0,0.9191,0.9904,135.6,833.63
P0076,premium,elettronica_alta_gamma,80,2562.76,2375.29,0.0789,0,0.9966,0.9809,166.8,833.63
P0076,premium,elettronica_alta_gamma,81,2128.81,2375.29,-0.1038,1,0.907,0.9716,196.5,833.63
P0076,premium,elettronica_alta_gamma,82,2396.71,2375.29,0.009,0,1.0527,0.9628,128.3,833.63
P0076,premium,elettronica_alta_gamma,83,2440.04,2375.29,0.0273,0,0.9454,0.9546,147.4,833.63
P0076,premium,elettronica_alta_gamma,84,2444.0,2375.29,0.0289,0,1.0199,0.947,159.7,833.63
P0076,premium,elettronica_alta_gamma,85,2356.36,2375.29,-0.008,0,1.0502,0.9401,140.3,833.63
P0076,premium,elettronica_alta_gamma,86,2211.43,2375.29,-0.069,0,0.9627,0.9342,208.1,833.63
P0076,premium,elettronica_alta_gamma,87,2426.11,2375.29,0.0214,0,0.9588,0.9292,127.4,833.63
P0076,premium,elettronica_alta_gamma,88,2369.71,2375.29,-0.0023,0,1.0957,0.9252,166.7,833.63
P0076,premium,elettronica_alta_gamma,89,2380.75,2375.29,0.0023,0,1.0379,0.9223,125.0,833.63
P0076,premium,elettronica_alta_gamma,90,2437.09,2375.29,0.026,0,1.0036,0.9206,122.5,833.63
P0076,premium,elettronica_alta_gamma,91,2449.6,2375.29,0.0313,0,0.9739,0.92,149.7,833.63
P0076,premium,elettronica_alta_gamma,92,2372.44,2375.29,-0.0012,0,0.9704,0.9206,145.3,833.63
P0076,premium,elettronica_alta_gamma,93,2203.31,2375.29,-0.0724,1,0.9834,0.9223,209.9,833.63
P0076,premium,elettronica_alta_gamma,94,2280.72,2375.29,-0.0398,0,0.9986,0.9252,142.9,833.63
P0076,premium,elettronica_alta_gamma,95,2494.5,2375.29,0.0502,0,1.0179,0.9292,184.1,833.63
P0076,premium,elettronica_alta_gamma,96,2361.45,2375.29,-0.0058,0,0.999,0.9342,151.9,833.63
P0076,premium,elettronica_alta_gamma,97,2292.82,2375.29,-0.0347,0,0.9883,0.9401,141.2,833.63
P0076,premium,elettronica_alta_gamma,98,2215.2,2375.29,-0.0674,0,1.0078,0.947,133.0,833.63
P0076,premium,elettronica_alta_gamma,99,2342.13,2375.29,-0.014,0,0.9092,0.9546,172.0,833.63
P0076,premium,elettronica_alta_gamma,100,2372.68,2375.29,-0.0011,0,1.0346,0.9628,180.9,833.63
P0076,premium,elettronica_alta_gamma,101,2113.79,2375.29,-0.1101,1,1.0542,0.9716,244.2,833.63
P0076,premium,elettronica_alta_gamma,102,2078.29,2375.29,-0.125,1,1.0554,0.9809,204.8,833.63
P0076,premium,elettronica_alta_gamma,103,2346.54,2375.29,-0.0121,0,0.9012,0.9904,157.4,833.63
P0077,premium,moda_lusso,0,1703.19,1734.81,-0.0182,0,0.9266,1.0,31.6,571.99
P0077,premium,moda_lusso,1,1626.42,1734.81,-0.0625,0,1.0433,1.0096,28.9,571.99
P0077,premium,moda_lusso,2,1675.44,1734.81,-0.0342,0,1.0575,1.0191,31.9,571.99
P0077,premium,moda_lusso,3,1618.59,1734.81,-0.067,0,1.1255,1.0284,40.3,571.99
P0077,premium,moda_lusso,4,1692.11,1734.81,-0.0246,0,0.975,1.0372,32.8,571.99
P0077,premium,moda_lusso,5,1674.74,1734.81,-0.0346,0,1.0729,1.0454,31.5,571.99
P0077,premium,moda_lusso,6,1792.65,1734.81,0.0333,0,0.9713,1.053,24.2,571.99
P0077,premium,moda_lusso,7,1526.07,1734.81,-0.1203,1,1.011,1.0599,43.2,571.99
P0077,premium,moda_lusso,8,1720.42,1734.81,-0.0083,0,0.9767,1.0658,36.9,571.99
P0077,premium,moda_lusso,9,1721.85,1734.81,-0.0075,0,1.0146,1.0708,30.2,571.99
P0077,premium,moda_lusso,10,1868.22,1734.81,0.0769,0,0.9729,1.0748,31.7,571.99
P0077,premium,moda_lusso,11,1779.53,1734.81,0.0258,0,0.9397,1.0777,38.6,571.99
P0077,premium,moda_lusso,12,1502.05,1734.81,-0.1342,1,1.0057,1.0794,42.5,571.99
P0077,premium,moda_lusso,13,1759.66,1734.81,0.0143,0,1.0045,1.08,35.8,571.99
P0077,premium,moda_lusso,14,1827.59,1734.81,0.0535,0,0.9789,1.0794,28.5,571.99
P0077,premium,moda_lusso,15,1543.35,1734.81,-0.1104,1,0.9132,1.0777,40.3,571.99
P0077,premium,moda_lusso,16,1693.78,1734.81,-0.0236,0,0.9684,1.0748,33.5,571.99
P0077,premium,moda_lusso,17,1701.35,1734.81,-0.0193,0,1.0652,1.0708,41.2,571.99
P0077,premium,moda_lusso,18,1796.7,1734.81,0.0357,0,1.0194,1.0658,25.2,571.99
P0077,premium,moda_lusso,19,1561.33,1734.81,-0.1,0,1.0162,1.0599,29.4,571.99
P0077,premium,moda_lusso,20,1890.91,1734.81,0.09,0,1.0797,1.053,27.2,571.99
P0077,premium,moda_lusso,21,1813.32,1734.81,0.0453,0,0.9498,1.0454,34.1,571.99
P0077,premium,moda_lusso,22,1775.82,1734.81,0.0236,0,1.0592,1.0372,34.6,571.99
P0077,premium,moda_lusso,23,1752.43,1734.81,0.0102,0,0.9522,1.0284,35.5,571.99
P0077,premium,moda_lusso,24,1777.37,1734.81,0.0245,0,1.0566,1.0191,28.1,571.99
P0077,premium,moda_lusso,25,1724.51,1734.81,-0.0059,0,0.9554,1.0096,30.7,571.99
P0077,premium,moda_lusso,26,1683.53,1734.81,-0.0296,0,1.0273,1.0,32.5,571.99
P0077,premium,moda_lusso,27,1634.84,1734.81,-0.0576,0,1.0585,0.9904,28.8,571.99
P0077,premium,moda_lusso,28,1726.77,1734.81,-0.0046,0,1.0068,0.9809,27.7,571.99
P0077,premium,moda_lusso,29,1942.99,1734.81,0.12,0,0.9826,0.9716,31.5,571.99
P0077,premium,moda_lusso,30,1641.02,1734.81,-0.0541,1,0.9034,0.9628,46.6,571.99
P0077,premium,moda_lusso,31,1718.55,1734.81,-0.0094,0,1.0452,0.9546,29.0,571.99
P0077,premium,moda_lusso,32,1587.67,1734.81,-0.0848,0,1.0913,0.947,28.8,571.99
P0077,premium,moda_lusso,33,1702.31,1734.81,-0.0187,0,1.0732,0.9401,26.6,571.99
P0077,premium,moda_lusso,34,1545.57,1734.81,-0.1091,1,0.9373,0.9342,41.3,571.99
P0077,premium,moda_lusso,35,1547.25,1734.81,-0.1081,1,0.9981,0.9292,37.2,571.99
P0077,premium,moda_lusso,36,1854.5,1734.81,0.069,0,0.9838,0.9252,25.4,571.99
P0077,premium,moda_lusso,37,1677.6,1734.81,-0.033,0,0.9139,0.9223,28.4,571.99
P0077,premium,moda_lusso,38,1474.61,1734.81,-0.15,1,0.9969,0.9206,33.6,571.99
P0077,premium,moda_lusso,39,1745.12,1734.81,0.0059,0,1.0237,0.92,28.3,571.99
P0077,premium,moda_lusso,40,1814.88,1734.81,0.0462,0,1.0286,0.9206,28.2,571.99
P0077,premium,moda_lusso,41,1798.78,1734.81,0.0369,0,0.9851,0.9223,27.1,571.99
P0077,premium,moda_lusso,42,1861.7,1734.81,0.0731,0,0.8763,0.9252,31.6,571.99
P0077,premium,moda_lusso,43,1491.16,1734.81,-0.1404,1,1.1018,0.9292,40.0,571.99
P0077,premium,moda_lusso,44,1709.16,1734.81,-0.0148,0,1.0267,0.9342,34.4,571.99
P0077,premium,moda_lusso,45,1626.31,1734.81,-0.0625,1,0.9916,0.9401,43.1,571.99
P0077,premium,moda_lusso,46,1599.25,1734.81,-0.0781,0,1.0171,0.947,31.1,571.99
P0077,premium,moda_lusso,47,1684.58,1734.81,-0.029,0,0.9695,0.9546,27.7,571.99
P0077,premium,moda_lusso,48,1782.68,1734.81,0.0276,0,0.8926,0.9628,29.0,571.99
P0077,premium,moda_lusso,49,1543.01,1734.81,-0.1106,1,0.9798,0.9716,45.7,571.99
P0077,premium,moda_lusso,50,1712.57,1734.81,-0.0128,0,0.9958,0.9809,32.2,571.99
P0077,premium,moda_lusso,51,1685.29,1734.81,-0.0285,0,0.9477,0.9904,30.9,571.99
P0077,premium,moda_lusso,52,1616.71,1734.81,-0.0681,0,0.959,1.0,32.5,571.99
P0077,premium,moda_lusso,53,1691.77,1734.81,-0.0248,0,0.9938,1.0096,31.0,571.99
P0077,premium,moda_lusso,54,1690.66,1734.81,-0.0255,0,1.0167,1.0191,26.6,571.99
P0077,premium,moda_lusso,55,1722.51,1734.81,-0.0071,0,1.0161,1.0284,25.6,571.99
P0077,premium,moda_lusso,56,1656.43,1734.81,-0.0452,0,0.9658,1.0372,34.8,571.99
P0077,premium,moda_lusso,57,1600.39,1734.81,-0.0775,1,0.9964,1.0454,45.6,571.99
P0077,premium,moda_lusso,58,1734.01,1734.81,-0.0005,0,0.9342,1.053,30.9,571.99
P0077,premium,moda_lusso,59,1700.11,1734.81,-0.02,0,1.0078,1.0599,26.8,571.99
P0077,premium,moda_lusso,60,1592.57,1734.81,-0.082,1,0.9873,1.0658,37.9,571.99
P0077,premium,moda_lusso,61,1743.04,1734.81,0.0047,0,0.9777,1.0708,31.7,571.99
P0077,premium,moda_lusso,62,1684.51,1734.81,-0.029,0,1.102,1.0748,29.9,571.99
P0077,premium,moda_lusso,63,1755.58,1734.81,0.012,0,0.9646,1.0777,32.7,571.99
P0077,premium,moda_lusso,64,1618.99,1734.81,-0.0668,1,0.995,1.0794,40.6,571.99
P0077,premium,moda_lusso,65,1600.13,1734.81,-0.0776,0,0.9337,1.08,30.4,571.99
P0077,premium,moda_lusso,66,1705.7,1734.81,-0.0168,0,0.9711,1.0794,36.4,571.99
P0077,premium,moda_lusso,67,1721.88,1734.81,-0.0075,0,0.981,1.0777,28.3,571.99
P0077,premium,moda_lusso,68,1808.28,1734.81,0.0424,0,0.9394,1.0748,37.9,571.99
P0077,premium,moda_lusso,69,1689.12,1734.81,-0.0263,0,1.0236,1.0708,34.5,571.99
P0077,premium,moda_lusso,70,1713.78,1734.81,-0.0121,0,1.0586,1.0658,29.6,571.99
P0077,premium,moda_lusso,71,1640.09,1734.81,-0.0546,1,0.9331,1.0599,38.4,571.99
P0077,premium,moda_lusso,72,1766.87,1734.81,0.0185,0,1.0447,1.053,26.4,571.99
P0077,premium,moda_lusso,73,1717.49,1734.81,-0.01,0,1.1136,1.0454,34.4,571.99
P0077,premium,moda_lusso,74,1752.17,1734.81,0.01,0,1.0027,1.0372,33.3,571.99
P0077,premium,moda_lusso,75,1817.7,1734.81,0.0478,0,0.9338,1.0284,30.5,571.99
P0077,premium,moda_lusso,76,1737.41,1734.81,0.0015,0,1.0494,1.0191,24.6,571.99
P0077,premium,moda_lusso,77,1647.39,1734.81,-0.0504,0,0.986,1.0096,26.0,571.99
P0077,premium,moda_lusso,78,1708.93,1734.81,-0.0149,0,1.0374,1.0,34.7,571.99
P0077,premium,moda_lusso,79,1842.62,1734.81,0.0621,0,1.0447,0.9904,33.6,571.99
P0077,premium,moda_lusso,80,1821.94,1734.81,0.0502,0,0.9982,0.9809,25.2,571.99
P0077,premium,moda_lusso,81,1730.43,1734.81,-0.0025,0,0.9296,0.9716,25.3,571.99
P0077,premium,moda_lusso,82,1502.07,1734.81,-0.1342,1,1.0741,0.9628,36.9,571.99
P0077,premium,moda_lusso,83,1632.6,1734.81,-0.0589,0,1.0484,0.9546,30.8,571.99
P0077,premium,moda_lusso,84,1686.68,1734.81,-0.0277,0,1.0563,0.947,28.0,571.99
P0077,premium,moda_lusso,85,1698.33,1734.81,-0.021,0,0.9796,0.9401,30.2,571.99
P0077,premium,moda_lusso,86,1739.71,1734.81,0.0028,0,1.0478,0.9342,27.4,571.99
P0077,premium,moda_lusso,87,1816.21,1734.81,0.0469,0,1.0452,0.9292,25.2,571.99
P0077,premium,moda_lusso,88,1510.42,1734.81,-0.1293,1,0.9765,0.9252,35.0,571.99
P0077,premium,moda_lusso,89,1582.63,1734.81,-0.0877,1,0.9864,0.9223,41.0,571.99
P0077,premium,moda_lusso,90,1639.46,1734.81,-0.055,1,0.9811,0.9206,35.5,571.99
P0077,premium,moda_lusso,91,1802.61,1734.81,0.0391,0,1.0667,0.92,23.2,571.99
P0077,premium,moda_lusso,92,1653.61,1734.81,-0.0468,0,1.0316,0.9206,27.1,571.99
P0077,premium,moda_lusso,93,1749.94,1734.81,0.0087,0,1.0466,0.9223,31.6,571.99
P0077,premium,moda_lusso,94,1733.06,1734.81,-0.001,0,0.9444,0.9252,26.5,571.99
P0077,premium,moda_lusso,95,1780.7,1734.81,0.0265,0,0.9478,0.9292,33.1,571.99
P0077,premium,moda_lusso,96,1580.05,1734.81,-0.0892,1,1.0245,0.9342,38.5,571.99
P0077,premium,moda_lusso,97,1802.02,1734.81,0.0387,0,0.8873,0.9401,30.9,571.99
P0077,premium,moda_lusso,98,1785.54,1734.81,0.0292,0,1.0079,0.947,31.4,571.99
P0077,premium,moda_lusso,99,1616.2,1734.81,-0.0684,1,1.0202,0.9546,46.2,571.99
P0077,premium,moda_lusso,100,1654.85,1734.81,-0.0461,0,0.9718,0.9628,31.6,571.99
P0077,premium,moda_lusso,101,1690.96,1734.81,-0.0253,0,1.112,0.9716,29.9,571.99
P0077,premium,moda_lusso,102,1658.66,1734.81,-0.0439,0,1.0558,0.9809,28.3,571.99
P0077,premium,moda_lusso,103,1715.55,1734.81,-0.0111,0,1.0691,0.9904,31.3,571.99
P0078,premium,moda_lusso,0,2752.09,2804.14,-0.0186,0,1.0705,1.0,86.7,873.51
P0078,premium,moda_lusso,1,2883.16,2804.14,0.0282,0,0.8291,1.0096,104.8,873.51
P0078,premium,moda_lusso,2,2768.75,2804.14,-0.0126,0,1.077,1.0191,108.1,873.51
P0078,premium,moda_lusso,3,2875.63,2804.14,0.0255,0,1.0489,1.0284,108.9,873.51
P0078,premium,moda_lusso,4,2814.71,2804.14,0.0038,0,0.9631,1.0372,89.7,873.51
P0078,premium,moda_lusso,5,2524.65,2804.14,-0.0997,1,0.9494,1.0454,122.7,873.51
P0078,premium,moda_lusso,6,2812.52,2804.14,0.003,0,1.0075,1.053,95.2,873.51
P0078,premium,moda_lusso,7,2874.67,2804.14,0.0252,0,1.1111,1.0599,88.9,873.51
P0078,premium,moda_lusso,8,2825.26,2804.14,0.0075,0,1.0084,1.0658,81.7,873.51
P0078,premium,moda_lusso,9,2804.77,2804.14,0.0002,0,0.9212,1.0708,91.8,873.51
P0078,premium,moda_lusso,10,2774.9,2804.14,-0.0104,0,1.0566,1.0748,84.2,873.51
P0078,premium,moda_lusso,11,2748.07,2804.14,-0.02,0,0.9777,1.0777,101.6,873.51
P0078,premium,moda_lusso,12,2716.55,2804.14,-0.0312,0,0.9815,1.0794,77.8,873.51
P0078,premium,moda_lusso,13,2523.73,2804.14,-0.1,0,1.0444,1.08,103.6,873.51
P0078,premium,moda_lusso,14,3018.3,2804.14,0.0764,0,1.0468,1.0794,89.4,873.51
P0078,premium,moda_lusso,15,2557.89,2804.14,-0.0878,1,0.9049,1.0777,149.9,873.51
P0078,premium,moda_lusso,16,2620.04,2804.14,-0.0657,0,0.9322,1.0748,102.4,873.51
P0078,premium,moda_lusso,17,2732.87,2804.14,-0.0254,0,1.0983,1.0708,123.6,873.51
P0078,premium,moda_lusso,18,2789.37,2804.14,-0.0053,0,1.0451,1.0658,88.9,873.51
P0078,premium,moda_lusso,19,2533.11,2804.14,-0.0967,0,0.9963,1.0599,105.0,873.51
P0078,premium,moda_lusso,20,2883.63,2804.14,0.0283,0,1.0455,1.053,111.0,873.51
P0078,premium,moda_lusso,21,2831.22,2804.14,0.0097,0,0.9982,1.0454,90.4,873.51
P0078,premium,moda_lusso,22,2919.16,2804.14,0.041,0,0.9808,1.0372,87.8,873.51
P0078,premium,moda_lusso,23,2672.59,2804.14,-0.0469,0,0.9957,1.0284,97.5,873.51
P0078,premium,moda_lusso,24,2581.85,2804.14,-0.0793,1,0.9816,1.0191,94.5,873.51
P0078,premium,moda_lusso,25,2823.62,2804.14,0.0069,0,1.0432,1.0096,100.2,873.51
P0078,premium,moda_lusso,26,2752.92,2804.14,-0.0183,0,1.0517,1.0,111.2,873.51
P0078,premium,moda_lusso,27,2742.58,2804.14,-0.022,0,1.0841,0.9904,81.9,873.51
P0078,premium,moda_lusso,28,2762.16,2804.14,-0.015,0,1.0135,0.9809,78.1,873.51
P0078,premium,moda_lusso,29,2393.92,2804.14,-0.1463,1,1.0331,0.9716,110.3,873.51
P0078,premium,moda_lusso,30,2723.1,2804.14,-0.0289,0,0.9896,0.9628,92.5,873.51
P0078,premium,moda_lusso,31,2662.24,2804.14,-0.0506,0,1.0159,0.9546,77.2,873.51
P0078,premium,moda_lusso,32,2986.74,2804.14,0.0651,0,0.8694,0.947,78.1,873.51
P0078,premium,moda_lusso,33,2803.76,2804.14,-0.0001,0,1.047,0.9401,84.7,873.51
P0078,premium,moda_lusso,34,2704.0,2804.14,-0.0357,0,0.9406,0.9342,76.2,873.51
P0078,premium,moda_lusso,35,2841.8,2804.14,0.0134,0,0.9922,0.9292,76.7,873.51
P0078,premium,moda_lusso,36,2735.18,2804.14,-0.0246,0,0.9718,0.9252,75.4,873.51
P0078,premium,moda_lusso,37,2445.11,2804.14,-0.128,1,0.9412,0.9223,117.4,873.51
P0078,premium,moda_lusso,38,2388.61,2804.14,-0.1482,1,1.0763,0.9206,100.4,873.51
P0078,premium,moda_lusso,39,2816.28,2804.14,0.0043,0,1.0025,0.92,86.7,873.51
P0078,premium,moda_lusso,40,2849.89,2804.14,0.0163,0,0.9665,0.9206,76.1,873.51
P0078,premium,moda_lusso,41,2768.34,2804.14,-0.0128,0,1.0507,0.9223,77.8,873.51
P0078,premium,moda_lusso,42,2830.19,2804.14,0.0093,0,0.9779,0.9252,96.6,873.51
P0078,premium,moda_lusso,43,2804.31,2804.14,0.0001,0,0.9959,0.9292,83.8,873.51
P0078,premium,moda_lusso,44,2723.17,2804.14,-0.0289,0,1.0231,0.9342,68.9,873.51
P0078,premium,moda_lusso,45,2765.61,2804.14,-0.0137,0,1.1452,0.9401,90.9,873.51
P0078,premium,moda_lusso,46,2467.17,2804.14,-0.1202,1,1.0181,0.947,85.4,873.51
P0078,premium,moda_lusso,47,2853.74,2804.14,0.0177,0,0.9291,0.9546,89.3,873.51
P0078,premium,moda_lusso,48,2745.01,2804.14,-0.0211,0,0.9583,0.9628,78.8,873.51
P0078,premium,moda_lusso,49,2773.05,2804.14,-0.0111,0,1.0255,0.9716,81.3,873.51
P0078,premium,moda_lusso,50,2511.25,2804.14,-0.1044,1,1.0118,0.9809,104.8,873.51
P0078,premium,moda_lusso,51,2835.23,2804.14,0.0111,0,1.0246,0.9904,86.2,873.51
P0078,premium,moda_lusso,52,2502.68,2804.14,-0.1075,1,1.0035,1.0,104.0,873.51
P0078,premium,moda_lusso,53,2744.74,2804.14,-0.0212,0,0.9624,1.0096,90.0,873.51
P0078,premium,moda_lusso,54,2589.56,2804.14,-0.0765,1,1.0523,1.0191,108.3,873.51
P0078,premium,moda_lusso,55,2865.64,2804.14,0.0219,0,0.959,1.0284,105.5,873.51
P0078,premium,moda_lusso,56,2997.81,2804.14,0.0691,0,1.0113,1.0372,98.8,873.51
P0078,premium,moda_lusso,57,2830.24,2804.14,0.0093,0,0.9885,1.0454,83.5,873.51
P0078,premium,moda_lusso,58,2904.72,2804.14,0.0359,0,0.9405,1.053,113.0,873.51
P0078,premium,moda_lusso,59,2761.26,2804.14,-0.0153,0,0.9773,1.0599,118.2,873.51
P0078,premium,moda_lusso,60,2916.03,2804.14,0.0399,0,0.9874,1.0658,101.7,873.51
P0078,premium,moda_lusso,61,2787.0,2804.14,-0.0061,0,1.0055,1.0708,109.1,873.51
P0078,premium,moda_lusso,62,2779.46,2804.14,-0.0088,0,0.9343,1.0748,116.8,873.51
P0078,premium,moda_lusso,63,2843.44,2804.14,0.014,0,1.0896,1.0777,100.0,873.51
P0078,premium,moda_lusso,64,2675.36,2804.14,-0.0459,0,0.9339,1.0794,96.3,873.51
P0078,premium,moda_lusso,65,2747.33,2804.14,-0.0203,0,0.9947,1.08,106.8,873.51
P0078,premium,moda_lusso,66,2733.93,2804.14,-0.025,0,0.9759,1.0794,107.5,873.51
P0078,premium,moda_lusso,67,2831.61,2804.14,0.0098,0,1.0777,1.0777,135.2,873.51
P0078,premium,moda_lusso,68,2857.27,2804.14,0.0189,0,0.9408,1.0748,100.2,873.51
P0078,premium,moda_lusso,69,2891.71,2804.14,0.0312,0,0.9804,1.0708,97.9,873.51
P0078,premium,moda_lusso,70,2990.47,2804.14,0.0664,0,1.0782,1.0658,110.8,873.51
P0078,premium,moda_lusso,71,2761.81,2804.14,-0.0151,0,1.0363,1.0599,86.2,873.51
P0078,premium,moda_lusso,72,2591.54,2804.14,-0.0758,1,1.0269,1.053,120.6,873.51
P0078,premium,moda_lusso,73,2794.93,2804.14,-0.0033,0,0.8922,1.0454,80.1,873.51
P0078,premium,moda_lusso,74,2713.79,2804.14,-0.0322,0,0.9946,1.0372,79.8,873.51
P0078,premium,moda_lusso,75,2803.72,2804.14,-0.0001,0,1.0462,1.0284,105.0,873.51
P0078,premium,moda_lusso,76,2834.24,2804.14,0.0107,0,0.9287,1.0191,91.5,873.51
P0078,premium,moda_lusso,77,2797.56,2804.14,-0.0023,0,1.0658,1.0096,99.6,873.51
P0078,premium,moda_lusso,78,2779.63,2804.14,-0.0087,0,0.9733,1.0,74.9,873.51
P0078,premium,moda_lusso,79,2901.79,2804.14,0.0348,0,1.0757,0.9904,77.6,873.51
P0078,premium,moda_lusso,80,2649.61,2804.14,-0.0551,0,0.9512,0.9809,90.2,873.51
P0078,premium,moda_lusso,81,2616.08,2804.14,-0.0671,0,1.0859,0.9716,86.1,873.51
P0078,premium,moda_lusso,82,2816.71,2804.14,0.0045,0,0.996,0.9628,90.3,873.51
P0078,premium,moda_lusso,83,2834.98,2804.14,0.011,0,1.0472,0.9546,72.7,873.51
P0078,premium,moda_lusso,84,2578.28,2804.14,-0.0805,1,0.9724,0.947,104.5,873.51
P0078,premium,moda_lusso,85,2764.09,2804.14,-0.0143,0,0.9754,0.9401,72.1,873.51
P0078,premium,moda_lusso,86,2908.4,2804.14,0.0372,0,0.9912,0.9342,93.4,873.51
P0078,premium,moda_lusso,87,2750.15,2804.14,-0.0193,0,1.0205,0.9292,87.2,873.51
P0078,premium,moda_lusso,88,2870.54,2804.14,0.0237,0,0.9357,0.9252,79.6,873.51
P0078,premium,moda_lusso,89,2898.57,2804.14,0.0337,0,1.0418,0.9223,93.0,873.51
P0078,premium,moda_lusso,90,2636.78,2804.14,-0.0597,0,0.9871,0.9206,88.6,873.51
P0078,premium,moda_lusso,91,2752.49,2804.14,-0.0184,0,0.9516,0.92,73.9,873.51
P0078,premium,moda_lusso,92,2617.95,2804.14,-0.0664,0,0.9736,0.9206,82.5,873.51
P0078,premium,moda_lusso,93,2771.73,2804.14,-0.0116,0,0.9655,0.9223,76.8,873.51
P0078,premium,moda_lusso,94,2873.38,2804.14,0.0247,0,1.0,0.9252,120.7,873.51
P0078,premium,moda_lusso,95,2847.12,2804.14,0.0153,0,0.9845,0.9292,79.6,873.51
P0078,premium,moda_lusso,96,2507.21,2804.14,-0.1059,1,0.9123,0.9342,92.0,873.51
P0078,premium,moda_lusso,97,2753.39,2804.14,-0.0181,0,0.9246,0.9401,85.0,873.51
P0078,premium,moda_lusso,98,2816.58,2804.14,0.0044,0,1.0365,0.947,93.8,873.51
P0078,premium,moda_lusso,99,2952.42,2804.14,0.0529,0,1.0166,0.9546,94.3,873.51
P0078,premium,moda_lusso,100,2953.48,2804.14,0.0533,0,0.9999,0.9628,103.8,873.51
P0078,premium,moda_lusso,101,2829.43,2804.14,0.009,0,1.0203,0.9716,84.8,873.51
P0078,premium,moda_lusso,102,2862.56,2804.14,0.0208,0,1.0272,0.9809,72.1,873.51
P0078,premium,moda_lusso,103,2889.33,2804.14,0.0304,0,1.0733,0.9904,96.4,873.51
P0079,premium,moda_lusso,0,1902.08,1974.97,-0.0369,0,0.9827,1.0,113.9,794.5
P0079,premium,moda_lusso,1,2048.14,1974.97,0.0371,0,0.9688,1.0096,99.5,794.5
P0079,premium,moda_lusso,2,1961.57,1974.97,-0.0068,0,0.9434,1.0191,114.7,794.5
P0079,premium,moda_lusso,3,1868.03,1974.97,-0.0542,0,0.9187,1.0284,99.0,794.5
P0079,premium,moda_lusso,4,2019.81,1974.97,0.0227,0,0.9882,1.0372,111.1,794.5
P0079,premium,moda_lusso,5,2045.92,1974.97,0.0359,0,0.9524,1.0454,80.7,794.5
P0079,premium,moda_lusso,6,1896.95,1974.97,-0.0395,0,0.938,1.053,106.7,794.5
P0079,premium,moda_lusso,7,1756.0,1974.97,-0.1109,1,1.0264,1.0599,108.9,794.5
P0079,premium,moda_lusso,8,1891.66,1974.97,-0.0422,0,0.9712,1.0658,82.0,794.5
P0079,premium,moda_lusso,9,1858.22,1974.97,-0.0591,0,0.94,1.0708,91.2,794.5
P0079,premium,moda_lusso,10,1963.96,1974.97,-0.0056,0,1.0406,1.0748,100.4,794.5
P0079,premium,moda_lusso,11,2001.19,1974.97,0.0133,0,0.9527,1.0777,93.1,794.5
P0079,premium,moda_lusso,12,2059.81,1974.97,0.043,0,1.0412,1.0794,111.5,794.5
P0079,premium,moda_lusso,13,1998.13,1974.97,0.0117,0,1.0025,1.08,124.1,794.5
P0079,premium,moda_lusso,14,1991.58,1974.97,0.0084,0,0.9146,1.0794,85.3,794.5
P0079,premium,moda_lusso,15,2017.6,1974.97,0.0216,0,0.9894,1.0777,101.4,794.5
P0079,premium,moda_lusso,16,1732.8,1974.97,-0.1226,1,0.9271,1.0748,131.5,794.5
P0079,premium,moda_lusso,17,2006.3,1974.97,0.0159,0,1.0795,1.0708,103.7,794.5
P0079,premium,moda_lusso,18,2109.81,1974.97,0.0683,0,0.958,1.0658,98.8,794.5
P0079,premium,moda_lusso,19,1991.62,1974.97,0.0084,0,1.0024,1.0599,100.3,794.5
P0079,premium,moda_lusso,20,2153.79,1974.97,0.0905,0,1.0326,1.053,95.2,794.5
P0079,premium,moda_lusso,21,1900.87,1974.97,-0.0375,0,1.0434,1.0454,94.2,794.5
P0079,premium,moda_lusso,22,2004.31,1974.97,0.0149,0,0.8832,1.0372,81.7,794.5
P0079,premium,moda_lusso,23,1780.15,1974.97,-0.0986,1,1.1001,1.0284,150.3,794.5
P0079,premium,moda_lusso,24,1953.64,1974.97,-0.0108,0,1.0824,1.0191,124.4,794.5
P0079,premium,moda_lusso,25,2081.29,1974.97,0.0538,0,1.0515,1.0096,106.8,794.5
P0079,premium,moda_lusso,26,1833.99,1974.97,-0.0714,1,0.9473,1.0,105.0,794.5
P0079,premium,moda_lusso,27,1975.73,1974.97,0.0004,0,0.9428,0.9904,105.3,794.5
P0079,premium,moda_lusso,28,1929.97,1974.97,-0.0228,0,1.1034,0.9809,79.9,794.5
P0079,premium,moda_lusso,29,1934.12,1974.97,-0.0207,0,0.9625,0.9716,77.8,794.5
P0079,premium,moda_lusso,30,1852.13,1974.97,-0.0622,1,0.9563,0.9628,126.3,794.5
P0079,premium,moda_lusso,31,1953.36,1974.97,-0.0109,0,0.9566,0.9546,107.5,794.5
P0079,premium,moda_lusso,32,1927.87,1974.97,-0.0238,0,0.932,0.947,72.2,794.5
P0079,premium,moda_lusso,33,2037.82,1974.97,0.0318,0,1.0523,0.9401,85.9,794.5
P0079,premium,moda_lusso,34,2045.97,1974.97,0.036,0,0.9965,0.9342,82.7,794.5
P0079,premium,moda_lusso,35,2004.43,1974.97,0.0149,0,1.028,0.9292,82.8,794.5
P0079,premium,moda_lusso,36,1959.95,1974.97,-0.0076,0,1.0396,0.9252,74.3,794.5
P0079,premium,moda_lusso,37,1899.92,1974.97,-0.038,0,0.9926,0.9223,92.3,794.5
P0079,premium,moda_lusso,38,2037.8,1974.97,0.0318,0,1.0731,0.9206,89.7,794.5
P0079,premium,moda_lusso,39,1768.99,1974.97,-0.1043,1,0.9554,0.92,122.6,794.5
P0079,premium,moda_lusso,40,1713.22,1974.97,-0.1325,1,1.0713,0.9206,121.7,794.5
P0079,premium,moda_lusso,41,1790.14,1974.97,-0.0936,1,1.084,0.9223,112.7,794.5
P0079,premium,moda_lusso,42,1934.68,1974.97,-0.0204,0,1.0084,0.9252,94.4,794.5
P0079,premium,moda_lusso,43,1944.57,1974.97,-0.0154,0,1.0101,0.9292,94.9,794.5
P0079,premium,moda_lusso,44,1824.67,1974.97,-0.0761,0,0.9502,0.9342,103.4,794.5
P0079,premium,moda_lusso,45,1911.17,1974.97,-0.0323,0,0.9392,0.9401,108.5,794.5
P0079,premium,moda_lusso,46,1870.36,1974.97,-0.053,1,1.073,0.947,134.4,794.5
P0079,premium,moda_lusso,47,1856.67,1974.97,-0.0599,0,0.9371,0.9546,106.6,794.5
P0079,premium,moda_lusso,48,1784.57,1974.97,-0.0964,1,0.9828,0.9628,137.2,794.5
P0079,premium,moda_lusso,49,1974.56,1974.97,-0.0002,0,0.9657,0.9716,88.7,794.5
P0079,premium,moda_lusso,50,1796.5,1974.97,-0.0904,1,1.0097,0.9809,114.4,794.5
P0079,premium,moda_lusso,51,2087.15,1974.97,0.0568,0,0.9273,0.9904,88.1,794.5
P0079,premium,moda_lusso,52,1980.06,1974.97,0.0026,0,0.9756,1.0,96.3,794.5
P0079,premium,moda_lusso,53,1741.64,1974.97,-0.1181,1,1.0045,1.0096,133.4,794.5
P0079,premium,moda_lusso,54,1921.09,1974.97,-0.0273,0,0.9731,1.0191,86.9,794.5
P0079,premium,moda_lusso,55,1865.74,1974.97,-0.0553,1,1.0095,1.0284,119.6,794.5
P0079,premium,moda_lusso,56,2069.76,1974.97,0.048,0,0.9935,1.0372,87.9,794.5
P0079,premium,moda_lusso,57,1998.41,1974.97,0.0119,0,1.0413,1.0454,114.1,794.5
P0079,premium,moda_lusso,58,1959.23,1974.97,-0.008,0,1.0065,1.053,101.8,794.5
P0079,premium,moda_lusso,59,2076.06,1974.97,0.0512,0,1.0011,1.0599,103.7,794.5
P0079,premium,moda_lusso,60,2002.89,1974.97,0.0141,0,0.9498,1.0658,99.7,794.5
P0079,premium,moda_lusso,61,2084.68,1974.97,0.0556,0,1.0079,1.0708,93.8,794.5
P0079,premium,moda_lusso,62,1940.59,1974.97,-0.0174,0,0.9961,1.0748,98.5,794.5
P0079,premium,moda_lusso,63,2017.99,1974.97,0.0218,0,0.95,1.0777,103.8,794.5
P0079,premium,moda_lusso,64,1913.98,1974.97,-0.0309,0,1.0837,1.0794,113.3,794.5
P0079,premium,moda_lusso,65,2010.72,1974.97,0.0181,0,0.9305,1.08,93.1,794.5
P0079,premium,moda_lusso,66,1999.27,1974.97,0.0123,0,1.0136,1.0794,113.8,794.5
P0079,premium,moda_lusso,67,1956.58,1974.97,-0.0093,0,1.0468,1.0777,83.4,794.5
P0079,premium,moda_lusso,68,1779.29,1974.97,-0.0991,1,1.0274,1.0748,129.1,794.5
P0079,premium,moda_lusso,69,1824.96,1974.97,-0.076,1,0.9966,1.0708,124.5,794.5
P0079,premium,moda_lusso,70,1900.5,1974.97,-0.0377,0,1.0067,1.0658,120.0,794.5
P0079,premium,moda_lusso,71,2065.91,1974.97,0.046,0,0.9813,1.0599,102.8,794.5
P0079,premium,moda_lusso,72,1964.06,1974.97,-0.0055,0,1.0013,1.053,95.2,794.5
P0079,premium,moda_lusso,73,1816.23,1974.97,-0.0804,1,1.0176,1.0454,125.6,794.5
P0079,premium,moda_lusso,74,1971.62,1974.97,-0.0017,0,0.9904,1.0372,100.7,794.5
P0079,premium,moda_lusso,75,1749.4,1974.97,-0.1142,1,0.9652,1.0284,107.3,794.5
P0079,premium,moda_lusso,76,1931.17,1974.97,-0.0222,0,1.0541,1.0191,83.3,794.5
P0079,premium,moda_lusso,77,2003.58,1974.97,0.0145,0,1.0425,1.0096,78.4,794.5
P0079,premium,moda_lusso,78,1920.6,1974.97,-0.0275,0,1.0329,1.0,97.4,794.5
P0079,premium,moda_lusso,79,2026.08,1974.97,0.0259,0,1.0062,0.9904,90.9,794.5
P0079,premium,moda_lusso,80,1921.71,1974.97,-0.027,0,1.0978,0.9809,90.2,794.5
P0079,premium,moda_lusso,81,1948.55,1974.97,-0.0134,0,1.006,0.9716,102.6,794.5
P0079,premium,moda_lusso,82,1928.2,1974.97,-0.0237,0,1.0636,0.9628,101.5,794.5
P0079,premium,moda_lusso,83,1966.11,1974.97,-0.0045,0,1.03,0.9546,102.7,794.5
P0079,premium,moda_lusso,84,1979.84,1974.97,0.0025,0,0.9984,0.947,83.3,794.5
P0079,premium,moda_lusso,85,2047.85,1974.97,0.0369,0,1.0267,0.9401,111.9,794.5
P0079,premium,moda_lusso,86,1729.87,1974.97,-0.1241,1,1.0155,0.9342,132.0,794.5
P0079,premium,moda_lusso,87,1981.44,1974.97,0.0033,0,0.9453,0.9292,80.3,794.5
P0079,premium,moda_lusso,88,2052.58,1974.97,0.0393,0,0.9277,0.9252,74.2,794.5
P0079,premium,moda_lusso,89,1885.55,1974.97,-0.0453,0,0.9437,0.9223,102.3,794.5
P0079,premium,moda_lusso,90,1856.39,1974.97,-0.06,1,1.0684,0.9206,98.9,794.5
P0079,premium,moda_lusso,91,2087.59,1974.97,0.057,0,1.0117,0.92,91.3,794.5
P0079,premium,moda_lusso,92,1967.6,1974.97,-0.0037,0,0.9648,0.9206,90.4,794.5
P0079,premium,moda_lusso,93,1855.75,1974.97,-0.0604,1,1.053,0.9223,121.9,794.5
P0079,premium,moda_lusso,94,1964.96,1974.97,-0.0051,0,0.9776,0.9252,95.8,794.5
P0079,premium,moda_lusso,95,1983.78,1974.97,0.0045,0,1.0507,0.9292,69.9,794.5
P0079,premium,moda_lusso,96,1939.14,1974.97,-0.0181,0,1.0126,0.9342,95.1,794.5
P0079,premium,moda_lusso,97,1884.07,1974.97,-0.046,0,1.0203,0.9401,92.4,794.5
P0079,premium,moda_lusso,98,1954.55,1974.97,-0.0103,0,1.0187,0.947,109.5,794.5
P0079,premium,moda_lusso,99,2029.59,1974.97,0.0277,0,0.9462,0.9546,76.1,794.5
P0079,premium,moda_lusso,100,1843.59,1974.97,-0.0665,1,1.0065,0.9628,113.5,794.5
P0079,premium,moda_lusso,101,1754.04,1974.97,-0.1119,1,1.0055,0.9716,118.0,794.5
P0079,premium,moda_lusso,102,2091.88,1974.97,0.0592,0,1.07,0.9809,108.4,794.5
P0079,premium,moda_lusso,103,1927.83,1974.97,-0.0239,0,0.9793,0.9904,107.7,794.5
P0080,premium,moda_lusso,0,2234.22,2277.52,-0.019,0,1.0182,1.0,81.3,821.32
P0080,premium,moda_lusso,1,2287.82,2277.52,0.0045,0,0.9742,1.0096,88.3,821.32
P0080,premium,moda_lusso,2,2206.41,2277.52,-0.0312,0,0.9977,1.0191,76.0,821.32
P0080,premium,moda_lusso,3,2280.61,2277.52,0.0014,0,1.0351,1.0284,81.1,821.32
P0080,premium,moda_lusso,4,2258.47,2277.52,-0.0084,0,0.9219,1.0372,105.5,821.32
P0080,premium,moda_lusso,5,1939.23,2277.52,-0.1485,1,1.0186,1.0454,104.9,821.32
P0080,premium,moda_lusso,6,2361.27,2277.52,0.0368,0,1.007,1.053,95.6,821.32
P0080,premium,moda_lusso,7,2346.34,2277.52,0.0302,0,0.9589,1.0599,91.0,821.32
P0080,premium,moda_lusso,8,2274.44,2277.52,-0.0014,0,1.0535,1.0658,121.8,821.32
P0080,premium,moda_lusso,9,2315.01,2277.52,0.0165,0,0.9599,1.0708,105.4,821.32
P0080,premium,moda_lusso,10,2047.26,2277.52,-0.1011,1,0.9165,1.0748,162.8,821.32
P0080,premium,moda_lusso,11,2188.06,2277.52,-0.0393,0,1.116,1.0777,86.7,821.32
P0080,premium,moda_lusso,12,2174.16,2277.52,-0.0454,0,0.9927,1.0794,96.9,821.32
P0080,premium,moda_lusso,13,2471.89,2277.52,0.0853,0,0.9744,1.08,64.9,821.32
P0080,premium,moda_lusso,14,2233.65,2277.52,-0.0193,0,1.0909,1.0794,95.5,821.32
P0080,premium,moda_lusso,15,2196.77,2277.52,-0.0355,0,1.0311,1.0777,93.6,821.32
P0080,premium,moda_lusso,16,2260.73,2277.52,-0.0074,0,1.0707,1.0748,80.3,821.32
P0080,premium,moda_lusso,17,2343.62,2277.52,0.029,0,0.9768,1.0708,89.5,821.32
P0080,premium,moda_lusso,18,2190.99,2277.52,-0.038,0,1.0318,1.0658,95.6,821.32
P0080,premium,moda_lusso,19,2131.69,2277.52,-0.064,1,1.0587,1.0599,119.5,821.32
P0080,premium,moda_lusso,20,2197.66,2277.52,-0.0351,0,1.0289,1.053,96.3,821.32
P0080,premium,moda_lusso,21,2441.18,2277.52,0.0719,0,1.0116,1.0454,82.0,821.32
P0080,premium,moda_lusso,22,2208.19,2277.52,-0.0304,0,0.9422,1.0372,87.9,821.32
P0080,premium,moda_lusso,23,2213.42,2277.52,-0.0281,0,1.0626,1.0284,83.8,821.32
P0080,premium,moda_lusso,24,2183.0,2277.52,-0.0415,0,0.9359,1.0191,103.9,821.32
P0080,premium,moda_lusso,25,2332.55,2277.52,0.0242,0,1.0509,1.0096,83.9,821.32
P0080,premium,moda_lusso,26,2227.55,2277.52,-0.0219,0,0.9452,1.0,93.1,821.32
P0080,premium,moda_lusso,27,2288.92,2277.52,0.005,0,1.0508,0.9904,87.8,821.32
P0080,premium,moda_lusso,28,2385.9,2277.52,0.0476,0,1.0133,0.9809,88.8,821.32
P0080,premium,moda_lusso,29,2550.82,2277.52,0.12,0,0.9205,0.9716,74.7,821.32
P0080,premium,moda_lusso,30,2445.56,2277.52,0.0738,0,0.97,0.9628,85.4,821.32
P0080,premium,moda_lusso,31,2194.61,2277.52,-0.0364,0,1.0285,0.9546,78.6,821.32
P0080,premium,moda_lusso,32,2063.14,2277.52,-0.0941,1,1.0953,0.947,94.8,821.32
P0080,premium,moda_lusso,33,2268.63,2277.52,-0.0039,0,1.0,0.9401,112.6,821.32
P0080,premium,moda_lusso,34,2076.6,2277.52,-0.0882,0,0.9901,0.9342,85.5,821.32
P0080,premium,moda_lusso,35,2147.77,2277.52,-0.057,1,0.9339,0.9292,136.9,821.32
P0080,premium,moda_lusso,36,2262.2,2277.52,-0.0067,0,1.1064,0.9252,73.5,821.32
P0080,premium,moda_lusso,37,2177.95,2277.52,-0.0437,0,1.0375,0.9223,72.6,821.32
P0080,premium,moda_lusso,38,1963.09,2277.52,-0.1381,1,1.0047,0.9206,85.0,821.32
P0080,premium,moda_lusso,39,2315.82,2277.52,0.0168,0,1.045,0.92,95.4,821.32
P0080,premium,moda_lusso,40,2267.08,2277.52,-0.0046,0,0.967,0.9206,70.9,821.32
P0080,premium,moda_lusso,41,2315.51,2277.52,0.0167,0,0.9326,0.9223,71.7,821.32
P0080,premium,moda_lusso,42,2225.99,2277.52,-0.0226,0,1.0185,0.9252,74.7,821.32
P0080,premium,moda_lusso,43,2215.99,2277.52,-0.027,0,0.9049,0.9292,93.0,821.32
P0080,premium,moda_lusso,44,2257.7,2277.52,-0.0087,0,0.9654,0.9342,88.0,821.32
P0080,premium,moda_lusso,45,2320.73,2277.52,0.019,0,0.9725,0.9401,81.1,821.32
P0080,premium,moda_lusso,46,2400.69,2277.52,0.0541,0,1.0153,0.947,71.4,821.32
P0080,premium,moda_lusso,47,2264.37,2277.52,-0.0058,0,0.9001,0.9546,67.4,821.32
P0080,premium,moda_lusso,48,2078.54,2277.52,-0.0874,1,0.9853,0.9628,124.2,821.32
P0080,premium,moda_lusso,49,2167.02,2277.52,-0.0485,0,0.9587,0.9716,81.7,821.32
P0080,premium,moda_lusso,50,1959.5,2277.52,-0.1396,1,0.8929,0.9809,86.6,821.32
P0080,premium,moda_lusso,51,2187.52,2277.52,-0.0395,0,0.8997,0.9904,96.0,821.32
P0080,premium,moda_lusso,52,2269.99,2277.52,-0.0033,0,1.0134,1.0,90.9,821.32
P0080,premium,moda_lusso,53,2348.36,2277.52,0.0311,0,1.062,1.0096,108.5,821.32
P0080,premium,moda_lusso,54,2161.41,2277.52,-0.051,1,1.0679,1.0191,122.6,821.32
P0080,premium,moda_lusso,55,2225.94,2277.52,-0.0226,0,1.0136,1.0284,80.7,821.32
P0080,premium,moda_lusso,56,2249.79,2277.52,-0.0122,0,1.1172,1.0372,98.0,821.32
P0080,premium,moda_lusso,57,2277.4,2277.52,-0.0001,0,1.0184,1.0454,86.7,821.32
P0080,premium,moda_lusso,58,2330.17,2277.52,0.0231,0,0.9519,1.053,97.7,821.32
P0080,premium,moda_lusso,59,2234.96,2277.52,-0.0187,0,1.0478,1.0599,99.8,821.32
P0080,premium,moda_lusso,60,1993.19,2277.52,-0.1248,1,1.0045,1.0658,115.3,821.32
P0080,premium,moda_lusso,61,2322.89,2277.52,0.0199,0,1.0765,1.0708,99.9,821.32
P0080,premium,moda_lusso,62,2181.18,2277.52,-0.0423,0,1.0439,1.0748,102.6,821.32
P0080,premium,moda_lusso,63,2359.93,2277.52,0.0362,0,1.0793,1.0777,81.0,821.32
P0080,premium,moda_lusso,64,2289.33,2277.52,0.0052,0,0.9539,1.0794,82.8,821.32
P0080,premium,moda_lusso,65,2197.08,2277.52,-0.0353,0,0.9994,1.08,79.7,821.32
P0080,premium,moda_lusso,66,2371.81,2277.52,0.0414,0,1.0607,1.0794,104.8,821.32
P0080,premium,moda_lusso,67,2096.59,2277.52,-0.0794,1,1.0215,1.0777,118.0,821.32
P0080,premium,moda_lusso,68,2348.12,2277.52,0.031,0,0.9336,1.0748,81.6,821.32
P0080,premium,moda_lusso,69,2180.13,2277.52,-0.0428,0,0.9382,1.0708,91.8,821.32
P0080,premium,moda_lusso,70,2355.09,2277.52,0.0341,0,1.0161,1.0658,93.7,821.32
P0080,premium,moda_lusso,71,2234.53,2277.52,-0.0189,0,1.0121,1.0599,87.7,821.32
P0080,premium,moda_lusso,72,2371.97,2277.52,0.0415,0,0.9847,1.053,98.1,821.32
P0080,premium,moda_lusso,73,2133.31,2277.52,-0.0633,1,0.9501,1.0454,137.3,821.32
P0080,premium,moda_lusso,74,2134.46,2277.52,-0.0628,0,0.9742,1.0372,107.1,821.32
P0080,premium,moda_lusso,75,2334.55,2277.52,0.025,0,0.9802,1.0284,79.2,821.32
P0080,premium,moda_lusso,76,2243.56,2277.52,-0.0149,0,0.9808,1.0191,87.9,821.32
P0080,premium,moda_lusso,77,2421.52,2277.52,0.0632,0,1.0513,1.0096,85.5,821.32
P0080,premium,moda_lusso,78,2330.74,2277.52,0.0234,0,1.0833,1.0,97.7,821.32
P0080,premium,moda_lusso,79,2238.54,2277.52,-0.0171,0,1.0173,0.9904,100.9,821.32
P0080,premium,moda_lusso,80,2269.28,2277.52,-0.0036,0,0.9656,0.9809,117.8,821.32
P0080,premium,moda_lusso,81,2199.13,2277.52,-0.0344,0,1.0082,0.9716,85.1,821.32
P0080,premium,moda_lusso,82,2361.79,2277.52,0.037,0,0.9393,0.9628,75.5,821.32
P0080,premium,moda_lusso,83,2340.06,2277.52,0.0275,0,1.0214,0.9546,78.9,821.32
P0080,premium,moda_lusso,84,2187.74,2277.52,-0.0394,0,0.9629,0.947,72.9,821.32
P0080,premium,moda_lusso,85,2288.81,2277.52,0.005,0,0.9508,0.9401,86.6,821.32
P0080,premium,moda_lusso,86,2195.38,2277.52,-0.0361,0,0.9837,0.9342,89.2,821.32
P0080,premium,moda_lusso,87,2168.15,2277.52,-0.048,0,0.978,0.9292,79.4,821.32
P0080,premium,moda_lusso,88,2267.33,2277.52,-0.0045,0,1.0783,0.9252,79.4,821.32
P0080,premium,moda_lusso,89,2023.49,2277.52,-0.1115,1,1.0874,0.9223,106.6,821.32
P0080,premium,moda_lusso,90,2253.2,2277.52,-0.0107,0,1.0292,0.9206,78.4,821.32
P0080,premium,moda_lusso,91,2223.97,2277.52,-0.0235,0,0.9968,0.92,87.4,821.32
P0080,premium,moda_lusso,92,2253.91,2277.52,-0.0104,0,1.0022,0.9206,74.1,821.32
P0080,premium,moda_lusso,93,1969.73,2277.52,-0.1351,1,0.9407,0.9223,114.7,821.32
P0080,premium,moda_lusso,94,2192.2,2277.52,-0.0375,0,0.9669,0.9252,97.9,821.32
P0080,premium,moda_lusso,95,2240.54,2277.52,-0.0162,0,0.9987,0.9292,94.8,821.32
P0080,premium,moda_lusso,96,2243.88,2277.52,-0.0148,0,1.027,0.9342,81.8,821.32
P0080,premium,moda_lusso,97,2299.3,2277.52,0.0096,0,0.9207,0.9401,81.6,821.32
P0080,premium,moda_lusso,98,2208.99,2277.52,-0.0301,0,1.0229,0.947,68.8,821.32
P0080,premium,moda_lusso,99,2384.51,2277.52,0.047,0,0.9891,0.9546,72.5,821.32
P0080,premium,moda_lusso,100,2082.46,2277.52,-0.0856,1,1.0464,0.9628,110.8,821.32
P0080,premium,moda_lusso,101,2123.6,2277.52,-0.0676,0,1.0062,0.9716,81.9,821.32
P0080,premium,moda_lusso,102,2406.37,2277.52,0.0566,0,0.9099,0.9809,68.2,821.32
P0080,premium,moda_lusso,103,2246.81,2277.52,-0.0135,0,0.9741,0.9904,90.6,821.32
P0081,premium,moda_lusso,0,2200.65,2324.96,-0.0535,1,0.9704,1.0,96.2,638.84
P0081,premium,moda_lusso,1,2042.05,2324.96,-0.1217,1,0.9708,1.0096,110.2,638.84
P0081,premium,moda_lusso,2,2328.77,2324.96,0.0016,0,0.9949,1.0191,70.8,638.84
P0081,premium,moda_lusso,3,2248.63,2324.96,-0.0328,0,0.9851,1.0284,80.9,638.84
P0081,premium,moda_lusso,4,2318.82,2324.96,-0.0026,0,0.9904,1.0372,92.2,638.84
P0081,premium,moda_lusso,5,2136.11,2324.96,-0.0812,1,1.046,1.0454,97.1,638.84
P0081,premium,moda_lusso,6,1979.68,2324.96,-0.1485,1,0.9978,1.053,99.0,638.84
P0081,premium,moda_lusso,7,2181.26,2324.96,-0.0618,0,0.9876,1.0599,76.5,638.84
P0081,premium,moda_lusso,8,2212.18,2324.96,-0.0485,0,1.0352,1.0658,87.0,638.84
P0081,premium,moda_lusso,9,2460.16,2324.96,0.0582,0,1.0078,1.0708,81.0,638.84
P0081,premium,moda_lusso,10,2185.18,2324.96,-0.0601,1,0.9861,1.0748,112.0,638.84
P0081,premium,moda_lusso,11,2274.15,2324.96,-0.0219,0,1.004,1.0777,91.2,638.84
P0081,premium,moda_lusso,12,2043.22,2324.96,-0.1212,1,1.0237,1.0794,111.8,638.84
P0081,premium,moda_lusso,13,2312.31,2324.96,-0.0054,0,0.9494,1.08,82.5,638.84
P0081,premium,moda_lusso,14,2313.1,2324.96,-0.0051,0,1.0155,1.0794,87.3,638.84
P0081,premium,moda_lusso,15,2288.59,2324.96,-0.0156,0,0.9645,1.0777,76.3,638.84
P0081,premium,moda_lusso,16,2308.82,2324.96,-0.0069,0,1.018,1.0748,74.6,638.84
P0081,premium,moda_lusso,17,2253.41,2324.96,-0.0308,0,1.005,1.0708,74.8,638.84
P0081,premium,moda_lusso,18,2316.21,2324.96,-0.0038,0,0.9978,1.0658,75.0,638.84
P0081,premium,moda_lusso,19,2446.28,2324.96,0.0522,0,0.948,1.0599,73.8,638.84
P0081,premium,moda_lusso,20,2424.5,2324.96,0.0428,0,0.9946,1.053,59.9,638.84
P0081,premium,moda_lusso,21,2391.19,2324.96,0.0285,0,0.9168,1.0454,74.8,638.84
P0081,premium,moda_lusso,22,2008.23,2324.96,-0.1362,1,0.9663,1.0372,98.9,638.84
P0081,premium,moda_lusso,23,2371.5,2324.96,0.02,0,0.9854,1.0284,75.6,638.84
P0081,premium,moda_lusso,24,2374.7,2324.96,0.0214,0,1.0207,1.0191,66.7,638.84
P0081,premium,moda_lusso,25,2402.72,2324.96,0.0334,0,0.9593,1.0096,73.8,638.84
P0081,premium,moda_lusso,26,2104.66,2324.96,-0.0948,1,1.0215,1.0,119.0,638.84
P0081,premium,moda_lusso,27,2335.48,2324.96,0.0045,0,1.0811,0.9904,57.7,638.84
P0081,premium,moda_lusso,28,2287.17,2324.96,-0.0163,0,1.071,0.9809,80.2,638.84
P0081,premium,moda_lusso,29,2289.45,2324.96,-0.0153,0,0.9338,0.9716,70.5,638.84
P0081,premium,moda_lusso,30,2404.35,2324.96,0.0341,0,1.0134,0.9628,62.9,638.84
P0081,premium,moda_lusso,31,2380.56,2324.96,0.0239,0,1.1174,0.9546,57.6,638.84
P0081,premium,moda_lusso,32,2344.82,2324.96,0.0085,0,1.041,0.947,68.6,638.84
P0081,premium,moda_lusso,33,2351.79,2324.96,0.0115,0,0.9676,0.9401,70.1,638.84
P0081,premium,moda_lusso,34,2324.98,2324.96,0.0,0,0.8963,0.9342,66.0,638.84
P0081,premium,moda_lusso,35,2064.55,2324.96,-0.112,1,0.9752,0.9292,112.6,638.84
P0081,premium,moda_lusso,36,2332.61,2324.96,0.0033,0,1.0054,0.9252,84.8,638.84
P0081,premium,moda_lusso,37,2361.22,2324.96,0.0156,0,1.0063,0.9223,65.5,638.84
P0081,premium,moda_lusso,38,2234.5,2324.96,-0.0389,0,0.9666,0.9206,75.7,638.84
P0081,premium,moda_lusso,39,2301.91,2324.96,-0.0099,0,0.9965,0.92,74.4,638.84
P0081,premium,moda_lusso,40,2266.94,2324.96,-0.025,0,1.0119,0.9206,67.6,638.84
P0081,premium,moda_lusso,41,2298.83,2324.96,-0.0112,0,0.9396,0.9223,72.6,638.84
P0081,premium,moda_lusso,42,2440.13,2324.96,0.0495,0,0.9342,0.9252,61.9,638.84
P0081,premium,moda_lusso,43,2292.72,2324.96,-0.0139,0,0.9229,0.9292,59.5,638.84
P0081,premium,moda_lusso,44,2284.29,2324.96,-0.0175,0,0.9587,0.9342,81.1,638.84
P0081,premium,moda_lusso,45,2320.37,2324.96,-0.002,0,0.9249,0.9401,70.8,638.84
P0081,premium,moda_lusso,46,2215.09,2324.96,-0.0473,0,1.0207,0.947,60.9,638.84
P0081,premium,moda_lusso,47,2204.23,2324.96,-0.0519,0,1.0028,0.9546,83.4,638.84
P0081,premium,moda_lusso,48,2323.38,2324.96,-0.0007,0,0.9592,0.9628,63.1,638.84
P0081,premium,moda_lusso,49,2388.91,2324.96,0.0275,0,0.9293,0.9716,64.7,638.84
P0081,premium,moda_lusso,50,2398.99,2324.96,0.0318,0,1.022,0.9809,67.0,638.84
P0081,premium,moda_lusso,51,2400.26,2324.96,0.0324,0,0.9566,0.9904,61.6,638.84
P0081,premium,moda_lusso,52,2354.28,2324.96,0.0126,0,1.0198,1.0,75.8,638.84
P0081,premium,moda_lusso,53,2026.57,2324.96,-0.1283,1,1.0126,1.0096,106.5,638.84
P0081,premium,moda_lusso,54,2236.34,2324.96,-0.0381,0,0.9977,1.0191,65.0,638.84
P0081,premium,moda_lusso,55,2303.47,2324.96,-0.0092,0,0.994,1.0284,78.2,638.84
P0081,premium,moda_lusso,56,2267.06,2324.96,-0.0249,0,1.0435,1.0372,74.6,638.84
P0081,premium,moda_lusso,57,2277.32,2324.96,-0.0205,0,0.9194,1.0454,84.8,638.84
P0081,premium,moda_lusso,58,2422.74,2324.96,0.0421,0,1.0155,1.053,95.0,638.84
P0081,premium,moda_lusso,59,2049.97,2324.96,-0.1183,1,0.9737,1.0599,117.2,638.84
P0081,premium,moda_lusso,60,2392.71,2324.96,0.0291,0,1.0388,1.0658,50.0,638.84
P0081,premium,moda_lusso,61,2278.16,2324.96,-0.0201,0,0.9811,1.0708,76.0,638.84
P0081,premium,moda_lusso,62,2341.44,2324.96,0.0071,0,0.9746,1.0748,64.0,638.84
P0081,premium,moda_lusso,63,2272.29,2324.96,-0.0227,0,0.9935,1.0777,102.5,638.84
P0081,premium,moda_lusso,64,2302.53,2324.96,-0.0096,0,1.0116,1.0794,64.5,638.84
P0081,premium,moda_lusso,65,2285.77,2324.96,-0.0169,0,0.9776,1.08,80.2,638.84
P0081,premium,moda_lusso,66,2360.27,2324.96,0.0152,0,0.8922,1.0794,75.2,638.84
P0081,premium,moda_lusso,67,2351.69,2324.96,0.0115,0,0.9919,1.0777,70.3,638.84
P0081,premium,moda_lusso,68,2425.37,2324.96,0.0432,0,0.97,1.0748,82.2,638.84
P0081,premium,moda_lusso,69,2183.7,2324.96,-0.0608,0,0.9936,1.0708,73.6,638.84
P0081,premium,moda_lusso,70,2389.41,2324.96,0.0277,0,1.0237,1.0658,76.2,638.84
P0081,premium,moda_lusso,71,2342.09,2324.96,0.0074,0,0.9345,1.0599,75.9,638.84
P0081,premium,moda_lusso,72,2410.47,2324.96,0.0368,0,0.9818,1.053,74.2,638.84
P0081,premium,moda_lusso,73,2361.32,2324.96,0.0156,0,0.9962,1.0454,74.4,638.84
P0081,premium,moda_lusso,74,2252.02,2324.96,-0.0314,0,1.0201,1.0372,85.6,638.84
P0081,premium,moda_lusso,75,2296.14,2324.96,-0.0124,0,1.0087,1.0284,71.6,638.84
P0081,premium,moda_lusso,76,2153.3,2324.96,-0.0738,1,0.9941,1.0191,86.8,638.84
P0081,premium,moda_lusso,77,2482.46,2324.96,0.0677,0,0.9648,1.0096,73.4,638.84
P0081,premium,moda_lusso,78,1998.56,2324.96,-0.1404,1,0.8921,1.0,129.0,638.84
P0081,premium,moda_lusso,79,2003.71,2324.96,-0.1382,1,1.0024,0.9904,101.5,638.84
P0081,premium,moda_lusso,80,2281.77,2324.96,-0.0186,0,1.0164,0.9809,83.9,638.84
P0081,premium,moda_lusso,81,2167.47,2324.96,-0.0677,1,0.9787,0.9716,93.0,638.84
P0081,premium,moda_lusso,82,2318.9,2324.96,-0.0026,0,1.0016,0.9628,75.6,638.84
P0081,premium,moda_lusso,83,2382.84,2324.96,0.0249,0,1.0535,0.9546,66.2,638.84
P0081,premium,moda_lusso,84,2325.87,2324.96,0.0004,0,1.057,0.947,74.6,638.84
P0081,premium,moda_lusso,85,2024.09,2324.96,-0.1294,1,1.0547,0.9401,104.1,638.84
P0081,premium,moda_lusso,86,2185.61,2324.96,-0.0599,1,1.0243,0.9342,105.3,638.84
P0081,premium,moda_lusso,87,2363.01,2324.96,0.0164,0,0.9611,0.9292,69.9,638.84
P0081,premium,moda_lusso,88,2273.62,2324.96,-0.0221,0,1.0047,0.9252,63.6,638.84
P0081,premium,moda_lusso,89,2353.83,2324.96,0.0124,0,1.0134,0.9223,51.7,638.84
P0081,premium,moda_lusso,90,2300.28,2324.96,-0.0106,0,0.9793,0.9206,58.3,638.84
P0081,premium,moda_lusso,91,2282.4,2324.96,-0.0183,0,1.0637,0.92,54.6,638.84
P0081,premium,moda_lusso,92,2241.01,2324.96,-0.0361,0,1.0129,0.9206,79.3,638.84
P0081,premium,moda_lusso,93,2235.88,2324.96,-0.0383,0,0.9785,0.9223,62.8,638.84
P0081,premium,moda_lusso,94,2288.38,2324.96,-0.0157,0,0.9294,0.9252,72.4,638.84
P0081,premium,moda_lusso,95,2310.42,2324.96,-0.0063,0,1.006,0.9292,56.0,638.84
P0081,premium,moda_lusso,96,2174.49,2324.96,-0.0647,0,0.9978,0.9342,69.9,638.84
P0081,premium,moda_lusso,97,2308.88,2324.96,-0.0069,0,1.0494,0.9401,75.4,638.84
P0081,premium,moda_lusso,98,2243.31,2324.96,-0.0351,0,0.9042,0.947,84.1,638.84
P0081,premium,moda_lusso,99,2203.19,2324.96,-0.0524,0,1.0065,0.9546,61.0,638.84
P0081,premium,moda_lusso,100,2297.59,2324.96,-0.0118,0,1.0462,0.9628,77.3,638.84
P0081,premium,moda_lusso,101,2341.74,2324.96,0.0072,0,0.9571,0.9716,60.9,638.84
P0081,premium,moda_lusso,102,2176.1,2324.96,-0.064,1,0.9875,0.9809,97.0,638.84
P0081,premium,moda_lusso,103,2345.68,2324.96,0.0089,0,0.9626,0.9904,76.6,638.84
P0082,premium,orologeria_gioielli,0,1425.54,1411.26,0.0101,0,1.0256,1.0,139.1,376.75
P0082,premium,orologeria_gioielli,1,1490.29,1411.26,0.056,0,0.9687,1.0096,167.3,376.75
P0082,premium,orologeria_gioielli,2,1500.27,1411.26,0.0631,0,0.9572,1.0191,136.7,376.75
P0082,premium,orologeria_gioielli,3,1487.93,1411.26,0.0543,0,1.0409,1.0284,128.0,376.75
P0082,premium,orologeria_gioielli,4,1411.32,1411.26,0.0,0,0.9572,1.0372,168.0,376.75
P0082,premium,orologeria_gioielli,5,1347.51,1411.26,-0.0452,0,0.919,1.0454,199.9,376.75
P0082,premium,orologeria_gioielli,6,1387.08,1411.26,-0.0171,0,0.9485,1.053,188.0,376.75
P0082,premium,orologeria_gioielli,7,1351.78,1411.26,-0.0421,0,0.9839,1.0599,164.1,376.75
P0082,premium,orologeria_gioielli,8,1377.89,1411.26,-0.0236,0,1.0772,1.0658,149.9,376.75
P0082,premium,orologeria_gioielli,9,1356.74,1411.26,-0.0386,0,0.9613,1.0708,144.0,376.75
P0082,premium,orologeria_gioielli,10,1361.82,1411.26,-0.035,0,0.9934,1.0748,146.4,376.75
P0082,premium,orologeria_gioielli,11,1245.34,1411.26,-0.1176,1,1.0801,1.0777,263.3,376.75
P0082,premium,orologeria_gioielli,12,1345.44,1411.26,-0.0466,0,1.0989,1.0794,163.2,376.75
P0082,premium,orologeria_gioielli,13,1464.72,1411.26,0.0379,0,1.0034,1.08,166.3,376.75
P0082,premium,orologeria_gioielli,14,1395.14,1411.26,-0.0114,0,1.0474,1.0794,150.6,376.75
P0082,premium,orologeria_gioielli,15,1346.22,1411.26,-0.0461,0,0.9944,1.0777,204.6,376.75
P0082,premium,orologeria_gioielli,16,1424.67,1411.26,0.0095,0,1.0293,1.0748,160.5,376.75
P0082,premium,orologeria_gioielli,17,1242.66,1411.26,-0.1195,1,1.0098,1.0708,222.3,376.75
P0082,premium,orologeria_gioielli,18,1465.59,1411.26,0.0385,0,0.9545,1.0658,129.4,376.75
P0082,premium,orologeria_gioielli,19,1209.69,1411.26,-0.1428,1,0.9871,1.0599,196.9,376.75
P0082,premium,orologeria_gioielli,20,1479.48,1411.26,0.0483,0,1.0053,1.053,126.1,376.75
P0082,premium,orologeria_gioielli,21,1422.19,1411.26,0.0077,0,0.9017,1.0454,133.4,376.75
P0082,premium,orologeria_gioielli,22,1416.96,1411.26,0.004,0,1.1081,1.0372,132.3,376.75
P0082,premium,orologeria_gioielli,23,1383.41,1411.26,-0.0197,0,0.934,1.0284,188.4,376.75
P0082,premium,orologeria_gioielli,24,1215.24,1411.26,-0.1389,1,1.0181,1.0191,220.5,376.75
P0082,premium,orologeria_gioielli,25,1428.06,1411.26,0.0119,0,1.0338,1.0096,181.6,376.75
P0082,premium,orologeria_gioielli,26,1417.55,1411.26,0.0045,0,0.9956,1.0,167.8,376.75
P0082,premium,orologeria_gioielli,27,1463.55,1411.26,0.037,0,1.0399,0.9904,159.0,376.75
P0082,premium,orologeria_gioielli,28,1530.52,1411.26,0.0845,0,0.9157,0.9809,145.4,376.75
P0082,premium,orologeria_gioielli,29,1458.25,1411.26,0.0333,0,1.0276,0.9716,131.4,376.75
P0082,premium,orologeria_gioielli,30,1410.55,1411.26,-0.0005,0,1.0111,0.9628,142.4,376.75
P0082,premium,orologeria_gioielli,31,1366.96,1411.26,-0.0314,0,0.9974,0.9546,133.2,376.75
P0082,premium,orologeria_gioielli,32,1407.37,1411.26,-0.0028,0,0.9138,0.947,144.5,376.75
P0082,premium,orologeria_gioielli,33,1491.18,1411.26,0.0566,0,1.0464,0.9401,119.3,376.75
P0082,premium,orologeria_gioielli,34,1364.39,1411.26,-0.0332,0,1.0713,0.9342,121.7,376.75
P0082,premium,orologeria_gioielli,35,1448.51,1411.26,0.0264,0,1.0729,0.9292,169.4,376.75
P0082,premium,orologeria_gioielli,36,1404.51,1411.26,-0.0048,0,1.029,0.9252,142.3,376.75
P0082,premium,orologeria_gioielli,37,1405.55,1411.26,-0.004,0,1.0899,0.9223,149.1,376.75
P0082,premium,orologeria_gioielli,38,1357.79,1411.26,-0.0379,0,0.9809,0.9206,149.6,376.75
P0082,premium,orologeria_gioielli,39,1405.49,1411.26,-0.0041,0,1.04,0.92,151.4,376.75
P0082,premium,orologeria_gioielli,40,1448.48,1411.26,0.0264,0,1.0537,0.9206,138.7,376.75
P0082,premium,orologeria_gioielli,41,1397.59,1411.26,-0.0097,0,1.0219,0.9223,125.0,376.75
P0082,premium,orologeria_gioielli,42,1281.14,1411.26,-0.0922,1,1.0067,0.9252,189.3,376.75
P0082,premium,orologeria_gioielli,43,1411.06,1411.26,-0.0001,0,0.9357,0.9292,131.5,376.75
P0082,premium,orologeria_gioielli,44,1481.33,1411.26,0.0497,0,1.0346,0.9342,158.6,376.75
P0082,premium,orologeria_gioielli,45,1393.67,1411.26,-0.0125,0,1.1037,0.9401,129.7,376.75
P0082,premium,orologeria_gioielli,46,1310.68,1411.26,-0.0713,1,1.1009,0.947,174.6,376.75
P0082,premium,orologeria_gioielli,47,1430.62,1411.26,0.0137,0,0.9036,0.9546,140.1,376.75
P0082,premium,orologeria_gioielli,48,1444.75,1411.26,0.0237,0,1.087,0.9628,134.6,376.75
P0082,premium,orologeria_gioielli,49,1535.63,1411.26,0.0881,0,0.9644,0.9716,113.7,376.75
P0082,premium,orologeria_gioielli,50,1408.76,1411.26,-0.0018,0,1.0142,0.9809,191.3,376.75
P0082,premium,orologeria_gioielli,51,1320.44,1411.26,-0.0644,1,0.9299,0.9904,191.9,376.75
P0082,premium,orologeria_gioielli,52,1427.82,1411.26,0.0117,0,0.9723,1.0,128.0,376.75
P0082,premium,orologeria_gioielli,53,1411.77,1411.26,0.0004,0,0.9374,1.0096,130.4,376.75
P0082,premium,orologeria_gioielli,54,1328.73,1411.26,-0.0585,0,1.0114,1.0191,188.9,376.75
P0082,premium,orologeria_gioielli,55,1380.47,1411.26,-0.0218,0,1.0137,1.0284,134.7,376.75
P0082,premium,orologeria_gioielli,56,1291.34,1411.26,-0.085,1,0.948,1.0372,226.5,376.75
P0082,premium,orologeria_gioielli,57,1352.69,1411.26,-0.0415,0,0.9467,1.0454,152.6,376.75
P0082,premium,orologeria_gioielli,58,1448.52,1411.26,0.0264,0,1.0053,1.053,154.1,376.75
P0082,premium,orologeria_gioielli,59,1249.31,1411.26,-0.1148,1,0.9092,1.0599,243.2,376.75
P0082,premium,orologeria_gioielli,60,1436.1,1411.26,0.0176,0,1.0254,1.0658,170.6,376.75
P0082,premium,orologeria_gioielli,61,1343.54,1411.26,-0.048,0,1.0503,1.0708,165.9,376.75
P0082,premium,orologeria_gioielli,62,1511.72,1411.26,0.0712,0,1.0351,1.0748,142.7,376.75
P0082,premium,orologeria_gioielli,63,1408.98,1411.26,-0.0016,0,0.9784,1.0777,149.5,376.75
P0082,premium,orologeria_gioielli,64,1380.94,1411.26,-0.0215,0,1.0078,1.0794,182.6,376.75
P0082,premium,orologeria_gioielli,65,1508.89,1411.26,0.0692,0,1.0007,1.08,177.5,376.75
P0082,premium,orologeria_gioielli,66,1486.6,1411.26,0.0534,0,1.0986,1.0794,123.9,376.75
P0082,premium,orologeria_gioielli,67,1405.73,1411.26,-0.0039,0,1.0056,1.0777,153.7,376.75
P0082,premium,orologeria_gioielli,68,1300.41,1411.26,-0.0785,1,1.0049,1.0748,242.0,376.75
P0082,premium,orologeria_gioielli,69,1395.03,1411.26,-0.0115,0,0.9651,1.0708,143.2,376.75
P0082,premium,orologeria_gioielli,70,1328.0,1411.26,-0.059,1,1.0629,1.0658,182.3,376.75
P0082,premium,orologeria_gioielli,71,1285.87,1411.26,-0.0888,1,0.9411,1.0599,251.1,376.75
P0082,premium,orologeria_gioielli,72,1446.4,1411.26,0.0249,0,0.9891,1.053,162.0,376.75
P0082,premium,orologeria_gioielli,73,1405.26,1411.26,-0.0042,0,1.0498,1.0454,161.6,376.75
P0082,premium,orologeria_gioielli,74,1404.07,1411.26,-0.0051,0,0.9896,1.0372,131.1,376.75
P0082,premium,orologeria_gioielli,75,1257.11,1411.26,-0.1092,1,1.0406,1.0284,253.8,376.75
P0082,premium,orologeria_gioielli,76,1381.47,1411.26,-0.0211,0,0.9805,1.0191,171.4,376.75
P0082,premium,orologeria_gioielli,77,1410.38,1411.26,-0.0006,0,0.9563,1.0096,141.2,376.75
P0082,premium,orologeria_gioielli,78,1314.9,1411.26,-0.0683,0,0.883,1.0,173.2,376.75
P0082,premium,orologeria_gioielli,79,1434.4,1411.26,0.0164,0,1.0788,0.9904,128.7,376.75
P0082,premium,orologeria_gioielli,80,1397.61,1411.26,-0.0097,0,0.9658,0.9809,147.1,376.75
P0082,premium,orologeria_gioielli,81,1241.31,1411.26,-0.1204,1,1.0023,0.9716,232.1,376.75
P0082,premium,orologeria_gioielli,82,1402.3,1411.26,-0.0063,0,1.0318,0.9628,119.9,376.75
P0082,premium,orologeria_gioielli,83,1412.36,1411.26,0.0008,0,0.94,0.9546,135.2,376.75
P0082,premium,orologeria_gioielli,84,1373.34,1411.26,-0.0269,0,1.0205,0.947,160.9,376.75
P0082,premium,orologeria_gioielli,85,1368.55,1411.26,-0.0303,0,0.9968,0.9401,121.8,376.75
P0082,premium,orologeria_gioielli,86,1356.57,1411.26,-0.0388,0,0.9977,0.9342,124.1,376.75
P0082,premium,orologeria_gioielli,87,1467.22,1411.26,0.0397,0,1.0598,0.9292,114.9,376.75
P0082,premium,orologeria_gioielli,88,1453.38,1411.26,0.0298,0,1.0352,0.9252,124.5,376.75
P0082,premium,orologeria_gioielli,89,1415.32,1411.26,0.0029,0,0.9083,0.9223,146.0,376.75
P0082,premium,orologeria_gioielli,90,1392.04,1411.26,-0.0136,0,0.929,0.9206,164.6,376.75
P0082,premium,orologeria_gioielli,91,1446.28,1411.26,0.0248,0,0.9339,0.92,114.3,376.75
P0082,premium,orologeria_gioielli,92,1299.69,1411.26,-0.0791,1,0.9435,0.9206,183.2,376.75
P0082,premium,orologeria_gioielli,93,1376.61,1411.26,-0.0246,0,0.9871,0.9223,149.2,376.75
P0082,premium,orologeria_gioielli,94,1476.48,1411.26,0.0462,0,0.9915,0.9252,154.2,376.75
P0082,premium,orologeria_gioielli,95,1453.36,1411.26,0.0298,0,1.101,0.9292,122.6,376.75
P0082,premium,orologeria_gioielli,96,1362.32,1411.26,-0.0347,0,0.9949,0.9342,156.9,376.75
P0082,premium,orologeria_gioielli,97,1257.26,1411.26,-0.1091,1,0.9398,0.9401,197.2,376.75
P0082,premium,orologeria_gioielli,98,1382.72,1411.26,-0.0202,0,1.0336,0.947,152.5,376.75
P0082,premium,orologeria_gioielli,99,1394.6,1411.26,-0.0118,0,1.0504,0.9546,144.1,376.75
P0082,premium,orologeria_gioielli,100,1356.99,1411.26,-0.0385,0,0.8955,0.9628,123.4,376.75
P0082,premium,orologeria_gioielli,101,1366.43,1411.26,-0.0318,0,0.9177,0.9716,142.0,376.75
P0082,premium,orologeria_gioielli,102,1431.76,1411.26,0.0145,0,0.9986,0.9809,143.1,376.75
P0082,premium,orologeria_gioielli,103,1442.57,1411.26,0.0222,0,0.9912,0.9904,143.2,376.75
P0083,premium,elettronica_alta_gamma,0,1342.51,1306.3,0.0277,0,0.9908,1.0,18.9,355.13
P0083,premium,elettronica_alta_gamma,1,1213.89,1306.3,-0.0707,0,1.0548,1.0096,19.4,355.13
P0083,premium,elettronica_alta_gamma,2,1308.2,1306.3,0.0015,0,1.0696,1.0191,21.7,355.13
P0083,premium,elettronica_alta_gamma,3,1164.56,1306.3,-0.1085,1,0.9357,1.0284,28.1,355.13
P0083,premium,elettronica_alta_gamma,4,1284.9,1306.3,-0.0164,0,0.9405,1.0372,18.9,355.13
P0083,premium,elettronica_alta_gamma,5,1330.53,1306.3,0.0185,0,0.9919,1.0454,21.5,355.13
P0083,premium,elettronica_alta_gamma,6,1417.25,1306.3,0.0849,0,1.015,1.053,18.7,355.13
P0083,premium,elettronica_alta_gamma,7,1363.0,1306.3,0.0434,0,0.9613,1.0599,17.4,355.13
P0083,premium,elettronica_alta_gamma,8,1363.04,1306.3,0.0434,0,0.9665,1.0658,20.6,355.13
P0083,premium,elettronica_alta_gamma,9,1287.18,1306.3,-0.0146,0,0.9896,1.0708,22.5,355.13
P0083,premium,elettronica_alta_gamma,10,1324.66,1306.3,0.0141,0,1.0896,1.0748,24.3,355.13
P0083,premium,elettronica_alta_gamma,11,1261.93,1306.3,-0.034,0,0.9662,1.0777,18.5,355.13
P0083,premium,elettronica_alta_gamma,12,1321.45,1306.3,0.0116,0,1.0446,1.0794,22.1,355.13
P0083,premium,elettronica_alta_gamma,13,1204.46,1306.3,-0.078,1,0.9486,1.08,26.7,355.13
P0083,premium,elettronica_alta_gamma,14,1274.02,1306.3,-0.0247,0,0.9878,1.0794,22.7,355.13
P0083,premium,elettronica_alta_gamma,15,1306.31,1306.3,0.0,0,0.9529,1.0777,22.9,355.13
P0083,premium,elettronica_alta_gamma,16,1271.44,1306.3,-0.0267,0,0.9353,1.0748,25.3,355.13
P0083,premium,elettronica_alta_gamma,17,1317.03,1306.3,0.0082,0,0.9819,1.0708,24.2,355.13
P0083,premium,elettronica_alta_gamma,18,1296.67,1306.3,-0.0074,0,1.0484,1.0658,19.4,355.13
P0083,premium,elettronica_alta_gamma,19,1322.93,1306.3,0.0127,0,1.0057,1.0599,22.7,355.13
P0083,premium,elettronica_alta_gamma,20,1235.32,1306.3,-0.0543,0,1.0019,1.053,27.4,355.13
P0083,premium,elettronica_alta_gamma,21,1237.01,1306.3,-0.053,1,0.888,1.0454,27.3,355.13
P0083,premium,elettronica_alta_gamma,22,1332.75,1306.3,0.0202,0,0.9481,1.0372,20.5,355.13
P0083,premium,elettronica_alta_gamma,23,1143.43,1306.3,-0.1247,1,0.9453,1.0284,28.1,355.13
P0083,premium,elettronica_alta_gamma,24,1220.72,1306.3,-0.0655,0,1.0341,1.0191,21.6,355.13
P0083,premium,elettronica_alta_gamma,25,1281.86,1306.3,-0.0187,0,1.0313,1.0096,23.1,355.13
P0083,premium,elettronica_alta_gamma,26,1343.51,1306.3,0.0285,0,1.0192,1.0,16.7,355.13
P0083,premium,elettronica_alta_gamma,27,1126.55,1306.3,-0.1376,1,0.9591,0.9904,34.2,355.13
P0083,premium,elettronica_alta_gamma,28,1199.2,1306.3,-0.082,0,1.0407,0.9809,19.1,355.13
P0083,premium,elettronica_alta_gamma,29,1252.8,1306.3,-0.041,0,0.9787,0.9716,23.0,355.13
P0083,premium,elettronica_alta_gamma,30,1298.56,1306.3,-0.0059,0,1.0146,0.9628,17.7,355.13
P0083,premium,elettronica_alta_gamma,31,1307.02,1306.3,0.0005,0,1.0267,0.9546,23.8,355.13
P0083,premium,elettronica_alta_gamma,32,1327.48,1306.3,0.0162,0,0.9945,0.947,19.8,355.13
P0083,premium,elettronica_alta_gamma,33,1233.72,1306.3,-0.0556,0,0.9977,0.9401,22.2,355.13
P0083,premium,elettronica_alta_gamma,34,1261.28,1306.3,-0.0345,0,0.9709,0.9342,20.0,355.13
P0083,premium,elettronica_alta_gamma,35,1135.14,1306.3,-0.131,1,1.0046,0.9292,25.3,355.13
P0083,premium,elettronica_alta_gamma,36,1304.12,1306.3,-0.0017,0,0.9768,0.9252,25.7,355.13
P0083,premium,elettronica_alta_gamma,37,1285.44,1306.3,-0.016,0,1.0592,0.9223,19.2,355.13
P0083,premium,elettronica_alta_gamma,38,1297.98,1306.3,-0.0064,0,0.9875,0.9206,16.0,355.13
P0083,premium,elettronica_alta_gamma,39,1323.25,1306.3,0.013,0,0.9904,0.92,20.3,355.13
P0083,premium,elettronica_alta_gamma,40,1256.1,1306.3,-0.0384,0,1.0388,0.9206,18.2,355.13
P0083,premium,elettronica_alta_gamma,41,1307.83,1306.3,0.0012,0,1.0939,0.9223,20.2,355.13
P0083,premium,elettronica_alta_gamma,42,1342.87,1306.3,0.028,0,0.9864,0.9252,14.9,355.13
P0083,premium,elettronica_alta_gamma,43,1395.07,1306.3,0.068,0,0.8855,0.9292,18.9,355.13
P0083,premium,elettronica_alta_gamma,44,1305.23,1306.3,-0.0008,0,1.004,0.9342,20.4,355.13
P0083,premium,elettronica_alta_gamma,45,1369.1,1306.3,0.0481,0,1.0583,0.9401,17.8,355.13
P0083,premium,elettronica_alta_gamma,46,1292.0,1306.3,-0.0109,0,0.9758,0.947,16.5,355.13
P0083,premium,elettronica_alta_gamma,47,1292.58,1306.3,-0.0105,0,0.8789,0.9546,20.5,355.13
P0083,premium,elettronica_alta_gamma,48,1292.65,1306.3,-0.0105,0,0.9883,0.9628,18.6,355.13
P0083,premium,elettronica_alta_gamma,49,1382.32,1306.3,0.0582,0,1.035,0.9716,19.3,355.13
P0083,premium,elettronica_alta_gamma,50,1317.44,1306.3,0.0085,0,1.0408,0.9809,20.9,355.13
P0083,premium,elettronica_alta_gamma,51,1349.29,1306.3,0.0329,0,0.979,0.9904,19.6,355.13
P0083,premium,elettronica_alta_gamma,52,1266.8,1306.3,-0.0302,0,0.8735,1.0,21.5,355.13
P0083,premium,elettronica_alta_gamma,53,1355.93,1306.3,0.038,0,0.9449,1.0096,20.8,355.13
P0083,premium,elettronica_alta_gamma,54,1340.02,1306.3,0.0258,0,0.9674,1.0191,19.3,355.13
P0083,premium,elettronica_alta_gamma,55,1273.52,1306.3,-0.0251,0,1.0002,1.0284,21.3,355.13
P0083,premium,elettronica_alta_gamma,56,1282.92,1306.3,-0.0179,0,1.008,1.0372,24.8,355.13
P0083,premium,elettronica_alta_gamma,57,1328.71,1306.3,0.0172,0,0.9719,1.0454,19.6,355.13
P0083,premium,elettronica_alta_gamma,58,1258.55,1306.3,-0.0366,0,0.9763,1.053,24.4,355.13
P0083,premium,elettronica_alta_gamma,59,1264.66,1306.3,-0.0319,0,1.0105,1.0599,21.6,355.13
P0083,premium,elettronica_alta_gamma,60,1212.09,1306.3,-0.0721,1,0.9495,1.0658,25.0,355.13
P0083,premium,elettronica_alta_gamma,61,1299.63,1306.3,-0.0051,0,1.0298,1.0708,24.9,355.13
P0083,premium,elettronica_alta_gamma,62,1243.67,1306.3,-0.0479,0,0.9942,1.0748,25.1,355.13
P0083,premium,elettronica_alta_gamma,63,1314.71,1306.3,0.0064,0,0.918,1.0777,19.9,355.13
P0083,premium,elettronica_alta_gamma,64,1241.11,1306.3,-0.0499,0,1.0397,1.0794,22.0,355.13
P0083,premium,elettronica_alta_gamma,65,1280.39,1306.3,-0.0198,0,0.9857,1.08,21.5,355.13
P0083,premium,elettronica_alta_gamma,66,1332.75,1306.3,0.0202,0,0.9317,1.0794,17.8,355.13
P0083,premium,elettronica_alta_gamma,67,1312.07,1306.3,0.0044,0,1.0496,1.0777,26.5,355.13
P0083,premium,elettronica_alta_gamma,68,1214.03,1306.3,-0.0706,1,1.0467,1.0748,29.6,355.13
P0083,premium,elettronica_alta_gamma,69,1219.98,1306.3,-0.0661,0,1.0072,1.0708,18.7,355.13
P0083,premium,elettronica_alta_gamma,70,1274.99,1306.3,-0.024,0,1.0109,1.0658,25.2,355.13
P0083,premium,elettronica_alta_gamma,71,1230.54,1306.3,-0.058,1,0.8966,1.0599,29.0,355.13
P0083,premium,elettronica_alta_gamma,72,1281.17,1306.3,-0.0192,0,1.0583,1.053,18.5,355.13
P0083,premium,elettronica_alta_gamma,73,1295.1,1306.3,-0.0086,0,0.9719,1.0454,22.5,355.13
P0083,premium,elettronica_alta_gamma,74,1354.35,1306.3,0.0368,0,1.0251,1.0372,20.0,355.13
P0083,premium,elettronica_alta_gamma,75,1327.12,1306.3,0.0159,0,0.9905,1.0284,20.5,355.13
P0083,premium,elettronica_alta_gamma,76,1312.63,1306.3,0.0048,0,1.0154,1.0191,18.5,355.13
P0083,premium,elettronica_alta_gamma,77,1255.7,1306.3,-0.0387,0,1.022,1.0096,19.5,355.13
P0083,premium,elettronica_alta_gamma,78,1346.71,1306.3,0.0309,0,0.9999,1.0,23.7,355.13
P0083,premium,elettronica_alta_gamma,79,1346.61,1306.3,0.0309,0,0.9637,0.9904,20.4,355.13
P0083,premium,elettronica_alta_gamma,80,1307.19,1306.3,0.0007,0,0.9974,0.9809,21.8,355.13
P0083,premium,elettronica_alta_gamma,81,1446.82,1306.3,0.1076,0,0.9309,0.9716,18.8,355.13
P0083,premium,elettronica_alta_gamma,82,1330.9,1306.3,0.0188,0,0.9742,0.9628,19.6,355.13
P0083,premium,elettronica_alta_gamma,83,1391.94,1306.3,0.0656,0,0.9682,0.9546,18.0,355.13
P0083,premium,elettronica_alta_gamma,84,1269.71,1306.3,-0.028,0,0.9299,0.947,20.9,355.13
P0083,premium,elettronica_alta_gamma,85,1269.85,1306.3,-0.0279,0,0.9518,0.9401,19.8,355.13
P0083,premium,elettronica_alta_gamma,86,1307.5,1306.3,0.0009,0,0.9619,0.9342,19.7,355.13
P0083,premium,elettronica_alta_gamma,87,1309.51,1306.3,0.0025,0,0.993,0.9292,15.2,355.13
P0083,premium,elettronica_alta_gamma,88,1332.58,1306.3,0.0201,0,1.009,0.9252,19.0,355.13
P0083,premium,elettronica_alta_gamma,89,1122.45,1306.3,-0.1407,1,1.0174,0.9223,23.2,355.13
P0083,premium,elettronica_alta_gamma,90,1223.85,1306.3,-0.0631,0,0.9816,0.9206,20.7,355.13
P0083,premium,elettronica_alta_gamma,91,1334.47,1306.3,0.0216,0,0.9742,0.92,19.4,355.13
P0083,premium,elettronica_alta_gamma,92,1204.48,1306.3,-0.0779,0,1.0152,0.9206,24.8,355.13
P0083,premium,elettronica_alta_gamma,93,1222.15,1306.3,-0.0644,1,0.9594,0.9223,19.3,355.13
P0083,premium,elettronica_alta_gamma,94,1250.34,1306.3,-0.0428,0,1.0465,0.9252,20.9,355.13
P0083,premium,elettronica_alta_gamma,95,1362.36,1306.3,0.0429,0,0.9717,0.9292,18.3,355.13
P0083,premium,elettronica_alta_gamma,96,1333.06,1306.3,0.0205,0,1.0291,0.9342,16.8,355.13
P0083,premium,elettronica_alta_gamma,97,1260.44,1306.3,-0.0351,0,1.084,0.9401,15.9,355.13
P0083,premium,elettronica_alta_gamma,98,1332.87,1306.3,0.0203,0,0.9198,0.947,21.5,355.13
P0083,premium,elettronica_alta_gamma,99,1245.91,1306.3,-0.0462,0,1.0182,0.9546,17.8,355.13
P0083,premium,elettronica_alta_gamma,100,1283.18,1306.3,-0.0177,0,0.956,0.9628,16.9,355.13
P0083,premium,elettronica_alta_gamma,101,1321.15,1306.3,0.0114,0,1.013,0.9716,18.5,355.13
P0083,premium,elettronica_alta_gamma,102,1367.3,1306.3,0.0467,0,0.9632,0.9809,17.4,355.13
P0083,premium,elettronica_alta_gamma,103,1346.74,1306.3,0.031,0,0.9719,0.9904,16.2,355.13
P0084,premium,orologeria_gioielli,0,395.92,432.2,-0.084,1,1.0054,1.0,65.6,161.81
P0084,premium,orologeria_gioielli,1,437.26,432.2,0.0117,0,0.9481,1.0096,63.2,161.81
P0084,premium,orologeria_gioielli,2,436.66,432.2,0.0103,0,0.9672,1.0191,55.3,161.81
P0084,premium,orologeria_gioielli,3,417.23,432.2,-0.0346,0,0.9442,1.0284,48.2,161.81
P0084,premium,orologeria_gioielli,4,424.31,432.2,-0.0182,0,0.948,1.0372,53.7,161.81
P0084,premium,orologeria_gioielli,5,429.93,432.2,-0.0052,0,0.9952,1.0454,56.8,161.81
P0084,premium,orologeria_gioielli,6,452.97,432.2,0.0481,0,1.012,1.053,55.2,161.81
P0084,premium,orologeria_gioielli,7,443.39,432.2,0.0259,0,0.9578,1.0599,49.9,161.81
P0084,premium,orologeria_gioielli,8,455.52,432.2,0.054,0,1.0363,1.0658,55.7,161.81
P0084,premium,orologeria_gioielli,9,455.23,432.2,0.0533,0,0.9972,1.0708,54.3,161.81
P0084,premium,orologeria_gioielli,10,425.42,432.2,-0.0157,0,0.9623,1.0748,51.8,161.81
P0084,premium,orologeria_gioielli,11,415.15,432.2,-0.0395,0,0.9381,1.0777,62.9,161.81
P0084,premium,orologeria_gioielli,12,419.75,432.2,-0.0288,0,1.0444,1.0794,58.3,161.81
P0084,premium,orologeria_gioielli,13,413.66,432.2,-0.0429,0,1.0171,1.08,70.2,161.81
P0084,premium,orologeria_gioielli,14,447.31,432.2,0.035,0,0.9894,1.0794,63.2,161.81
P0084,premium,orologeria_gioielli,15,395.81,432.2,-0.0842,0,0.9639,1.0777,56.6,161.81
P0084,premium,orologeria_gioielli,16,429.88,432.2,-0.0054,0,1.0015,1.0748,52.3,161.81
P0084,premium,orologeria_gioielli,17,403.95,432.2,-0.0654,1,0.9662,1.0708,57.8,161.81
P0084,premium,orologeria_gioielli,18,407.13,432.2,-0.058,1,1.0068,1.0658,62.9,161.81
P0084,premium,orologeria_gioielli,19,413.59,432.2,-0.0431,0,1.0397,1.0599,52.6,161.81
P0084,premium,orologeria_gioielli,20,426.65,432.2,-0.0128,0,0.9799,1.053,57.4,161.81
P0084,premium,orologeria_gioielli,21,449.05,432.2,0.039,0,1.008,1.0454,53.6,161.81
P0084,premium,orologeria_gioielli,22,405.46,432.2,-0.0619,0,0.999,1.0372,48.6,161.81
P0084,premium,orologeria_gioielli,23,429.16,432.2,-0.007,0,1.0374,1.0284,50.6,161.81
P0084,premium,orologeria_gioielli,24,441.35,432.2,0.0212,0,1.0139,1.0191,55.4,161.81
P0084,premium,orologeria_gioielli,25,386.76,432.2,-0.1051,1,1.0322,1.0096,50.1,161.81
P0084,premium,orologeria_gioielli,26,447.55,432.2,0.0355,0,0.949,1.0,42.8,161.81
P0084,premium,orologeria_gioielli,27,440.08,432.2,0.0182,0,0.977,0.9904,60.5,161.81
P0084,premium,orologeria_gioielli,28,403.08,432.2,-0.0674,0,0.9808,0.9809,38.6,161.81
P0084,premium,orologeria_gioielli,29,430.02,432.2,-0.005,0,0.966,0.9716,47.9,161.81
P0084,premium,orologeria_gioielli,30,404.18,432.2,-0.0648,1,0.921,0.9628,47.5,161.81
P0084,premium,orologeria_gioielli,31,447.91,432.2,0.0363,0,0.9853,0.9546,42.9,161.81
P0084,premium,orologeria_gioielli,32,473.87,432.2,0.0964,0,0.9882,0.947,43.2,161.81
P0084,premium,orologeria_gioielli,33,415.07,432.2,-0.0396,0,0.9817,0.9401,35.6,161.81
P0084,premium,orologeria_gioielli,34,412.86,432.2,-0.0447,0,1.0629,0.9342,43.2,161.81
P0084,premium,orologeria_gioielli,35,430.61,432.2,-0.0037,0,1.0063,0.9292,51.6,161.81
P0084,premium,orologeria_gioielli,36,422.4,432.2,-0.0227,0,0.9594,0.9252,51.2,161.81
P0084,premium,orologeria_gioielli,37,382.49,432.2,-0.115,1,1.0066,0.9223,57.0,161.81
P0084,premium,orologeria_gioielli,38,423.21,432.2,-0.0208,0,0.9911,0.9206,41.9,161.81
P0084,premium,orologeria_gioielli,39,431.01,432.2,-0.0027,0,1.0094,0.92,57.4,161.81
P0084,premium,orologeria_gioielli,40,430.25,432.2,-0.0045,0,0.9174,0.9206,51.3,161.81
P0084,premium,orologeria_gioielli,41,431.14,432.2,-0.0025,0,1.0009,0.9223,47.2,161.81
P0084,premium,orologeria_gioielli,42,469.96,432.2,0.0874,0,1.0019,0.9252,50.5,161.81
P0084,premium,orologeria_gioielli,43,445.59,432.2,0.031,0,0.9938,0.9292,51.3,161.81
P0084,premium,orologeria_gioielli,44,430.63,432.2,-0.0036,0,0.9662,0.9342,36.9,161.81
P0084,premium,orologeria_gioielli,45,421.88,432.2,-0.0239,0,0.9428,0.9401,58.3,161.81
P0084,premium,orologeria_gioielli,46,377.54,432.2,-0.1265,1,1.0077,0.947,55.2,161.81
P0084,premium,orologeria_gioielli,47,386.78,432.2,-0.1051,1,0.9731,0.9546,69.1,161.81
P0084,premium,orologeria_gioielli,48,455.03,432.2,0.0528,0,0.9891,0.9628,42.4,161.81
P0084,premium,orologeria_gioielli,49,428.33,432.2,-0.009,0,1.0461,0.9716,56.6,161.81
P0084,premium,orologeria_gioielli,50,420.95,432.2,-0.026,0,0.9465,0.9809,54.4,161.81
P0084,premium,orologeria_gioielli,51,427.54,432.2,-0.0108,0,1.1453,0.9904,66.7,161.81
P0084,premium,orologeria_gioielli,52,422.18,432.2,-0.0232,0,0.9639,1.0,56.7,161.81
P0084,premium,orologeria_gioielli,53,424.46,432.2,-0.0179,0,0.9772,1.0096,53.2,161.81
P0084,premium,orologeria_gioielli,54,411.65,432.2,-0.0475,0,0.9412,1.0191,56.5,161.81
P0084,premium,orologeria_gioielli,55,371.09,432.2,-0.1414,1,0.9131,1.0284,55.0,161.81
P0084,premium,orologeria_gioielli,56,419.01,432.2,-0.0305,0,0.96,1.0372,60.9,161.81
P0084,premium,orologeria_gioielli,57,425.61,432.2,-0.0153,0,0.9875,1.0454,53.3,161.81
P0084,premium,orologeria_gioielli,58,413.9,432.2,-0.0424,0,0.9906,1.053,62.9,161.81
P0084,premium,orologeria_gioielli,59,411.68,432.2,-0.0475,0,1.0166,1.0599,53.8,161.81
P0084,premium,orologeria_gioielli,60,392.01,432.2,-0.093,1,0.9605,1.0658,75.4,161.81
P0084,premium,orologeria_gioielli,61,470.36,432.2,0.0883,0,0.9339,1.0708,45.7,161.81
P0084,premium,orologeria_gioielli,62,420.92,432.2,-0.0261,0,0.9974,1.0748,53.0,161.81
P0084,premium,orologeria_gioielli,63,411.1,432.2,-0.0488,0,1.0188,1.0777,55.4,161.81
P0084,premium,orologeria_gioielli,64,410.33,432.2,-0.0506,1,1.047,1.0794,71.7,161.81
P0084,premium,orologeria_gioielli,65,440.92,432.2,0.0202,0,0.9733,1.08,51.3,161.81
P0084,premium,orologeria_gioielli,66,441.11,432.2,0.0206,0,0.9334,1.0794,57.5,161.81
P0084,premium,orologeria_gioielli,67,413.24,432.2,-0.0439,0,0.9454,1.0777,55.8,161.81
P0084,premium,orologeria_gioielli,68,394.19,432.2,-0.0879,1,0.8962,1.0748,101.4,161.81
P0084,premium,orologeria_gioielli,69,446.3,432.2,0.0326,0,1.0814,1.0708,56.7,161.81
P0084,premium,orologeria_gioielli,70,452.71,432.2,0.0475,0,1.0675,1.0658,60.2,161.81
P0084,premium,orologeria_gioielli,71,413.46,432.2,-0.0434,0,0.9871,1.0599,67.6,161.81
P0084,premium,orologeria_gioielli,72,410.08,432.2,-0.0512,0,0.9734,1.053,65.8,161.81
P0084,premium,orologeria_gioielli,73,434.95,432.2,0.0064,0,1.0106,1.0454,54.1,161.81
P0084,premium,orologeria_gioielli,74,419.59,432.2,-0.0292,0,1.0505,1.0372,55.5,161.81
P0084,premium,orologeria_gioielli,75,440.47,432.2,0.0191,0,1.0704,1.0284,56.8,161.81
P0084,premium,orologeria_gioielli,76,434.73,432.2,0.0059,0,0.9526,1.0191,51.8,161.81
P0084,premium,orologeria_gioielli,77,442.45,432.2,0.0237,0,1.0726,1.0096,50.0,161.81
P0084,premium,orologeria_gioielli,78,389.43,432.2,-0.099,1,1.0812,1.0,67.5,161.81
P0084,premium,orologeria_gioielli,79,431.66,432.2,-0.0012,0,0.9887,0.9904,43.4,161.81
P0084,premium,orologeria_gioielli,80,434.91,432.2,0.0063,0,1.0027,0.9809,52.4,161.81
P0084,premium,orologeria_gioielli,81,433.61,432.2,0.0033,0,0.9826,0.9716,49.5,161.81
P0084,premium,orologeria_gioielli,82,426.45,432.2,-0.0133,0,1.0532,0.9628,50.1,161.81
P0084,premium,orologeria_gioielli,83,419.85,432.2,-0.0286,0,1.0532,0.9546,59.0,161.81
P0084,premium,orologeria_gioielli,84,438.26,432.2,0.014,0,0.9946,0.947,51.2,161.81
P0084,premium,orologeria_gioielli,85,398.39,432.2,-0.0782,0,1.038,0.9401,55.6,161.81
P0084,premium,orologeria_gioielli,86,417.91,432.2,-0.0331,0,0.9985,0.9342,45.5,161.81
P0084,premium,orologeria_gioielli,87,422.81,432.2,-0.0217,0,0.9458,0.9292,50.4,161.81
P0084,premium,orologeria_gioielli,88,417.38,432.2,-0.0343,0,0.974,0.9252,52.8,161.81
P0084,premium,orologeria_gioielli,89,436.78,432.2,0.0106,0,0.9484,0.9223,44.4,161.81
P0084,premium,orologeria_gioielli,90,388.4,432.2,-0.1013,1,1.0548,0.9206,61.4,161.81
P0084,premium,orologeria_gioielli,91,406.71,432.2,-0.059,0,1.046,0.92,43.5,161.81
P0084,premium,orologeria_gioielli,92,429.82,432.2,-0.0055,0,0.9208,0.9206,46.7,161.81
P0084,premium,orologeria_gioielli,93,422.34,432.2,-0.0228,0,1.0216,0.9223,52.3,161.81
P0084,premium,orologeria_gioielli,94,371.92,432.2,-0.1395,1,0.9676,0.9252,54.9,161.81
P0084,premium,orologeria_gioielli,95,433.31,432.2,0.0026,0,0.9167,0.9292,49.0,161.81
P0084,premium,orologeria_gioielli,96,413.95,432.2,-0.0422,0,1.0334,0.9342,48.7,161.81
P0084,premium,orologeria_gioielli,97,423.75,432.2,-0.0196,0,1.0131,0.9401,45.5,161.81
P0084,premium,orologeria_gioielli,98,435.89,432.2,0.0085,0,1.0022,0.947,43.9,161.81
P0084,premium,orologeria_gioielli,99,427.85,432.2,-0.0101,0,1.0862,0.9546,49.2,161.81
P0084,premium,orologeria_gioielli,100,436.13,432.2,0.0091,0,0.9839,0.9628,46.1,161.81
P0084,premium,orologeria_gioielli,101,439.28,432.2,0.0164,0,1.1041,0.9716,55.5,161.81
P0084,premium,orologeria_gioielli,102,443.06,432.2,0.0251,0,0.9655,0.9809,44.1,161.81
P0084,premium,orologeria_gioielli,103,442.61,432.2,0.0241,0,1.0711,0.9904,56.6,161.81
P0085,premium,elettronica_alta_gamma,0,2877.72,2718.21,0.0587,0,0.9778,1.0,101.3,808.75
P0085,premium,elettronica_alta_gamma,1,2841.11,2718.21,0.0452,0,0.9578,1.0096,97.8,808.75
P0085,premium,elettronica_alta_gamma,2,2791.6,2718.21,0.027,0,0.8518,1.0191,140.2,808.75
P0085,premium,elettronica_alta_gamma,3,2787.17,2718.21,0.0254,0,0.9002,1.0284,105.7,808.75
P0085,premium,elettronica_alta_gamma,4,2833.88,2718.21,0.0426,0,0.9995,1.0372,165.0,808.75
P0085,premium,elettronica_alta_gamma,5,2475.95,2718.21,-0.0891,1,0.9849,1.0454,187.2,808.75
P0085,premium,elettronica_alta_gamma,6,2647.54,2718.21,-0.026,0,1.0284,1.053,150.2,808.75
P0085,premium,elettronica_alta_gamma,7,2671.55,2718.21,-0.0172,0,1.0168,1.0599,150.0,808.75
P0085,premium,elettronica_alta_gamma,8,2698.07,2718.21,-0.0074,0,0.8968,1.0658,139.4,808.75
P0085,premium,elettronica_alta_gamma,9,2712.71,2718.21,-0.002,0,0.9609,1.0708,112.3,808.75
P0085,premium,elettronica_alta_gamma,10,2721.36,2718.21,0.0012,0,1.0695,1.0748,115.3,808.75
P0085,premium,elettronica_alta_gamma,11,2592.5,2718.21,-0.0462,0,1.0513,1.0777,173.0,808.75
P0085,premium,elettronica_alta_gamma,12,2767.82,2718.21,0.0182,0,1.0395,1.0794,141.2,808.75
P0085,premium,elettronica_alta_gamma,13,2722.88,2718.21,0.0017,0,1.0309,1.08,178.1,808.75
P0085,premium,elettronica_alta_gamma,14,2720.49,2718.21,0.0008,0,1.0099,1.0794,135.4,808.75
P0085,premium,elettronica_alta_gamma,15,2393.66,2718.21,-0.1194,1,1.0572,1.0777,241.3,808.75
P0085,premium,elettronica_alta_gamma,16,2715.97,2718.21,-0.0008,0,1.0144,1.0748,141.8,808.75
P0085,premium,elettronica_alta_gamma,17,2825.71,2718.21,0.0395,0,0.9188,1.0708,135.7,808.75
P0085,premium,elettronica_alta_gamma,18,2847.88,2718.21,0.0477,0,1.0624,1.0658,139.6,808.75
P0085,premium,elettronica_alta_gamma,19,2646.87,2718.21,-0.0262,0,0.9629,1.0599,123.6,808.75
P0085,premium,elettronica_alta_gamma,20,2857.91,2718.21,0.0514,0,1.0217,1.053,136.5,808.75
P0085,premium,elettronica_alta_gamma,21,2351.8,2718.21,-0.1348,1,0.8941,1.0454,220.9,808.75
P0085,premium,elettronica_alta_gamma,22,2413.52,2718.21,-0.1121,1,1.0113,1.0372,185.5,808.75
P0085,premium,elettronica_alta_gamma,23,2647.24,2718.21,-0.0261,0,0.9276,1.0284,119.7,808.75
P0085,premium,elettronica_alta_gamma,24,2581.68,2718.21,-0.0502,0,1.0264,1.0191,127.5,808.75
P0085,premium,elettronica_alta_gamma,25,2680.04,2718.21,-0.014,0,0.9443,1.0096,157.5,808.75
P0085,premium,elettronica_alta_gamma,26,2578.31,2718.21,-0.0515,0,1.0284,1.0,141.1,808.75
P0085,premium,elettronica_alta_gamma,27,2868.02,2718.21,0.0551,0,0.9512,0.9904,131.2,808.75
P0085,premium,elettronica_alta_gamma,28,2716.46,2718.21,-0.0006,0,0.9625,0.9809,115.7,808.75
P0085,premium,elettronica_alta_gamma,29,2537.38,2718.21,-0.0665,0,1.0173,0.9716,141.3,808.75
P0085,premium,elettronica_alta_gamma,30,2781.0,2718.21,0.0231,0,1.0729,0.9628,109.5,808.75
P0085,premium,elettronica_alta_gamma,31,2824.14,2718.21,0.039,0,1.0202,0.9546,112.7,808.75
P0085,premium,elettronica_alta_gamma,32,2390.02,2718.21,-0.1207,1,1.0714,0.947,187.2,808.75
P0085,premium,elettronica_alta_gamma,33,2822.68,2718.21,0.0384,0,0.8776,0.9401,129.4,808.75
P0085,premium,elettronica_alta_gamma,34,2765.77,2718.21,0.0175,0,1.0832,0.9342,111.9,808.75
P0085,premium,elettronica_alta_gamma,35,2549.47,2718.21,-0.0621,1,0.9274,0.9292,215.2,808.75
P0085,premium,elettronica_alta_gamma,36,2874.77,2718.21,0.0576,0,0.9833,0.9252,108.2,808.75
P0085,premium,elettronica_alta_gamma,37,2613.35,2718.21,-0.0386,0,0.9949,0.9223,140.4,808.75
P0085,premium,elettronica_alta_gamma,38,2672.25,2718.21,-0.0169,0,1.0558,0.9206,143.3,808.75
P0085,premium,elettronica_alta_gamma,39,2653.99,2718.21,-0.0236,0,0.971,0.92,115.7,808.75
P0085,premium,elettronica_alta_gamma,40,2604.35,2718.21,-0.0419,0,0.943,0.9206,116.1,808.75
P0085,premium,elettronica_alta_gamma,41,2802.35,2718.21,0.031,0,1.0408,0.9223,105.8,808.75
P0085,premium,elettronica_alta_gamma,42,2476.59,2718.21,-0.0889,0,0.9771,0.9252,160.4,808.75
P0085,premium,elettronica_alta_gamma,43,2614.27,2718.21,-0.0382,0,1.0688,0.9292,110.9,808.75
P0085,premium,elettronica_alta_gamma,44,2992.96,2718.21,0.1011,0,0.9945,0.9342,118.2,808.75
P0085,premium,elettronica_alta_gamma,45,2555.25,2718.21,-0.06,0,0.9602,0.9401,147.1,808.75
P0085,premium,elettronica_alta_gamma,46,2700.48,2718.21,-0.0065,0,0.9355,0.947,120.6,808.75
P0085,premium,elettronica_alta_gamma,47,2630.45,2718.21,-0.0323,0,0.9496,0.9546,131.9,808.75
P0085,premium,elettronica_alta_gamma,48,2717.59,2718.21,-0.0002,0,0.9115,0.9628,130.9,808.75
P0085,premium,elettronica_alta_gamma,49,2452.37,2718.21,-0.0978,1,1.0081,0.9716,206.2,808.75
P0085,premium,elettronica_alta_gamma,50,2724.56,2718.21,0.0023,0,0.9347,0.9809,126.3,808.75
P0085,premium,elettronica_alta_gamma,51,2446.36,2718.21,-0.1,1,0.9274,0.9904,188.1,808.75
P0085,premium,elettronica_alta_gamma,52,2796.08,2718.21,0.0286,0,1.0543,1.0,116.4,808.75
P0085,premium,elettronica_alta_gamma,53,2766.41,2718.21,0.0177,0,0.9814,1.0096,127.2,808.75
P0085,premium,elettronica_alta_gamma,54,2850.92,2718.21,0.0488,0,1.0405,1.0191,115.6,808.75
P0085,premium,elettronica_alta_gamma,55,2809.31,2718.21,0.0335,0,1.067,1.0284,129.3,808.75
P0085,premium,elettronica_alta_gamma,56,2570.58,2718.21,-0.0543,1,0.9913,1.0372,183.8,808.75
P0085,premium,elettronica_alta_gamma,57,2677.4,2718.21,-0.015,0,1.085,1.0454,130.1,808.75
P0085,premium,elettronica_alta_gamma,58,2900.53,2718.21,0.0671,0,0.9069,1.053,124.1,808.75
P0085,premium,elettronica_alta_gamma,59,2718.23,2718.21,0.0,0,0.9397,1.0599,129.7,808.75
P0085,premium,elettronica_alta_gamma,60,2740.88,2718.21,0.0083,0,1.0448,1.0658,101.7,808.75
P0085,premium,elettronica_alta_gamma,61,2701.59,2718.21,-0.0061,0,0.9968,1.0708,138.9,808.75
P0085,premium,elettronica_alta_gamma,62,2571.03,2718.21,-0.0541,0,1.0109,1.0748,133.9,808.75
P0085,premium,elettronica_alta_gamma,63,2629.05,2718.21,-0.0328,0,1.0346,1.0777,144.8,808.75
P0085,premium,elettronica_alta_gamma,64,2694.77,2718.21,-0.0086,0,0.9797,1.0794,136.2,808.75
P0085,premium,elettronica_alta_gamma,65,2572.23,2718.21,-0.0537,0,0.9676,1.08,171.9,808.75
P0085,premium,elettronica_alta_gamma,66,2372.92,2718.21,-0.127,1,0.997,1.0794,184.7,808.75
P0085,premium,elettronica_alta_gamma,67,2689.79,2718.21,-0.0105,0,1.038,1.0777,136.0,808.75
P0085,premium,elettronica_alta_gamma,68,2755.97,2718.21,0.0139,0,1.0014,1.0748,127.4,808.75
P0085,premium,elettronica_alta_gamma,69,2808.3,2718.21,0.0331,0,1.0524,1.0708,114.3,808.75
P0085,premium,elettronica_alta_gamma,70,2781.66,2718.21,0.0233,0,0.9431,1.0658,137.1,808.75
P0085,premium,elettronica_alta_gamma,71,2602.45,2718.21,-0.0426,0,1.0889,1.0599,139.9,808.75
P0085,premium,elettronica_alta_gamma,72,2611.54,2718.21,-0.0392,0,1.0776,1.053,181.9,808.75
P0085,premium,elettronica_alta_gamma,73,2702.55,2718.21,-0.0058,0,1.0664,1.0454,127.6,808.75
P0085,premium,elettronica_alta_gamma,74,2558.35,2718.21,-0.0588,0,0.9606,1.0372,152.2,808.75
P0085,premium,elettronica_alta_gamma,75,2683.91,2718.21,-0.0126,0,0.9242,1.0284,145.3,808.75
P0085,premium,elettronica_alta_gamma,76,2864.79,2718.21,0.0539,0,0.9659,1.0191,131.5,808.75
P0085,premium,elettronica_alta_gamma,77,2624.49,2718.21,-0.0345,0,0.9712,1.0096,129.6,808.75
P0085,premium,elettronica_alta_gamma,78,2594.75,2718.21,-0.0454,0,1.0267,1.0,127.2,808.75
P0085,premium,elettronica_alta_gamma,79,2813.95,2718.21,0.0352,0,1.0286,0.9904,111.0,808.75
P0085,premium,elettronica_alta_gamma,80,2781.53,2718.21,0.0233,0,0.9647,0.9809,113.5,808.75
P0085,premium,elettronica_alta_gamma,81,2792.29,2718.21,0.0273,0,0.9249,0.9716,105.3,808.75
P0085,premium,elettronica_alta_gamma,82,2606.48,2718.21,-0.0411,0,1.0402,0.9628,166.6,808.75
P0085,premium,elettronica_alta_gamma,83,2630.4,2718.21,-0.0323,0,1.0088,0.9546,146.0,808.75
P0085,premium,elettronica_alta_gamma,84,2764.24,2718.21,0.0169,0,0.96,0.947,108.0,808.75
P0085,premium,elettronica_alta_gamma,85,2650.47,2718.21,-0.0249,0,0.8707,0.9401,120.9,808.75
P0085,premium,elettronica_alta_gamma,86,2818.91,2718.21,0.037,0,1.0823,0.9342,113.6,808.75
P0085,premium,elettronica_alta_gamma,87,2729.69,2718.21,0.0042,0,1.0177,0.9292,115.4,808.75
P0085,premium,elettronica_alta_gamma,88,2648.77,2718.21,-0.0255,0,1.099,0.9252,92.7,808.75
P0085,premium,elettronica_alta_gamma,89,2748.61,2718.21,0.0112,0,1.0186,0.9223,100.5,808.75
P0085,premium,elettronica_alta_gamma,90,2775.84,2718.21,0.0212,0,1.0671,0.9206,116.7,808.75
P0085,premium,elettronica_alta_gamma,91,2674.62,2718.21,-0.016,0,1.0166,0.92,140.0,808.75
P0085,premium,elettronica_alta_gamma,92,2831.02,2718.21,0.0415,0,0.9183,0.9206,102.2,808.75
P0085,premium,elettronica_alta_gamma,93,2441.02,2718.21,-0.102,1,1.0007,0.9223,155.8,808.75
P0085,premium,elettronica_alta_gamma,94,2348.22,2718.21,-0.1361,1,1.0332,0.9252,181.3,808.75
P0085,premium,elettronica_alta_gamma,95,2664.73,2718.21,-0.0197,0,1.1129,0.9292,141.7,808.75
P0085,premium,elettronica_alta_gamma,96,2643.2,2718.21,-0.0276,0,0.9087,0.9342,120.9,808.75
P0085,premium,elettronica_alta_gamma,97,2687.59,2718.21,-0.0113,0,1.0526,0.9401,108.4,808.75
P0085,premium,elettronica_alta_gamma,98,2710.62,2718.21,-0.0028,0,1.1055,0.947,138.9,808.75
P0085,premium,elettronica_alta_gamma,99,2781.64,2718.21,0.0233,0,0.9426,0.9546,108.3,808.75
P0085,premium,elettronica_alta_gamma,100,2505.01,2718.21,-0.0784,1,1.0675,0.9628,183.5,808.75
P0085,premium,elettronica_alta_gamma,101,2846.29,2718.21,0.0471,0,0.9212,0.9716,143.3,808.75
P0085,premium,elettronica_alta_gamma,102,2743.0,2718.21,0.0091,0,0.9752,0.9809,107.6,808.75
P0085,premium,elettronica_alta_gamma,103,2740.71,2718.21,0.0083,0,0.9947,0.9904,122.7,808.75
P0086,premium,elettronica_alta_gamma,0,1122.0,1042.03,0.0767,0,1.0626,1.0,164.9,299.6
P0086,premium,elettronica_alta_gamma,1,1064.9,1042.03,0.022,0,1.0336,1.0096,181.0,299.6
P0086,premium,elettronica_alta_gamma,2,1073.03,1042.03,0.0298,0,1.0781,1.0191,147.5,299.6
P0086,premium,elettronica_alta_gamma,3,1012.42,1042.03,-0.0284,0,0.9948,1.0284,153.6,299.6
P0086,premium,elettronica_alta_gamma,4,966.39,1042.03,-0.0726,1,1.0206,1.0372,246.7,299.6
P0086,premium,elettronica_alta_gamma,5,1018.25,1042.03,-0.0228,0,1.018,1.0454,152.9,299.6
P0086,premium,elettronica_alta_gamma,6,1043.59,1042.03,0.0015,0,0.9539,1.053,185.8,299.6
P0086,premium,elettronica_alta_gamma,7,1047.66,1042.03,0.0054,0,1.0612,1.0599,165.8,299.6
P0086,premium,elettronica_alta_gamma,8,1094.65,1042.03,0.0505,0,1.0691,1.0658,168.1,299.6
P0086,premium,elettronica_alta_gamma,9,1016.14,1042.03,-0.0248,0,0.9207,1.0708,194.2,299.6
P0086,premium,elettronica_alta_gamma,10,1046.31,1042.03,0.0041,0,0.9312,1.0748,169.5,299.6
P0086,premium,elettronica_alta_gamma,11,1064.27,1042.03,0.0213,0,1.0392,1.0777,262.0,299.6
P0086,premium,elettronica_alta_gamma,12,963.3,1042.03,-0.0756,0,0.9449,1.0794,191.8,299.6
P0086,premium,elettronica_alta_gamma,13,1035.76,1042.03,-0.006,0,0.9923,1.08,162.7,299.6
P0086,premium,elettronica_alta_gamma,14,1092.88,1042.03,0.0488,0,1.0866,1.0794,213.8,299.6
P0086,premium,elettronica_alta_gamma,15,1041.29,1042.03,-0.0007,0,0.9843,1.0777,191.1,299.6
P0086,premium,elettronica_alta_gamma,16,1033.8,1042.03,-0.0079,0,1.0727,1.0748,180.2,299.6
P0086,premium,elettronica_alta_gamma,17,1057.1,1042.03,0.0145,0,1.0338,1.0708,190.6,299.6
P0086,premium,elettronica_alta_gamma,18,995.14,1042.03,-0.045,0,1.0162,1.0658,177.6,299.6
P0086,premium,elettronica_alta_gamma,19,1069.67,1042.03,0.0265,0,1.0648,1.0599,161.0,299.6
P0086,premium,elettronica_alta_gamma,20,989.82,1042.03,-0.0501,0,1.0295,1.053,160.0,299.6
P0086,premium,elettronica_alta_gamma,21,1044.22,1042.03,0.0021,0,0.9801,1.0454,122.3,299.6
P0086,premium,elettronica_alta_gamma,22,1070.47,1042.03,0.0273,0,0.9919,1.0372,164.3,299.6
P0086,premium,elettronica_alta_gamma,23,979.61,1042.03,-0.0599,0,0.9091,1.0284,192.5,299.6
P0086,premium,elettronica_alta_gamma,24,1063.8,1042.03,0.0209,0,1.019,1.0191,183.1,299.6
P0086,premium,elettronica_alta_gamma,25,1013.39,1042.03,-0.0275,0,1.0111,1.0096,163.0,299.6
P0086,premium,elettronica_alta_gamma,26,1083.61,1042.03,0.0399,0,1.0787,1.0,122.3,299.6
P0086,premium,elettronica_alta_gamma,27,1030.82,1042.03,-0.0108,0,1.0581,0.9904,138.1,299.6
P0086,premium,elettronica_alta_gamma,28,1009.15,1042.03,-0.0316,0,1.041,0.9809,184.5,299.6
P0086,premium,elettronica_alta_gamma,29,1037.49,1042.03,-0.0044,0,1.0765,0.9716,141.2,299.6
P0086,premium,elettronica_alta_gamma,30,963.19,1042.03,-0.0757,1,0.9952,0.9628,219.1,299.6
P0086,premium,elettronica_alta_gamma,31,1021.47,1042.03,-0.0197,0,0.9155,0.9546,156.0,299.6
P0086,premium,elettronica_alta_gamma,32,1049.6,1042.03,0.0073,0,1.0317,0.947,184.1,299.6
P0086,premium,elettronica_alta_gamma,33,1049.61,1042.03,0.0073,0,0.9842,0.9401,147.9,299.6
P0086,premium,elettronica_alta_gamma,34,1058.37,1042.03,0.0157,0,0.9753,0.9342,162.9,299.6
P0086,premium,elettronica_alta_gamma,35,904.41,1042.03,-0.1321,1,1.0216,0.9292,201.9,299.6
P0086,premium,elettronica_alta_gamma,36,1041.48,1042.03,-0.0005,0,0.9599,0.9252,176.1,299.6
P0086,premium,elettronica_alta_gamma,37,958.77,1042.03,-0.0799,0,1.0401,0.9223,165.9,299.6
P0086,premium,elettronica_alta_gamma,38,893.52,1042.03,-0.1425,1,0.936,0.9206,234.2,299.6
P0086,premium,elettronica_alta_gamma,39,986.67,1042.03,-0.0531,0,1.106,0.92,129.4,299.6
P0086,premium,elettronica_alta_gamma,40,1019.79,1042.03,-0.0213,0,0.9772,0.9206,167.0,299.6
P0086,premium,elettronica_alta_gamma,41,1078.66,1042.03,0.0352,0,1.0186,0.9223,122.6,299.6
P0086,premium,elettronica_alta_gamma,42,1050.56,1042.03,0.0082,0,0.9688,0.9252,195.2,299.6
P0086,premium,elettronica_alta_gamma,43,1076.38,1042.03,0.033,0,1.0488,0.9292,143.7,299.6
P0086,premium,elettronica_alta_gamma,44,1053.56,1042.03,0.0111,0,0.9721,0.9342,132.5,299.6
P0086,premium,elettronica_alta_gamma,45,1063.44,1042.03,0.0205,0,1.0008,0.9401,150.4,299.6
P0086,premium,elettronica_alta_gamma,46,1031.56,1042.03,-0.01,0,1.0775,0.947,162.3,299.6
P0086,premium,elettronica_alta_gamma,47,976.09,1042.03,-0.0633,0,0.9901,0.9546,151.6,299.6
P0086,premium,elettronica_alta_gamma,48,1076.41,1042.03,0.033,0,1.004,0.9628,127.9,299.6
P0086,premium,elettronica_alta_gamma,49,984.33,1042.03,-0.0554,0,1.0347,0.9716,155.6,299.6
P0086,premium,elettronica_alta_gamma,50,1041.12,1042.03,-0.0009,0,0.9926,0.9809,166.1,299.6
P0086,premium,elettronica_alta_gamma,51,988.87,1042.03,-0.051,1,1.0112,0.9904,215.8,299.6
P0086,premium,elettronica_alta_gamma,52,1055.92,1042.03,0.0133,0,0.9488,1.0,188.4,299.6
P0086,premium,elettronica_alta_gamma,53,1011.26,1042.03,-0.0295,0,0.9185,1.0096,177.8,299.6
P0086,premium,elettronica_alta_gamma,54,955.84,1042.03,-0.0827,1,0.9512,1.0191,233.4,299.6
P0086,premium,elettronica_alta_gamma,55,1049.75,1042.03,0.0074,0,1.0015,1.0284,172.0,299.6
P0086,premium,elettronica_alta_gamma,56,1002.81,1042.03,-0.0376,0,1.0272,1.0372,166.8,299.6
P0086,premium,elettronica_alta_gamma,57,1098.6,1042.03,0.0543,0,0.9771,1.0454,156.7,299.6
P0086,premium,elettronica_alta_gamma,58,1043.45,1042.03,0.0014,0,1.0307,1.053,173.2,299.6
P0086,premium,elettronica_alta_gamma,59,940.4,1042.03,-0.0975,1,1.039,1.0599,228.5,299.6
P0086,premium,elettronica_alta_gamma,60,1034.54,1042.03,-0.0072,0,0.9678,1.0658,196.8,299.6
P0086,premium,elettronica_alta_gamma,61,1050.98,1042.03,0.0086,0,1.0491,1.0708,179.1,299.6
P0086,premium,elettronica_alta_gamma,62,1022.5,1042.03,-0.0187,0,1.0531,1.0748,171.8,299.6
P0086,premium,elettronica_alta_gamma,63,1052.49,1042.03,0.01,0,1.0141,1.0777,200.0,299.6
P0086,premium,elettronica_alta_gamma,64,987.34,1042.03,-0.0525,1,0.9876,1.0794,238.9,299.6
P0086,premium,elettronica_alta_gamma,65,1118.37,1042.03,0.0733,0,0.9825,1.08,167.2,299.6
P0086,premium,elettronica_alta_gamma,66,1032.3,1042.03,-0.0093,0,1.0157,1.0794,207.4,299.6
P0086,premium,elettronica_alta_gamma,67,1048.75,1042.03,0.0064,0,0.9885,1.0777,167.0,299.6
P0086,premium,elettronica_alta_gamma,68,1042.31,1042.03,0.0003,0,1.0587,1.0748,158.1,299.6
P0086,premium,elettronica_alta_gamma,69,1036.68,1042.03,-0.0051,0,1.0074,1.0708,156.0,299.6
P0086,premium,elettronica_alta_gamma,70,931.29,1042.03,-0.1063,1,1.0187,1.0658,239.6,299.6
P0086,premium,elettronica_alta_gamma,71,966.71,1042.03,-0.0723,0,1.108,1.0599,159.7,299.6
P0086,premium,elettronica_alta_gamma,72,1015.41,1042.03,-0.0255,0,1.0524,1.053,168.1,299.6
P0086,premium,elettronica_alta_gamma,73,1063.74,1042.03,0.0208,0,0.9364,1.0454,162.7,299.6
P0086,premium,elettronica_alta_gamma,74,974.42,1042.03,-0.0649,1,0.9519,1.0372,205.2,299.6
P0086,premium,elettronica_alta_gamma,75,969.18,1042.03,-0.0699,0,1.0679,1.0284,155.8,299.6
P0086,premium,elettronica_alta_gamma,76,1051.54,1042.03,0.0091,0,1.0026,1.0191,149.3,299.6
P0086,premium,elettronica_alta_gamma,77,948.11,1042.03,-0.0901,0,0.9439,1.0096,161.4,299.6
P0086,premium,elettronica_alta_gamma,78,1086.51,1042.03,0.0427,0,0.9171,1.0,195.2,299.6
P0086,premium,elettronica_alta_gamma,79,992.39,1042.03,-0.0476,0,0.895,0.9904,163.0,299.6
P0086,premium,elettronica_alta_gamma,80,1050.66,1042.03,0.0083,0,0.9775,0.9809,180.9,299.6
P0086,premium,elettronica_alta_gamma,81,933.99,1042.03,-0.1037,1,1.0487,0.9716,216.9,299.6
P0086,premium,elettronica_alta_gamma,82,1083.92,1042.03,0.0402,0,0.9853,0.9628,156.8,299.6
P0086,premium,elettronica_alta_gamma,83,962.98,1042.03,-0.0759,1,0.9949,0.9546,199.0,299.6
P0086,premium,elettronica_alta_gamma,84,1012.81,1042.03,-0.028,0,1.0548,0.947,145.0,299.6
P0086,premium,elettronica_alta_gamma,85,1017.8,1042.03,-0.0233,0,1.0615,0.9401,122.2,299.6
P0086,premium,elettronica_alta_gamma,86,1095.77,1042.03,0.0516,0,0.9718,0.9342,170.4,299.6
P0086,premium,elettronica_alta_gamma,87,1102.31,1042.03,0.0579,0,1.0475,0.9292,194.4,299.6
P0086,premium,elettronica_alta_gamma,88,1049.01,1042.03,0.0067,0,0.9138,0.9252,143.1,299.6
P0086,premium,elettronica_alta_gamma,89,955.45,1042.03,-0.0831,1,1.0492,0.9223,210.8,299.6
P0086,premium,elettronica_alta_gamma,90,1022.98,1042.03,-0.0183,0,0.9646,0.9206,143.5,299.6
P0086,premium,elettronica_alta_gamma,91,1039.04,1042.03,-0.0029,0,1.012,0.92,141.2,299.6
P0086,premium,elettronica_alta_gamma,92,1061.18,1042.03,0.0184,0,1.0442,0.9206,130.5,299.6
P0086,premium,elettronica_alta_gamma,93,1069.49,1042.03,0.0264,0,1.0295,0.9223,176.8,299.6
P0086,premium,elettronica_alta_gamma,94,1130.1,1042.03,0.0845,0,0.9854,0.9252,177.7,299.6
P0086,premium,elettronica_alta_gamma,95,898.41,1042.03,-0.1378,1,1.0227,0.9292,219.4,299.6
P0086,premium,elettronica_alta_gamma,96,992.6,1042.03,-0.0474,0,0.9463,0.9342,160.0,299.6
P0086,premium,elettronica_alta_gamma,97,1117.98,1042.03,0.0729,0,0.9525,0.9401,180.7,299.6
P0086,premium,elettronica_alta_gamma,98,983.53,1042.03,-0.0561,1,0.9918,0.947,193.6,299.6
P0086,premium,elettronica_alta_gamma,99,1027.63,1042.03,-0.0138,0,0.9295,0.9546,153.6,299.6
P0086,premium,elettronica_alta_gamma,100,990.89,1042.03,-0.0491,0,1.0291,0.9628,187.5,299.6
P0086,premium,elettronica_alta_gamma,101,1054.34,1042.03,0.0118,0,0.9098,0.9716,172.4,299.6
P0086,premium,elettronica_alta_gamma,102,1016.63,1042.03,-0.0244,0,0.9964,0.9809,173.6,299.6
P0086,premium,elettronica_alta_gamma,103,1032.7,1042.03,-0.009,0,1.0446,0.9904,170.5,299.6
P0087,premium,elettronica_alta_gamma,0,1151.41,1100.18,0.0466,0,0.9584,1.0,82.8,305.15
P0087,premium,elettronica_alta_gamma,1,1042.15,1100.18,-0.0527,0,1.0616,1.0096,94.0,305.15
P0087,premium,elettronica_alta_gamma,2,993.1,1100.18,-0.0973,1,1.0,1.0191,119.4,305.15
P0087,premium,elettronica_alta_gamma,3,1074.48,1100.18,-0.0234,0,0.9741,1.0284,85.3,305.15
P0087,premium,elettronica_alta_gamma,4,1113.02,1100.18,0.0117,0,0.9603,1.0372,75.6,305.15
P0087,premium,elettronica_alta_gamma,5,1174.88,1100.18,0.0679,0,1.0072,1.0454,92.4,305.15
P0087,premium,elettronica_alta_gamma,6,1097.27,1100.18,-0.0026,0,1.0141,1.053,84.0,305.15
P0087,premium,elettronica_alta_gamma,7,1149.06,1100.18,0.0444,0,1.0781,1.0599,88.2,305.15
P0087,premium,elettronica_alta_gamma,8,1097.24,1100.18,-0.0027,0,1.1023,1.0658,83.0,305.15
P0087,premium,elettronica_alta_gamma,9,1178.26,1100.18,0.071,0,1.033,1.0708,90.8,305.15
P0087,premium,elettronica_alta_gamma,10,1067.64,1100.18,-0.0296,0,0.9625,1.0748,91.1,305.15
P0087,premium,elettronica_alta_gamma,11,1025.46,1100.18,-0.0679,0,1.0847,1.0777,87.0,305.15
P0087,premium,elettronica_alta_gamma,12,1073.01,1100.18,-0.0247,0,1.0077,1.0794,100.8,305.15
P0087,premium,elettronica_alta_gamma,13,952.74,1100.18,-0.134,1,1.0255,1.08,128.5,305.15
P0087,premium,elettronica_alta_gamma,14,1057.29,1100.18,-0.039,0,0.9688,1.0794,86.3,305.15
P0087,premium,elettronica_alta_gamma,15,1161.5,1100.18,0.0557,0,1.0454,1.0777,78.4,305.15
P0087,premium,elettronica_alta_gamma,16,1097.14,1100.18,-0.0028,0,1.0336,1.0748,79.0,305.15
P0087,premium,elettronica_alta_gamma,17,1140.15,1100.18,0.0363,0,0.9561,1.0708,87.2,305.15
P0087,premium,elettronica_alta_gamma,18,1060.79,1100.18,-0.0358,0,0.9111,1.0658,99.3,305.15
P0087,premium,elettronica_alta_gamma,19,1117.85,1100.18,0.0161,0,1.0325,1.0599,77.8,305.15
P0087,premium,elettronica_alta_gamma,20,1085.67,1100.18,-0.0132,0,1.0582,1.053,93.7,305.15
P0087,premium,elettronica_alta_gamma,21,1123.03,1100.18,0.0208,0,1.0281,1.0454,88.1,305.15
P0087,premium,elettronica_alta_gamma,22,1072.22,1100.18,-0.0254,0,0.9881,1.0372,102.9,305.15
P0087,premium,elettronica_alta_gamma,23,1087.63,1100.18,-0.0114,0,1.0517,1.0284,94.0,305.15
P0087,premium,elettronica_alta_gamma,24,1128.29,1100.18,0.0255,0,1.0069,1.0191,90.2,305.15
P0087,premium,elettronica_alta_gamma,25,1037.28,1100.18,-0.0572,1,0.9085,1.0096,95.7,305.15
P0087,premium,elettronica_alta_gamma,26,1201.12,1100.18,0.0918,0,1.0184,1.0,72.7,305.15
P0087,premium,elettronica_alta_gamma,27,1065.78,1100.18,-0.0313,0,1.0625,0.9904,83.1,305.15
P0087,premium,elettronica_alta_gamma,28,1094.27,1100.18,-0.0054,0,1.0571,0.9809,66.5,305.15
P0087,premium,elettronica_alta_gamma,29,1120.96,1100.18,0.0189,0,0.9866,0.9716,82.7,305.15
P0087,premium,elettronica_alta_gamma,30,1140.57,1100.18,0.0367,0,1.0311,0.9628,81.6,305.15
P0087,premium,elettronica_alta_gamma,31,1048.08,1100.18,-0.0474,0,0.9624,0.9546,67.9,305.15
P0087,premium,elettronica_alta_gamma,32,1116.11,1100.18,0.0145,0,1.0693,0.947,80.7,305.15
P0087,premium,elettronica_alta_gamma,33,1105.34,1100.18,0.0047,0,0.9062,0.9401,73.4,305.15
P0087,premium,elettronica_alta_gamma,34,1112.83,1100.18,0.0115,0,0.986,0.9342,75.2,305.15
P0087,premium,elettronica_alta_gamma,35,1074.42,1100.18,-0.0234,0,1.0346,0.9292,65.0,305.15
P0087,premium,elettronica_alta_gamma,36,1068.94,1100.18,-0.0284,0,0.9159,0.9252,89.3,305.15
P0087,premium,elettronica_alta_gamma,37,1079.41,1100.18,-0.0189,0,0.9725,0.9223,74.2,305.15
P0087,premium,elettronica_alta_gamma,38,1075.77,1100.18,-0.0222,0,1.0225,0.9206,98.0,305.15
P0087,premium,elettronica_alta_gamma,39,1139.58,1100.18,0.0358,0,1.0176,0.92,60.9,305.15
P0087,premium,elettronica_alta_gamma,40,1094.4,1100.18,-0.0053,0,1.0732,0.9206,90.9,305.15
P0087,premium,elettronica_alta_gamma,41,1030.92,1100.18,-0.0629,1,0.9927,0.9223,111.6,305.15
P0087,premium,elettronica_alta_gamma,42,1142.45,1100.18,0.0384,0,1.06,0.9252,81.5,305.15
P0087,premium,elettronica_alta_gamma,43,1083.99,1100.18,-0.0147,0,1.0376,0.9292,85.6,305.15
P0087,premium,elettronica_alta_gamma,44,1145.24,1100.18,0.041,0,0.9844,0.9342,77.2,305.15
P0087,premium,elettronica_alta_gamma,45,1064.52,1100.18,-0.0324,0,0.9861,0.9401,75.9,305.15
P0087,premium,elettronica_alta_gamma,46,1081.87,1100.18,-0.0166,0,1.0254,0.947,79.9,305.15
P0087,premium,elettronica_alta_gamma,47,1051.62,1100.18,-0.0441,0,0.9959,0.9546,63.4,305.15
P0087,premium,elettronica_alta_gamma,48,1086.26,1100.18,-0.0127,0,0.9778,0.9628,92.2,305.15
P0087,premium,elettronica_alta_gamma,49,1008.48,1100.18,-0.0834,1,0.9714,0.9716,104.4,305.15
P0087,premium,elettronica_alta_gamma,50,1066.99,1100.18,-0.0302,0,1.0264,0.9809,61.2,305.15
P0087,premium,elettronica_alta_gamma,51,1078.75,1100.18,-0.0195,0,0.9957,0.9904,81.2,305.15
P0087,premium,elettronica_alta_gamma,52,1059.69,1100.18,-0.0368,0,1.0261,1.0,89.5,305.15
P0087,premium,elettronica_alta_gamma,53,1121.01,1100.18,0.0189,0,1.0279,1.0096,78.6,305.15
P0087,premium,elettronica_alta_gamma,54,1098.73,1100.18,-0.0013,0,1.0183,1.0191,83.2,305.15
P0087,premium,elettronica_alta_gamma,55,1118.16,1100.18,0.0163,0,1.0633,1.0284,76.5,305.15
P0087,premium,elettronica_alta_gamma,56,1205.81,1100.18,0.096,0,1.0145,1.0372,70.2,305.15
P0087,premium,elettronica_alta_gamma,57,1071.03,1100.18,-0.0265,0,1.019,1.0454,90.3,305.15
P0087,premium,elettronica_alta_gamma,58,1171.66,1100.18,0.065,0,1.0043,1.053,79.6,305.15
P0087,premium,elettronica_alta_gamma,59,1065.73,1100.18,-0.0313,0,0.9377,1.0599,86.4,305.15
P0087,premium,elettronica_alta_gamma,60,1130.37,1100.18,0.0274,0,0.9708,1.0658,95.7,305.15
P0087,premium,elettronica_alta_gamma,61,1125.04,1100.18,0.0226,0,1.0448,1.0708,110.7,305.15
P0087,premium,elettronica_alta_gamma,62,1132.76,1100.18,0.0296,0,1.0199,1.0748,99.1,305.15
P0087,premium,elettronica_alta_gamma,63,1145.46,1100.18,0.0412,0,0.9354,1.0777,77.1,305.15
P0087,premium,elettronica_alta_gamma,64,1097.3,1100.18,-0.0026,0,1.0023,1.0794,81.3,305.15
P0087,premium,elettronica_alta_gamma,65,1074.95,1100.18,-0.0229,0,0.9145,1.08,86.7,305.15
P0087,premium,elettronica_alta_gamma,66,1007.7,1100.18,-0.0841,1,1.0083,1.0794,143.1,305.15
P0087,premium,elettronica_alta_gamma,67,1128.57,1100.18,0.0258,0,1.0182,1.0777,93.4,305.15
P0087,premium,elettronica_alta_gamma,68,1089.94,1100.18,-0.0093,0,1.005,1.0748,111.7,305.15
P0087,premium,elettronica_alta_gamma,69,1048.89,1100.18,-0.0466,0,1.0348,1.0708,99.9,305.15
P0087,premium,elettronica_alta_gamma,70,1027.85,1100.18,-0.0657,0,1.0643,1.0658,92.9,305.15
P0087,premium,elettronica_alta_gamma,71,1000.85,1100.18,-0.0903,1,0.8988,1.0599,115.2,305.15
P0087,premium,elettronica_alta_gamma,72,1157.64,1100.18,0.0522,0,1.0121,1.053,76.2,305.15
P0087,premium,elettronica_alta_gamma,73,1005.49,1100.18,-0.0861,0,1.0254,1.0454,76.9,305.15
P0087,premium,elettronica_alta_gamma,74,1090.91,1100.18,-0.0084,0,1.0455,1.0372,111.5,305.15
P0087,premium,elettronica_alta_gamma,75,1117.37,1100.18,0.0156,0,1.1101,1.0284,78.4,305.15
P0087,premium,elettronica_alta_gamma,76,1109.27,1100.18,0.0083,0,1.0414,1.0191,90.3,305.15
P0087,premium,elettronica_alta_gamma,77,1069.28,1100.18,-0.0281,0,1.0658,1.0096,76.6,305.15
P0087,premium,elettronica_alta_gamma,78,1044.22,1100.18,-0.0509,0,0.9712,1.0,100.7,305.15
P0087,premium,elettronica_alta_gamma,79,1000.87,1100.18,-0.0903,1,1.0653,0.9904,109.1,305.15
P0087,premium,elettronica_alta_gamma,80,1054.59,1100.18,-0.0414,0,0.9683,0.9809,101.2,305.15
P0087,premium,elettronica_alta_gamma,81,1070.42,1100.18,-0.0271,0,1.0094,0.9716,68.3,305.15
P0087,premium,elettronica_alta_gamma,82,1069.43,1100.18,-0.0279,0,1.1344,0.9628,71.8,305.15
P0087,premium,elettronica_alta_gamma,83,1056.28,1100.18,-0.0399,0,1.0131,0.9546,84.9,305.15
P0087,premium,elettronica_alta_gamma,84,1130.12,1100.18,0.0272,0,1.004,0.947,85.3,305.15
P0087,premium,elettronica_alta_gamma,85,1093.52,1100.18,-0.0061,0,0.9663,0.9401,76.0,305.15
P0087,premium,elettronica_alta_gamma,86,1092.56,1100.18,-0.0069,0,1.0038,0.9342,65.0,305.15
P0087,premium,elettronica_alta_gamma,87,1132.21,1100.18,0.0291,0,0.8875,0.9292,87.0,305.15
P0087,premium,elettronica_alta_gamma,88,1164.47,1100.18,0.0584,0,1.0613,0.9252,71.3,305.15
P0087,premium,elettronica_alta_gamma,89,1161.53,1100.18,0.0558,0,1.0637,0.9223,83.1,305.15
P0087,premium,elettronica_alta_gamma,90,1058.3,1100.18,-0.0381,0,1.0103,0.9206,70.2,305.15
P0087,premium,elettronica_alta_gamma,91,1106.49,1100.18,0.0057,0,0.9793,0.92,73.9,305.15
P0087,premium,elettronica_alta_gamma,92,1051.87,1100.18,-0.0439,0,1.0848,0.9206,78.7,305.15
P0087,premium,elettronica_alta_gamma,93,1107.19,1100.18,0.0064,0,1.0761,0.9223,84.8,305.15
P0087,premium,elettronica_alta_gamma,94,1081.13,1100.18,-0.0173,0,0.9521,0.9252,70.1,305.15
P0087,premium,elettronica_alta_gamma,95,957.17,1100.18,-0.13,1,0.9778,0.9292,106.0,305.15
P0087,premium,elettronica_alta_gamma,96,1108.55,1100.18,0.0076,0,1.0811,0.9342,95.4,305.15
P0087,premium,elettronica_alta_gamma,97,983.83,1100.18,-0.1058,1,0.9917,0.9401,95.8,305.15
P0087,premium,elettronica_alta_gamma,98,978.11,1100.18,-0.111,1,1.0542,0.947,88.1,305.15
P0087,premium,elettronica_alta_gamma,99,1087.27,1100.18,-0.0117,0,1.0123,0.9546,81.4,305.15
P0087,premium,elettronica_alta_gamma,100,1173.23,1100.18,0.0664,0,0.9565,0.9628,68.8,305.15
P0087,premium,elettronica_alta_gamma,101,1156.12,1100.18,0.0508,0,0.9269,0.9716,81.3,305.15
P0087,premium,elettronica_alta_gamma,102,1133.08,1100.18,0.0299,0,1.0314,0.9809,80.0,305.15
P0087,premium,elettronica_alta_gamma,103,1074.83,1100.18,-0.023,0,1.04,0.9904,97.2,305.15
P0088,premium,orologeria_gioielli,0,1618.23,1641.67,-0.0143,0,0.9927,1.0,38.9,530.39
P0088,premium,orologeria_gioielli,1,1490.33,1641.67,-0.0922,1,1.0476,1.0096,43.6,530.39
P0088,premium,orologeria_gioielli,2,1534.43,1641.67,-0.0653,0,1.0054,1.0191,38.0,530.39
P0088,premium,orologeria_gioielli,3,1660.79,1641.67,0.0116,0,0.9449,1.0284,35.7,530.39
P0088,premium,orologeria_gioielli,4,1556.6,1641.67,-0.0518,0,0.9477,1.0372,34.2,530.39
P0088,premium,orologeria_gioielli,5,1689.69,1641.67,0.0293,0,1.1097,1.0454,33.1,530.39
P0088,premium,orologeria_gioielli,6,1649.42,1641.67,0.0047,0,0.9822,1.053,34.0,530.39
P0088,premium,orologeria_gioielli,7,1682.1,1641.67,0.0246,0,0.8944,1.0599,33.5,530.39
P0088,premium,orologeria_gioielli,8,1542.19,1641.67,-0.0606,1,1.0216,1.0658,56.9,530.39
P0088,premium,orologeria_gioielli,9,1647.78,1641.67,0.0037,0,0.9159,1.0708,33.5,530.39
P0088,premium,orologeria_gioielli,10,1563.58,1641.67,-0.0476,0,1.0619,1.0748,42.1,530.39
P0088,premium,orologeria_gioielli,11,1556.51,1641.67,-0.0519,0,0.964,1.0777,35.8,530.39
P0088,premium,orologeria_gioielli,12,1560.84,1641.67,-0.0492,0,0.9885,1.0794,43.4,530.39
P0088,premium,orologeria_gioielli,13,1667.23,1641.67,0.0156,0,0.9836,1.08,39.7,530.39
P0088,premium,orologeria_gioielli,14,1460.16,1641.67,-0.1106,1,1.006,1.0794,63.2,530.39
P0088,premium,orologeria_gioielli,15,1656.38,1641.67,0.009,0,0.9265,1.0777,34.9,530.39
P0088,premium,orologeria_gioielli,16,1497.96,1641.67,-0.0875,1,0.9741,1.0748,47.0,530.39
P0088,premium,orologeria_gioielli,17,1655.51,1641.67,0.0084,0,1.014,1.0708,42.9,530.39
P0088,premium,orologeria_gioielli,18,1571.12,1641.67,-0.043,0,1.0101,1.0658,41.8,530.39
P0088,premium,orologeria_gioielli,19,1632.81,1641.67,-0.0054,0,0.9928,1.0599,42.2,530.39
P0088,premium,orologeria_gioielli,20,1549.83,1641.67,-0.0559,0,0.9094,1.053,48.8,530.39
P0088,premium,orologeria_gioielli,21,1632.06,1641.67,-0.0059,0,1.0442,1.0454,29.6,530.39
P0088,premium,orologeria_gioielli,22,1570.03,1641.67,-0.0436,0,1.0901,1.0372,48.4,530.39
P0088,premium,orologeria_gioielli,23,1674.97,1641.67,0.0203,0,1.0154,1.0284,33.8,530.39
P0088,premium,orologeria_gioielli,24,1410.78,1641.67,-0.1406,1,0.9092,1.0191,54.1,530.39
P0088,premium,orologeria_gioielli,25,1699.59,1641.67,0.0353,0,1.0423,1.0096,30.0,530.39
P0088,premium,orologeria_gioielli,26,1623.27,1641.67,-0.0112,0,0.9225,1.0,36.1,530.39
P0088,premium,orologeria_gioielli,27,1616.29,1641.67,-0.0155,0,0.9878,0.9904,44.1,530.39
P0088,premium,orologeria_gioielli,28,1719.11,1641.67,0.0472,0,0.8879,0.9809,34.6,530.39
P0088,premium,orologeria_gioielli,29,1409.16,1641.67,-0.1416,1,0.9478,0.9716,49.0,530.39
P0088,premium,orologeria_gioielli,30,1464.39,1641.67,-0.108,1,0.9769,0.9628,51.1,530.39
P0088,premium,orologeria_gioielli,31,1615.97,1641.67,-0.0157,0,1.0512,0.9546,27.4,530.39
P0088,premium,orologeria_gioielli,32,1467.82,1641.67,-0.1059,1,1.0208,0.947,44.1,530.39
P0088,premium,orologeria_gioielli,33,1728.98,1641.67,0.0532,0,0.9572,0.9401,27.0,530.39
P0088,premium,orologeria_gioielli,34,1599.2,1641.67,-0.0259,0,1.0525,0.9342,32.4,530.39
P0088,premium,orologeria_gioielli,35,1504.36,1641.67,-0.0836,1,0.9806,0.9292,51.0,530.39
P0088,premium,orologeria_gioielli,36,1623.28,1641.67,-0.0112,0,1.0265,0.9252,33.5,530.39
P0088,premium,orologeria_gioielli,37,1432.51,1641.67,-0.1274,1,0.9991,0.9223,43.0,530.39
P0088,premium,orologeria_gioielli,38,1445.52,1641.67,-0.1195,1,0.9641,0.9206,44.8,530.39
P0088,premium,orologeria_gioielli,39,1681.6,1641.67,0.0243,0,1.0212,0.92,40.1,530.39
P0088,premium,orologeria_gioielli,40,1603.0,1641.67,-0.0236,0,0.9917,0.9206,35.2,530.39
P0088,premium,orologeria_gioielli,41,1718.75,1641.67,0.047,0,0.9491,0.9223,35.5,530.39
P0088,premium,orologeria_gioielli,42,1588.41,1641.67,-0.0324,0,0.9898,0.9252,38.7,530.39
P0088,premium,orologeria_gioielli,43,1572.03,1641.67,-0.0424,0,0.9398,0.9292,29.3,530.39
P0088,premium,orologeria_gioielli,44,1646.12,1641.67,0.0027,0,0.9437,0.9342,30.8,530.39
P0088,premium,orologeria_gioielli,45,1536.76,1641.67,-0.0639,1,1.0775,0.9401,35.6,530.39
P0088,premium,orologeria_gioielli,46,1646.94,1641.67,0.0032,0,1.0039,0.947,37.1,530.39
P0088,premium,orologeria_gioielli,47,1534.3,1641.67,-0.0654,0,0.9694,0.9546,34.3,530.39
P0088,premium,orologeria_gioielli,48,1698.97,1641.67,0.0349,0,1.0719,0.9628,32.2,530.39
P0088,premium,orologeria_gioielli,49,1641.02,1641.67,-0.0004,0,1.005,0.9716,38.7,530.39
P0088,premium,orologeria_gioielli,50,1669.6,1641.67,0.017,0,1.0006,0.9809,30.7,530.39
P0088,premium,orologeria_gioielli,51,1746.96,1641.67,0.0641,0,0.9336,0.9904,31.5,530.39
P0088,premium,orologeria_gioielli,52,1568.69,1641.67,-0.0445,0,0.9772,1.0,36.8,530.39
P0088,premium,orologeria_gioielli,53,1637.06,1641.67,-0.0028,0,0.9552,1.0096,37.2,530.39
P0088,premium,orologeria_gioielli,54,1426.22,1641.67,-0.1312,1,1.0462,1.0191,43.5,530.39
P0088,premium,orologeria_gioielli,55,1627.04,1641.67,-0.0089,0,1.0413,1.0284,38.4,530.39
P0088,premium,orologeria_gioielli,56,1642.03,1641.67,0.0002,0,0.9798,1.0372,33.9,530.39
P0088,premium,orologeria_gioielli,57,1688.1,1641.67,0.0283,0,0.9449,1.0454,38.8,530.39
P0088,premium,orologeria_gioielli,58,1540.36,1641.67,-0.0617,0,1.0744,1.053,26.3,530.39
P0088,premium,orologeria_gioielli,59,1523.02,1641.67,-0.0723,1,0.8847,1.0599,53.0,530.39
P0088,premium,orologeria_gioielli,60,1627.39,1641.67,-0.0087,0,1.0672,1.0658,38.1,530.39
P0088,premium,orologeria_gioielli,61,1631.88,1641.67,-0.006,0,1.0888,1.0708,39.4,530.39
P0088,premium,orologeria_gioielli,62,1403.65,1641.67,-0.145,1,0.9405,1.0748,53.0,530.39
P0088,premium,orologeria_gioielli,63,1438.16,1641.67,-0.124,1,0.9331,1.0777,57.4,530.39
P0088,premium,orologeria_gioielli,64,1673.93,1641.67,0.0196,0,0.9879,1.0794,43.7,530.39
P0088,premium,orologeria_gioielli,65,1574.72,1641.67,-0.0408,0,1.0469,1.08,31.0,530.39
P0088,premium,orologeria_gioielli,66,1687.67,1641.67,0.028,0,0.8903,1.0794,36.7,530.39
P0088,premium,orologeria_gioielli,67,1535.67,1641.67,-0.0646,0,0.9467,1.0777,39.6,530.39
P0088,premium,orologeria_gioielli,68,1705.28,1641.67,0.0387,0,1.0041,1.0748,33.8,530.39
P0088,premium,orologeria_gioielli,69,1654.55,1641.67,0.0078,0,1.1029,1.0708,33.9,530.39
P0088,premium,orologeria_gioielli,70,1580.72,1641.67,-0.0371,0,1.0592,1.0658,43.3,530.39
P0088,premium,orologeria_gioielli,71,1607.25,1641.67,-0.021,0,0.9528,1.0599,36.5,530.39
P0088,premium,orologeria_gioielli,72,1644.06,1641.67,0.0015,0,1.0644,1.053,33.6,530.39
P0088,premium,orologeria_gioielli,73,1791.37,1641.67,0.0912,0,1.0107,1.0454,36.2,530.39
P0088,premium,orologeria_gioielli,74,1563.38,1641.67,-0.0477,0,1.0077,1.0372,30.1,530.39
P0088,premium,orologeria_gioielli,75,1700.41,1641.67,0.0358,0,1.0224,1.0284,35.4,530.39
P0088,premium,orologeria_gioielli,76,1663.24,1641.67,0.0131,0,0.9048,1.0191,34.3,530.39
P0088,premium,orologeria_gioielli,77,1623.89,1641.67,-0.0108,0,1.0932,1.0096,40.2,530.39
P0088,premium,orologeria_gioielli,78,1579.59,1641.67,-0.0378,0,1.017,1.0,42.4,530.39
P0088,premium,orologeria_gioielli,79,1648.59,1641.67,0.0042,0,0.8979,0.9904,32.9,530.39
P0088,premium,orologeria_gioielli,80,1673.98,1641.67,0.0197,0,0.9656,0.9809,38.4,530.39
P0088,premium,orologeria_gioielli,81,1466.06,1641.67,-0.107,1,0.9192,0.9716,50.4,530.39
P0088,premium,orologeria_gioielli,82,1695.67,1641.67,0.0329,0,1.0328,0.9628,33.9,530.39
P0088,premium,orologeria_gioielli,83,1681.71,1641.67,0.0244,0,1.0454,0.9546,26.9,530.39
P0088,premium,orologeria_gioielli,84,1496.74,1641.67,-0.0883,1,1.0166,0.947,55.7,530.39
P0088,premium,orologeria_gioielli,85,1606.79,1641.67,-0.0212,0,1.0253,0.9401,35.0,530.39
P0088,premium,orologeria_gioielli,86,1449.3,1641.67,-0.1172,1,1.0658,0.9342,40.7,530.39
P0088,premium,orologeria_gioielli,87,1696.78,1641.67,0.0336,0,0.9813,0.9292,31.4,530.39
P0088,premium,orologeria_gioielli,88,1479.19,1641.67,-0.099,1,1.0058,0.9252,46.5,530.39
P0088,premium,orologeria_gioielli,89,1590.22,1641.67,-0.0313,0,0.9225,0.9223,37.5,530.39
P0088,premium,orologeria_gioielli,90,1661.06,1641.67,0.0118,0,1.0165,0.9206,28.3,530.39
P0088,premium,orologeria_gioielli,91,1483.55,1641.67,-0.0963,1,0.9051,0.92,45.9,530.39
P0088,premium,orologeria_gioielli,92,1400.56,1641.67,-0.1469,1,0.9721,0.9206,42.5,530.39
P0088,premium,orologeria_gioielli,93,1661.5,1641.67,0.0121,0,0.9983,0.9223,28.0,530.39
P0088,premium,orologeria_gioielli,94,1518.32,1641.67,-0.0751,1,1.0595,0.9252,43.4,530.39
P0088,premium,orologeria_gioielli,95,1612.16,1641.67,-0.018,0,0.9733,0.9292,37.0,530.39
P0088,premium,orologeria_gioielli,96,1574.47,1641.67,-0.0409,0,1.0183,0.9342,39.0,530.39
P0088,premium,orologeria_gioielli,97,1629.52,1641.67,-0.0074,0,1.0348,0.9401,36.0,530.39
P0088,premium,orologeria_gioielli,98,1545.93,1641.67,-0.0583,1,1.0194,0.947,42.7,530.39
P0088,premium,orologeria_gioielli,99,1552.23,1641.67,-0.0545,0,1.0298,0.9546,35.9,530.39
P0088,premium,orologeria_gioielli,100,1594.04,1641.67,-0.029,0,1.0051,0.9628,35.0,530.39
P0088,premium,orologeria_gioielli,101,1552.65,1641.67,-0.0542,1,0.963,0.9716,47.9,530.39
P0088,premium,orologeria_gioielli,102,1491.53,1641.67,-0.0915,0,1.0863,0.9809,36.4,530.39
P0088,premium,orologeria_gioielli,103,1603.67,1641.67,-0.0231,0,0.9596,0.9904,33.2,530.39
P0089,premium,elettronica_alta_gamma,0,1234.45,1226.89,0.0062,0,1.0249,1.0,79.2,542.09
P0089,premium,elettronica_alta_gamma,1,1190.68,1226.89,-0.0295,0,1.0735,1.0096,74.3,542.09
P0089,premium,elettronica_alta_gamma,2,1208.71,1226.89,-0.0148,0,1.1194,1.0191,95.3,542.09
P0089,premium,elettronica_alta_gamma,3,1262.2,1226.89,0.0288,0,1.0258,1.0284,87.9,542.09
P0089,premium,elettronica_alta_gamma,4,1138.18,1226.89,-0.0723,0,1.0029,1.0372,94.2,542.09
P0089,premium,elettronica_alta_gamma,5,1288.86,1226.89,0.0505,0,0.9776,1.0454,73.5,542.09
P0089,premium,elettronica_alta_gamma,6,1206.96,1226.89,-0.0162,0,0.9599,1.053,98.7,542.09
P0089,premium,elettronica_alta_gamma,7,1165.04,1226.89,-0.0504,1,0.9743,1.0599,110.0,542.09
P0089,premium,elettronica_alta_gamma,8,1300.16,1226.89,0.0597,0,0.9593,1.0658,104.1,542.09
P0089,premium,elettronica_alta_gamma,9,1161.16,1226.89,-0.0536,1,0.9845,1.0708,111.6,542.09
P0089,premium,elettronica_alta_gamma,10,1282.38,1226.89,0.0452,0,1.0079,1.0748,90.2,542.09
P0089,premium,elettronica_alta_gamma,11,1189.11,1226.89,-0.0308,0,1.0168,1.0777,86.2,542.09
P0089,premium,elettronica_alta_gamma,12,1244.87,1226.89,0.0147,0,1.0346,1.0794,70.6,542.09
P0089,premium,elettronica_alta_gamma,13,1108.61,1226.89,-0.0964,1,0.9281,1.08,123.8,542.09
P0089,premium,elettronica_alta_gamma,14,1146.38,1226.89,-0.0656,1,1.0717,1.0794,96.4,542.09
P0089,premium,elettronica_alta_gamma,15,1219.81,1226.89,-0.0058,0,0.9005,1.0777,101.9,542.09
P0089,premium,elettronica_alta_gamma,16,1313.89,1226.89,0.0709,0,1.0248,1.0748,77.8,542.09
P0089,premium,elettronica_alta_gamma,17,1282.06,1226.89,0.045,0,0.9768,1.0708,97.0,542.09
P0089,premium,elettronica_alta_gamma,18,1290.23,1226.89,0.0516,0,1.04,1.0658,64.0,542.09
P0089,premium,elettronica_alta_gamma,19,1141.59,1226.89,-0.0695,0,0.9694,1.0599,102.1,542.09
P0089,premium,elettronica_alta_gamma,20,1280.85,1226.89,0.044,0,1.0032,1.053,85.8,542.09
P0089,premium,elettronica_alta_gamma,21,1154.46,1226.89,-0.059,1,0.9987,1.0454,116.6,542.09
P0089,premium,elettronica_alta_gamma,22,1163.89,1226.89,-0.0513,1,0.9667,1.0372,102.8,542.09
P0089,premium,elettronica_alta_gamma,23,1088.3,1226.89,-0.113,1,1.0742,1.0284,106.0,542.09
P0089,premium,elettronica_alta_gamma,24,1128.77,1226.89,-0.08,0,1.0779,1.0191,89.7,542.09
P0089,premium,elettronica_alta_gamma,25,1165.89,1226.89,-0.0497,0,1.0699,1.0096,87.1,542.09
P0089,premium,elettronica_alta_gamma,26,1183.13,1226.89,-0.0357,0,1.0845,1.0,80.7,542.09
P0089,premium,elettronica_alta_gamma,27,1208.29,1226.89,-0.0152,0,1.0023,0.9904,86.0,542.09
P0089,premium,elettronica_alta_gamma,28,1236.97,1226.89,0.0082,0,1.0324,0.9809,79.7,542.09
P0089,premium,elettronica_alta_gamma,29,1205.92,1226.89,-0.0171,0,1.0676,0.9716,77.3,542.09
P0089,premium,elettronica_alta_gamma,30,1155.3,1226.89,-0.0583,0,1.0152,0.9628,97.5,542.09
P0089,premium,elettronica_alta_gamma,31,1189.21,1226.89,-0.0307,0,1.0193,0.9546,82.3,542.09
P0089,premium,elettronica_alta_gamma,32,1171.96,1226.89,-0.0448,0,1.0155,0.947,89.3,542.09
P0089,premium,elettronica_alta_gamma,33,1228.03,1226.89,0.0009,0,0.9472,0.9401,82.3,542.09
P0089,premium,elettronica_alta_gamma,34,1170.5,1226.89,-0.046,0,0.9849,0.9342,85.2,542.09
P0089,premium,elettronica_alta_gamma,35,1130.75,1226.89,-0.0784,1,0.968,0.9292,95.4,542.09
P0089,premium,elettronica_alta_gamma,36,1338.47,1226.89,0.0909,0,1.0067,0.9252,63.6,542.09
P0089,premium,elettronica_alta_gamma,37,1227.35,1226.89,0.0004,0,1.0378,0.9223,90.3,542.09
P0089,premium,elettronica_alta_gamma,38,1249.96,1226.89,0.0188,0,1.0,0.9206,91.6,542.09
P0089,premium,elettronica_alta_gamma,39,1229.23,1226.89,0.0019,0,0.9878,0.92,60.0,542.09
P0089,premium,elettronica_alta_gamma,40,1255.9,1226.89,0.0236,0,0.8815,0.9206,86.2,542.09
P0089,premium,elettronica_alta_gamma,41,1269.34,1226.89,0.0346,0,1.0038,0.9223,64.6,542.09
P0089,premium,elettronica_alta_gamma,42,1188.31,1226.89,-0.0314,0,0.9389,0.9252,88.6,542.09
P0089,premium,elettronica_alta_gamma,43,1291.2,1226.89,0.0524,0,0.9803,0.9292,67.4,542.09
P0089,premium,elettronica_alta_gamma,44,1191.09,1226.89,-0.0292,0,0.9845,0.9342,85.7,542.09
P0089,premium,elettronica_alta_gamma,45,1205.9,1226.89,-0.0171,0,0.9299,0.9401,89.9,542.09
P0089,premium,elettronica_alta_gamma,46,1253.43,1226.89,0.0216,0,1.0243,0.947,89.7,542.09
P0089,premium,elettronica_alta_gamma,47,1211.96,1226.89,-0.0122,0,0.9446,0.9546,76.1,542.09
P0089,premium,elettronica_alta_gamma,48,1191.8,1226.89,-0.0286,0,1.0158,0.9628,98.9,542.09
P0089,premium,elettronica_alta_gamma,49,1170.45,1226.89,-0.046,0,0.9793,0.9716,71.5,542.09
P0089,premium,elettronica_alta_gamma,50,1230.53,1226.89,0.003,0,0.9636,0.9809,77.2,542.09
P0089,premium,elettronica_alta_gamma,51,1270.31,1226.89,0.0354,0,1.0919,0.9904,68.2,542.09
P0089,premium,elettronica_alta_gamma,52,1216.33,1226.89,-0.0086,0,1.0634,1.0,68.1,542.09
P0089,premium,elettronica_alta_gamma,53,1081.41,1226.89,-0.1186,1,1.033,1.0096,117.3,542.09
P0089,premium,elettronica_alta_gamma,54,1222.34,1226.89,-0.0037,0,1.0781,1.0191,84.5,542.09
P0089,premium,elettronica_alta_gamma,55,1253.88,1226.89,0.022,0,1.0444,1.0284,75.7,542.09
P0089,premium,elettronica_alta_gamma,56,1241.36,1226.89,0.0118,0,0.9405,1.0372,84.6,542.09
P0089,premium,elettronica_alta_gamma,57,1210.07,1226.89,-0.0137,0,0.9816,1.0454,94.1,542.09
P0089,premium,elettronica_alta_gamma,58,1153.23,1226.89,-0.06,1,0.9776,1.053,121.8,542.09
P0089,premium,elettronica_alta_gamma,59,1310.71,1226.89,0.0683,0,1.0023,1.0599,83.1,542.09
P0089,premium,elettronica_alta_gamma,60,1167.16,1226.89,-0.0487,0,1.0846,1.0658,82.8,542.09
P0089,premium,elettronica_alta_gamma,61,1289.44,1226.89,0.051,0,0.9737,1.0708,82.9,542.09
P0089,premium,elettronica_alta_gamma,62,1132.68,1226.89,-0.0768,1,0.9501,1.0748,118.4,542.09
P0089,premium,elettronica_alta_gamma,63,1177.45,1226.89,-0.0403,0,0.9477,1.0777,95.1,542.09
P0089,premium,elettronica_alta_gamma,64,1086.04,1226.89,-0.1148,1,1.004,1.0794,114.9,542.09
P0089,premium,elettronica_alta_gamma,65,1222.47,1226.89,-0.0036,0,1.0549,1.08,74.6,542.09
P0089,premium,elettronica_alta_gamma,66,1252.49,1226.89,0.0209,0,0.9931,1.0794,84.2,542.09
P0089,premium,elettronica_alta_gamma,67,1258.77,1226.89,0.026,0,0.9395,1.0777,97.2,542.09
P0089,premium,elettronica_alta_gamma,68,1215.69,1226.89,-0.0091,0,0.9891,1.0748,92.0,542.09
P0089,premium,elettronica_alta_gamma,69,1241.83,1226.89,0.0122,0,0.9529,1.0708,85.0,542.09
P0089,premium,elettronica_alta_gamma,70,1145.74,1226.89,-0.0661,0,0.9419,1.0658,95.8,542.09
P0089,premium,elettronica_alta_gamma,71,1269.65,1226.89,0.0349,0,0.9422,1.0599,79.3,542.09
P0089,premium,elettronica_alta_gamma,72,1116.03,1226.89,-0.0904,0,0.9916,1.053,104.6,542.09
P0089,premium,elettronica_alta_gamma,73,1172.45,1226.89,-0.0444,0,0.9577,1.0454,87.6,542.09
P0089,premium,elettronica_alta_gamma,74,1060.24,1226.89,-0.1358,1,1.0317,1.0372,120.1,542.09
P0089,premium,elettronica_alta_gamma,75,1186.52,1226.89,-0.0329,0,0.9657,1.0284,76.4,542.09
P0089,premium,elettronica_alta_gamma,76,1214.39,1226.89,-0.0102,0,0.8201,1.0191,91.8,542.09
P0089,premium,elettronica_alta_gamma,77,1046.26,1226.89,-0.1472,1,1.024,1.0096,116.2,542.09
P0089,premium,elettronica_alta_gamma,78,1310.75,1226.89,0.0684,0,0.9898,1.0,82.5,542.09
P0089,premium,elettronica_alta_gamma,79,1214.2,1226.89,-0.0103,0,1.0081,0.9904,74.3,542.09
P0089,premium,elettronica_alta_gamma,80,1262.88,1226.89,0.0293,0,1.0258,0.9809,79.7,542.09
P0089,premium,elettronica_alta_gamma,81,1271.12,1226.89,0.0361,0,1.0305,0.9716,76.2,542.09
P0089,premium,elettronica_alta_gamma,82,1115.64,1226.89,-0.0907,1,1.0014,0.9628,105.4,542.09
P0089,premium,elettronica_alta_gamma,83,1269.5,1226.89,0.0347,0,1.0019,0.9546,77.9,542.09
P0089,premium,elettronica_alta_gamma,84,1272.45,1226.89,0.0371,0,0.9972,0.947,83.8,542.09
P0089,premium,elettronica_alta_gamma,85,1202.6,1226.89,-0.0198,0,0.9586,0.9401,108.2,542.09
P0089,premium,elettronica_alta_gamma,86,1214.93,1226.89,-0.0098,0,1.062,0.9342,76.5,542.09
P0089,premium,elettronica_alta_gamma,87,1202.49,1226.89,-0.0199,0,0.9992,0.9292,77.0,542.09
P0089,premium,elettronica_alta_gamma,88,1337.65,1226.89,0.0903,0,1.0121,0.9252,68.0,542.09
P0089,premium,elettronica_alta_gamma,89,1213.81,1226.89,-0.0107,0,0.914,0.9223,84.5,542.09
P0089,premium,elettronica_alta_gamma,90,1055.63,1226.89,-0.1396,1,1.0009,0.9206,110.4,542.09
P0089,premium,elettronica_alta_gamma,91,1147.57,1226.89,-0.0647,1,1.0479,0.92,105.7,542.09
P0089,premium,elettronica_alta_gamma,92,1263.07,1226.89,0.0295,0,0.9963,0.9206,65.2,542.09
P0089,premium,elettronica_alta_gamma,93,1214.3,1226.89,-0.0103,0,1.006,0.9223,105.5,542.09
P0089,premium,elettronica_alta_gamma,94,1135.41,1226.89,-0.0746,1,0.9798,0.9252,111.1,542.09
P0089,premium,elettronica_alta_gamma,95,1199.48,1226.89,-0.0223,0,0.9494,0.9292,75.9,542.09
P0089,premium,elettronica_alta_gamma,96,1216.96,1226.89,-0.0081,0,1.0071,0.9342,74.7,542.09
P0089,premium,elettronica_alta_gamma,97,1276.68,1226.89,0.0406,0,0.9885,0.9401,68.7,542.09
P0089,premium,elettronica_alta_gamma,98,1221.15,1226.89,-0.0047,0,0.9969,0.947,76.4,542.09
P0089,premium,elettronica_alta_gamma,99,1150.74,1226.89,-0.0621,1,0.9825,0.9546,102.1,542.09
P0089,premium,elettronica_alta_gamma,100,1223.91,1226.89,-0.0024,0,1.0036,0.9628,77.6,542.09
P0089,premium,elettronica_alta_gamma,101,1196.07,1226.89,-0.0251,0,0.9456,0.9716,75.0,542.09
P0089,premium,elettronica_alta_gamma,102,1171.59,1226.89,-0.0451,0,0.9154,0.9809,90.9,542.09
P0089,premium,elettronica_alta_gamma,103,1250.84,1226.89,0.0195,0,0.9758,0.9904,67.1,542.09
P0090,premium,moda_lusso,0,2569.08,2754.47,-0.0673,1,0.9957,1.0,120.5,1097.56
P0090,premium,moda_lusso,1,2897.2,2754.47,0.0518,0,0.9372,1.0096,98.0,1097.56
P0090,premium,moda_lusso,2,2709.12,2754.47,-0.0165,0,1.0232,1.0191,96.9,1097.56
P0090,premium,moda_lusso,3,2785.18,2754.47,0.0111,0,0.9311,1.0284,108.8,1097.56
P0090,premium,moda_lusso,4,2642.09,2754.47,-0.0408,0,1.0145,1.0372,103.7,1097.56
P0090,premium,moda_lusso,5,2791.27,2754.47,0.0134,0,0.9286,1.0454,117.4,1097.56
P0090,premium,moda_lusso,6,2503.23,2754.47,-0.0912,1,0.9932,1.053,154.7,1097.56
P0090,premium,moda_lusso,7,2958.39,2754.47,0.074,0,1.0745,1.0599,108.0,1097.56
P0090,premium,moda_lusso,8,2736.67,2754.47,-0.0065,0,0.97,1.0658,112.0,1097.56
P0090,premium,moda_lusso,9,2624.37,2754.47,-0.0472,0,1.0321,1.0708,126.1,1097.56
P0090,premium,moda_lusso,10,2741.94,2754.47,-0.0045,0,1.0265,1.0748,130.0,1097.56
P0090,premium,moda_lusso,11,2756.75,2754.47,0.0008,0,1.1066,1.0777,115.5,1097.56
P0090,premium,moda_lusso,12,2838.63,2754.47,0.0306,0,1.0201,1.0794,101.9,1097.56
P0090,premium,moda_lusso,13,2382.47,2754.47,-0.1351,1,0.997,1.08,127.0,1097.56
P0090,premium,moda_lusso,14,2739.87,2754.47,-0.0053,0,0.9969,1.0794,118.5,1097.56
P0090,premium,moda_lusso,15,2647.25,2754.47,-0.0389,0,0.9757,1.0777,132.5,1097.56
P0090,premium,moda_lusso,16,2548.29,2754.47,-0.0749,1,1.0023,1.0748,106.7,1097.56
P0090,premium,moda_lusso,17,2797.82,2754.47,0.0157,0,1.0142,1.0708,94.7,1097.56
P0090,premium,moda_lusso,18,2469.48,2754.47,-0.1035,1,1.0147,1.0658,161.7,1097.56
P0090,premium,moda_lusso,19,2833.63,2754.47,0.0287,0,0.9346,1.0599,82.4,1097.56
P0090,premium,moda_lusso,20,2676.72,2754.47,-0.0282,0,0.9678,1.053,116.1,1097.56
P0090,premium,moda_lusso,21,2751.71,2754.47,-0.001,0,0.9408,1.0454,92.8,1097.56
P0090,premium,moda_lusso,22,2702.21,2754.47,-0.019,0,1.0002,1.0372,115.2,1097.56
P0090,premium,moda_lusso,23,2752.5,2754.47,-0.0007,0,1.0907,1.0284,111.6,1097.56
P0090,premium,moda_lusso,24,2855.99,2754.47,0.0369,0,1.036,1.0191,94.3,1097.56
P0090,premium,moda_lusso,25,2718.41,2754.47,-0.0131,0,1.0151,1.0096,106.5,1097.56
P0090,premium,moda_lusso,26,2792.36,2754.47,0.0138,0,0.9307,1.0,132.1,1097.56
P0090,premium,moda_lusso,27,2491.0,2754.47,-0.0957,1,0.9431,0.9904,149.0,1097.56
P0090,premium,moda_lusso,28,2831.66,2754.47,0.028,0,1.0535,0.9809,92.7,1097.56
P0090,premium,moda_lusso,29,2709.14,2754.47,-0.0165,0,0.9506,0.9716,103.8,1097.56
P0090,premium,moda_lusso,30,2824.6,2754.47,0.0255,0,0.9583,0.9628,108.9,1097.56
P0090,premium,moda_lusso,31,2609.82,2754.47,-0.0525,1,0.9257,0.9546,151.9,1097.56
P0090,premium,moda_lusso,32,2812.23,2754.47,0.021,0,1.0339,0.947,83.3,1097.56
P0090,premium,moda_lusso,33,2701.37,2754.47,-0.0193,0,0.9847,0.9401,90.3,1097.56
P0090,premium,moda_lusso,34,2641.68,2754.47,-0.0409,0,1.0215,0.9342,91.0,1097.56
P0090,premium,moda_lusso,35,2978.26,2754.47,0.0812,0,0.9685,0.9292,94.7,1097.56
P0090,premium,moda_lusso,36,2854.55,2754.47,0.0363,0,0.9876,0.9252,105.1,1097.56
P0090,premium,moda_lusso,37,2401.67,2754.47,-0.1281,1,0.8904,0.9223,131.4,1097.56
P0090,premium,moda_lusso,38,2749.96,2754.47,-0.0016,0,1.0143,0.9206,95.8,1097.56
P0090,premium,moda_lusso,39,2793.81,2754.47,0.0143,0,1.0874,0.92,67.8,1097.56
P0090,premium,moda_lusso,40,2580.14,2754.47,-0.0633,1,0.9124,0.9206,122.6,1097.56
P0090,premium,moda_lusso,41,2843.02,2754.47,0.0321,0,1.0838,0.9223,98.4,1097.56
P0090,premium,moda_lusso,42,2880.24,2754.47,0.0457,0,1.0318,0.9252,112.0,1097.56
P0090,premium,moda_lusso,43,2637.24,2754.47,-0.0426,0,1.0008,0.9292,114.5,1097.56
P0090,premium,moda_lusso,44,2375.19,2754.47,-0.1377,1,1.0765,0.9342,121.6,1097.56
P0090,premium,moda_lusso,45,2701.18,2754.47,-0.0193,0,1.0338,0.9401,92.7,1097.56
P0090,premium,moda_lusso,46,2670.95,2754.47,-0.0303,0,0.9581,0.947,94.7,1097.56
P0090,premium,moda_lusso,47,2451.69,2754.47,-0.1099,1,1.0263,0.9546,161.8,1097.56
P0090,premium,moda_lusso,48,2659.18,2754.47,-0.0346,0,1.0005,0.9628,91.0,1097.56
P0090,premium,moda_lusso,49,2570.73,2754.47,-0.0667,1,1.004,0.9716,131.6,1097.56
P0090,premium,moda_lusso,50,2698.1,2754.47,-0.0205,0,0.9292,0.9809,101.9,1097.56
P0090,premium,moda_lusso,51,2767.35,2754.47,0.0047,0,0.9667,0.9904,92.2,1097.56
P0090,premium,moda_lusso,52,2788.89,2754.47,0.0125,0,0.971,1.0,91.9,1097.56
P0090,premium,moda_lusso,53,2690.99,2754.47,-0.023,0,0.9774,1.0096,92.2,1097.56
P0090,premium,moda_lusso,54,2873.64,2754.47,0.0433,0,0.9853,1.0191,89.3,1097.56
P0090,premium,moda_lusso,55,2931.51,2754.47,0.0643,0,1.057,1.0284,107.3,1097.56
P0090,premium,moda_lusso,56,2805.33,2754.47,0.0185,0,0.9962,1.0372,91.7,1097.56
P0090,premium,moda_lusso,57,2712.34,2754.47,-0.0153,0,0.9809,1.0454,109.1,1097.56
P0090,premium,moda_lusso,58,2809.88,2754.47,0.0201,0,1.023,1.053,100.7,1097.56
P0090,premium,moda_lusso,59,2806.83,2754.47,0.019,0,0.9669,1.0599,129.3,1097.56
P0090,premium,moda_lusso,60,2908.57,2754.47,0.0559,0,0.9304,1.0658,116.6,1097.56
P0090,premium,moda_lusso,61,2693.3,2754.47,-0.0222,0,1.0452,1.0708,108.6,1097.56
P0090,premium,moda_lusso,62,2804.41,2754.47,0.0181,0,0.9652,1.0748,117.4,1097.56
P0090,premium,moda_lusso,63,2834.69,2754.47,0.0291,0,0.9852,1.0777,115.6,1097.56
P0090,premium,moda_lusso,64,2762.03,2754.47,0.0027,0,1.0521,1.0794,89.7,1097.56
P0090,premium,moda_lusso,65,2686.87,2754.47,-0.0245,0,0.9326,1.08,101.9,1097.56
P0090,premium,moda_lusso,66,2731.78,2754.47,-0.0082,0,1.0169,1.0794,119.4,1097.56
P0090,premium,moda_lusso,67,2364.64,2754.47,-0.1415,1,0.9814,1.0777,116.9,1097.56
P0090,premium,moda_lusso,68,2759.02,2754.47,0.0017,0,0.8364,1.0748,128.3,1097.56
P0090,premium,moda_lusso,69,2643.37,2754.47,-0.0403,0,0.952,1.0708,123.1,1097.56
P0090,premium,moda_lusso,70,2691.92,2754.47,-0.0227,0,0.9322,1.0658,112.8,1097.56
P0090,premium,moda_lusso,71,2808.97,2754.47,0.0198,0,0.9718,1.0599,107.1,1097.56
P0090,premium,moda_lusso,72,2847.68,2754.47,0.0338,0,1.0665,1.053,130.1,1097.56
P0090,premium,moda_lusso,73,2929.3,2754.47,0.0635,0,1.0507,1.0454,98.3,1097.56
P0090,premium,moda_lusso,74,2621.77,2754.47,-0.0482,0,1.1182,1.0372,97.1,1097.56
P0090,premium,moda_lusso,75,2893.71,2754.47,0.0505,0,1.023,1.0284,81.5,1097.56
P0090,premium,moda_lusso,76,2788.87,2754.47,0.0125,0,1.0318,1.0191,102.6,1097.56
P0090,premium,moda_lusso,77,2510.83,2754.47,-0.0885,1,1.0887,1.0096,129.1,1097.56
P0090,premium,moda_lusso,78,2505.31,2754.47,-0.0905,1,0.9422,1.0,136.0,1097.56
P0090,premium,moda_lusso,79,2729.59,2754.47,-0.009,0,1.0464,0.9904,94.8,1097.56
P0090,premium,moda_lusso,80,2384.39,2754.47,-0.1344,1,1.1163,0.9809,123.7,1097.56
P0090,premium,moda_lusso,81,2927.68,2754.47,0.0629,0,0.9541,0.9716,99.2,1097.56
P0090,premium,moda_lusso,82,2478.02,2754.47,-0.1004,1,0.9607,0.9628,120.9,1097.56
P0090,premium,moda_lusso,83,2725.58,2754.47,-0.0105,0,1.0003,0.9546,85.8,1097.56
P0090,premium,moda_lusso,84,2871.44,2754.47,0.0425,0,1.0665,0.947,93.3,1097.56
P0090,premium,moda_lusso,85,2688.82,2754.47,-0.0238,0,0.9828,0.9401,102.8,1097.56
P0090,premium,moda_lusso,86,2632.62,2754.47,-0.0442,0,1.0417,0.9342,88.9,1097.56
P0090,premium,moda_lusso,87,2856.49,2754.47,0.037,0,1.0269,0.9292,96.7,1097.56
P0090,premium,moda_lusso,88,2642.32,2754.47,-0.0407,0,1.0199,0.9252,104.7,1097.56
P0090,premium,moda_lusso,89,2708.8,2754.47,-0.0166,0,0.9747,0.9223,98.4,1097.56
P0090,premium,moda_lusso,90,2810.61,2754.47,0.0204,0,0.9374,0.9206,95.4,1097.56
P0090,premium,moda_lusso,91,2652.99,2754.47,-0.0368,0,1.0089,0.92,103.4,1097.56
P0090,premium,moda_lusso,92,2647.02,2754.47,-0.039,0,0.9064,0.9206,96.5,1097.56
P0090,premium,moda_lusso,93,2845.52,2754.47,0.0331,0,0.9459,0.9223,123.0,1097.56
P0090,premium,moda_lusso,94,2799.1,2754.47,0.0162,0,0.9632,0.9252,93.1,1097.56
P0090,premium,moda_lusso,95,2424.17,2754.47,-0.1199,1,1.051,0.9292,137.5,1097.56
P0090,premium,moda_lusso,96,2695.07,2754.47,-0.0216,0,1.0324,0.9342,93.4,1097.56
P0090,premium,moda_lusso,97,2765.61,2754.47,0.004,0,1.031,0.9401,100.4,1097.56
P0090,premium,moda_lusso,98,2372.16,2754.47,-0.1388,1,0.9214,0.947,145.9,1097.56
P0090,premium,moda_lusso,99,2743.3,2754.47,-0.0041,0,1.0406,0.9546,81.2,1097.56
P0090,premium,moda_lusso,100,2762.37,2754.47,0.0029,0,0.9132,0.9628,82.7,1097.56
P0090,premium,moda_lusso,101,2696.08,2754.47,-0.0212,0,0.9827,0.9716,96.4,1097.56
P0090,premium,moda_lusso,102,2733.5,2754.47,-0.0076,0,0.9993,0.9809,94.8,1097.56
P0090,premium,moda_lusso,103,2734.81,2754.47,-0.0071,0,1.041,0.9904,101.4,1097.56
